/*
Navicat MySQL Data Transfer

Source Server         : localhot(3307)
Source Server Version : 50734
Source Host           : localhost:3307
Source Database       : ry-vue_20220220

Target Server Type    : MYSQL
Target Server Version : 50734
File Encoding         : 65001

Date: 2022-09-11 21:44:47
*/

SET FOREIGN_KEY_CHECKS=0;

-- ----------------------------
-- Table structure for act_evt_log
-- ----------------------------
DROP TABLE IF EXISTS `act_evt_log`;
CREATE TABLE `act_evt_log` (
  `LOG_NR_` bigint(20) NOT NULL AUTO_INCREMENT,
  `TYPE_` varchar(64) COLLATE utf8_bin DEFAULT NULL,
  `PROC_DEF_ID_` varchar(64) COLLATE utf8_bin DEFAULT NULL,
  `PROC_INST_ID_` varchar(64) COLLATE utf8_bin DEFAULT NULL,
  `EXECUTION_ID_` varchar(64) COLLATE utf8_bin DEFAULT NULL,
  `TASK_ID_` varchar(64) COLLATE utf8_bin DEFAULT NULL,
  `TIME_STAMP_` timestamp(3) NOT NULL DEFAULT CURRENT_TIMESTAMP(3) ON UPDATE CURRENT_TIMESTAMP(3),
  `USER_ID_` varchar(255) COLLATE utf8_bin DEFAULT NULL,
  `DATA_` longblob,
  `LOCK_OWNER_` varchar(255) COLLATE utf8_bin DEFAULT NULL,
  `LOCK_TIME_` timestamp(3) NULL DEFAULT NULL,
  `IS_PROCESSED_` tinyint(4) DEFAULT '0',
  PRIMARY KEY (`LOG_NR_`)
) ENGINE=InnoDB DEFAULT CHARSET=utf8 COLLATE=utf8_bin;

-- ----------------------------
-- Records of act_evt_log
-- ----------------------------

-- ----------------------------
-- Table structure for act_ge_bytearray
-- ----------------------------
DROP TABLE IF EXISTS `act_ge_bytearray`;
CREATE TABLE `act_ge_bytearray` (
  `ID_` varchar(64) COLLATE utf8_bin NOT NULL,
  `REV_` int(11) DEFAULT NULL,
  `NAME_` varchar(255) COLLATE utf8_bin DEFAULT NULL,
  `DEPLOYMENT_ID_` varchar(64) COLLATE utf8_bin DEFAULT NULL,
  `BYTES_` longblob,
  `GENERATED_` tinyint(4) DEFAULT NULL,
  PRIMARY KEY (`ID_`),
  KEY `ACT_FK_BYTEARR_DEPL` (`DEPLOYMENT_ID_`),
  CONSTRAINT `ACT_FK_BYTEARR_DEPL` FOREIGN KEY (`DEPLOYMENT_ID_`) REFERENCES `act_re_deployment` (`ID_`)
) ENGINE=InnoDB DEFAULT CHARSET=utf8 COLLATE=utf8_bin;

-- ----------------------------
-- Records of act_ge_bytearray
-- ----------------------------
INSERT INTO `act_ge_bytearray` VALUES ('2', '9', 'source', null, 0x7B227265736F757263654964223A2231222C2270726F70657274696573223A7B2270726F636573735F6964223A225947514A4C43222C226E616D65223A22E59198E5B7A5E8AFB7E58187E6B581E7A88B222C22646F63756D656E746174696F6E223A22222C2270726F636573735F617574686F72223A22222C2270726F636573735F76657273696F6E223A22222C2270726F636573735F6E616D657370616365223A2231222C22657865637574696F6E6C697374656E657273223A22222C226576656E746C697374656E657273223A22222C227369676E616C646566696E6974696F6E73223A22222C226D657373616765646566696E6974696F6E73223A22227D2C227374656E63696C223A7B226964223A2242504D4E4469616772616D227D2C226368696C64536861706573223A5B7B227265736F757263654964223A227369642D42313533323239342D423735462D344642332D423830412D453237373442463443313537222C2270726F70657274696573223A7B226F766572726964656964223A22222C226E616D65223A22E5BC80E5A78B222C22646F63756D656E746174696F6E223A22222C22657865637574696F6E6C697374656E657273223A22222C22696E69746961746F72223A226170706C79557365724964222C22666F726D6B6579646566696E6974696F6E223A22222C22666F726D70726F70657274696573223A22227D2C227374656E63696C223A7B226964223A2253746172744E6F6E654576656E74227D2C226368696C64536861706573223A5B5D2C226F7574676F696E67223A5B7B227265736F757263654964223A227369642D41394246413330392D423838452D343939392D383434462D354232444635363741343632227D5D2C22626F756E6473223A7B226C6F7765725269676874223A7B2278223A3139352E30303030303030303030303030362C2279223A3136372E30303030303030303030303030337D2C2275707065724C656674223A7B2278223A3136352E30303030303030303030303030362C2279223A3133372E30303030303030303030303030337D7D2C22646F636B657273223A5B5D7D2C7B227265736F757263654964223A227369642D45463139334635412D423544452D344139372D423033442D423941413346383338393032222C2270726F70657274696573223A7B226F766572726964656964223A22222C226E616D65223A22E4BC9AE7ADBEE4BBBBE58AA1222C22646F63756D656E746174696F6E223A22222C226173796E6368726F6E6F7573646566696E6974696F6E223A2266616C7365222C226578636C7573697665646566696E6974696F6E223A747275652C22657865637574696F6E6C697374656E657273223A22222C226D756C7469696E7374616E63655F74797065223A22506172616C6C656C222C226D756C7469696E7374616E63655F63617264696E616C697479223A22247B75736572732E73697A6528297D222C226D756C7469696E7374616E63655F636F6C6C656374696F6E223A227573657273222C226D756C7469696E7374616E63655F7661726961626C65223A2275736572222C226D756C7469696E7374616E63655F636F6E646974696F6E223A22222C226973666F72636F6D70656E736174696F6E223A2266616C7365222C22757365727461736B61737369676E6D656E74223A7B2261737369676E6D656E74223A7B2261737369676E6565223A22247B757365727D227D7D2C22666F726D6B6579646566696E6974696F6E223A22222C2264756564617465646566696E6974696F6E223A22222C227072696F72697479646566696E6974696F6E223A22222C22666F726D70726F70657274696573223A22222C227461736B6C697374656E657273223A7B227461736B4C697374656E657273223A5B7B226576656E74223A22636F6D706C657465222C22696D706C656D656E746174696F6E223A22247B636F756E7465725369676E436F6D706C6574654C697374656E65727D222C22636C6173734E616D65223A22222C2265787072657373696F6E223A22222C2264656C656761746545787072657373696F6E223A22247B636F756E7465725369676E436F6D706C6574654C697374656E65727D227D5D7D7D2C227374656E63696C223A7B226964223A22557365725461736B227D2C226368696C64536861706573223A5B5D2C226F7574676F696E67223A5B7B227265736F757263654964223A227369642D34434441364136442D323044362D343343312D423839362D454541383232314636314230227D5D2C22626F756E6473223A7B226C6F7765725269676874223A7B2278223A3334372E333337352C2279223A3139327D2C2275707065724C656674223A7B2278223A3234372E33333734393939393939393939382C2279223A3131327D7D2C22646F636B657273223A5B5D7D2C7B227265736F757263654964223A227369642D35333336364130332D453332322D343532452D383537332D364541363632424241423143222C2270726F70657274696573223A7B226F766572726964656964223A22222C226E616D65223A22222C22646F63756D656E746174696F6E223A22222C2273657175656E6365666C6F776F72646572223A22227D2C227374656E63696C223A7B226964223A224578636C757369766547617465776179227D2C226368696C64536861706573223A5B5D2C226F7574676F696E67223A5B7B227265736F757263654964223A227369642D41324632363730322D394241442D343237372D423641362D443830443034383332323636227D2C7B227265736F757263654964223A227369642D30344236453834462D393835462D343432442D413935382D464441414435444231384641227D5D2C22626F756E6473223A7B226C6F7765725269676874223A7B2278223A3434352E303030303030303030303030312C2279223A3137322E30303030303030303030303030337D2C2275707065724C656674223A7B2278223A3430352E303030303030303030303030312C2279223A3133322E30303030303030303030303030337D7D2C22646F636B657273223A5B5D7D2C7B227265736F757263654964223A227369642D45464136353042432D464537412D343337372D393042382D303744303044314245303035222C2270726F70657274696573223A7B226F766572726964656964223A22222C226E616D65223A22646C7868E5AEA1E689B9222C22646F63756D656E746174696F6E223A22222C226173796E6368726F6E6F7573646566696E6974696F6E223A2266616C7365222C226578636C7573697665646566696E6974696F6E223A2266616C7365222C22657865637574696F6E6C697374656E657273223A22222C226D756C7469696E7374616E63655F74797065223A224E6F6E65222C226D756C7469696E7374616E63655F63617264696E616C697479223A22222C226D756C7469696E7374616E63655F636F6C6C656374696F6E223A22222C226D756C7469696E7374616E63655F7661726961626C65223A22222C226D756C7469696E7374616E63655F636F6E646974696F6E223A22222C226973666F72636F6D70656E736174696F6E223A2266616C7365222C22757365727461736B61737369676E6D656E74223A7B2261737369676E6D656E74223A7B2263616E6469646174655573657273223A5B7B2276616C7565223A22646C7868222C222424686173684B6579223A2232354C227D5D7D7D2C22666F726D6B6579646566696E6974696F6E223A22222C2264756564617465646566696E6974696F6E223A22222C227072696F72697479646566696E6974696F6E223A22222C22666F726D70726F70657274696573223A22222C227461736B6C697374656E657273223A22227D2C227374656E63696C223A7B226964223A22557365725461736B227D2C226368696C64536861706573223A5B5D2C226F7574676F696E67223A5B7B227265736F757263654964223A227369642D41353237363735462D444144322D344331332D413630462D423045323838443633304435227D5D2C22626F756E6473223A7B226C6F7765725269676874223A7B2278223A3539302C2279223A3139327D2C2275707065724C656674223A7B2278223A3439302C2279223A3131322E30303030303030303030303030337D7D2C22646F636B657273223A5B5D7D2C7B227265736F757263654964223A227369642D31303541324234412D433437362D343336382D424634352D303043434333414445363235222C2270726F70657274696573223A7B226F766572726964656964223A22222C226E616D65223A22E8B083E695B4E794B3E8AFB7222C22646F63756D656E746174696F6E223A22222C226173796E6368726F6E6F7573646566696E6974696F6E223A2266616C7365222C226578636C7573697665646566696E6974696F6E223A2266616C7365222C22657865637574696F6E6C697374656E657273223A22222C226D756C7469696E7374616E63655F74797065223A224E6F6E65222C226D756C7469696E7374616E63655F63617264696E616C697479223A22222C226D756C7469696E7374616E63655F636F6C6C656374696F6E223A22222C226D756C7469696E7374616E63655F7661726961626C65223A22222C226D756C7469696E7374616E63655F636F6E646974696F6E223A22222C226973666F72636F6D70656E736174696F6E223A2266616C7365222C22757365727461736B61737369676E6D656E74223A7B2261737369676E6D656E74223A7B2264796E616D696355736572223A226170706C79557365724964222C2261737369676E6565223A22247B6170706C795573657249647D227D7D2C22666F726D6B6579646566696E6974696F6E223A22222C2264756564617465646566696E6974696F6E223A22222C227072696F72697479646566696E6974696F6E223A22222C22666F726D70726F70657274696573223A22222C227461736B6C697374656E657273223A22227D2C227374656E63696C223A7B226964223A22557365725461736B227D2C226368696C64536861706573223A5B5D2C226F7574676F696E67223A5B7B227265736F757263654964223A227369642D35414137384231382D333031442D344634422D394139462D343744323339353837413745227D5D2C22626F756E6473223A7B226C6F7765725269676874223A7B2278223A3437352E30303030303030303030303030362C2279223A3330357D2C2275707065724C656674223A7B2278223A3337352E30303030303030303030303030362C2279223A3232352E30303030303030303030303030337D7D2C22646F636B657273223A5B5D7D2C7B227265736F757263654964223A227369642D35414137384231382D333031442D344634422D394139462D343744323339353837413745222C2270726F70657274696573223A7B226F766572726964656964223A22222C226E616D65223A22222C22646F63756D656E746174696F6E223A22222C22636F6E646974696F6E73657175656E6365666C6F77223A22222C22657865637574696F6E6C697374656E657273223A22222C2264656661756C74666C6F77223A2266616C7365227D2C227374656E63696C223A7B226964223A2253657175656E6365466C6F77227D2C226368696C64536861706573223A5B5D2C226F7574676F696E67223A5B7B227265736F757263654964223A227369642D45463139334635412D423544452D344139372D423033442D423941413346383338393032227D5D2C22626F756E6473223A7B226C6F7765725269676874223A7B2278223A3337342E313331383335393337352C2279223A3236357D2C2275707065724C656674223A7B2278223A3239372E333337352C2279223A3139322E373236353632357D7D2C22646F636B657273223A5B7B2278223A35302C2279223A34307D2C7B2278223A3239372E333337352C2279223A3236357D2C7B2278223A35302C2279223A34307D5D2C22746172676574223A7B227265736F757263654964223A227369642D45463139334635412D423544452D344139372D423033442D423941413346383338393032227D7D2C7B227265736F757263654964223A227369642D37303937364531382D333934362D343936392D394630432D333931304239424541433842222C2270726F70657274696573223A7B226F766572726964656964223A22222C226E616D65223A22E7BB93E69D9F222C22646F63756D656E746174696F6E223A22222C22657865637574696F6E6C697374656E657273223A22227D2C227374656E63696C223A7B226964223A22456E644E6F6E654576656E74227D2C226368696C64536861706573223A5B5D2C226F7574676F696E67223A5B5D2C22626F756E6473223A7B226C6F7765725269676874223A7B2278223A3636332C2279223A3136367D2C2275707065724C656674223A7B2278223A3633352C2279223A3133387D7D2C22646F636B657273223A5B5D7D2C7B227265736F757263654964223A227369642D41353237363735462D444144322D344331332D413630462D423045323838443633304435222C2270726F70657274696573223A7B226F766572726964656964223A22222C226E616D65223A22222C22646F63756D656E746174696F6E223A22222C22636F6E646974696F6E73657175656E6365666C6F77223A22222C22657865637574696F6E6C697374656E657273223A22222C2264656661756C74666C6F77223A2266616C7365227D2C227374656E63696C223A7B226964223A2253657175656E6365466C6F77227D2C226368696C64536861706573223A5B5D2C226F7574676F696E67223A5B7B227265736F757263654964223A227369642D37303937364531382D333934362D343936392D394630432D333931304239424541433842227D5D2C22626F756E6473223A7B226C6F7765725269676874223A7B2278223A3633342E3337352C2279223A3135327D2C2275707065724C656674223A7B2278223A3539302E3339303632352C2279223A3135327D7D2C22646F636B657273223A5B7B2278223A35302C2279223A34307D2C7B2278223A31342C2279223A31347D5D2C22746172676574223A7B227265736F757263654964223A227369642D37303937364531382D333934362D343936392D394630432D333931304239424541433842227D7D2C7B227265736F757263654964223A227369642D34434441364136442D323044362D343343312D423839362D454541383232314636314230222C2270726F70657274696573223A7B226F766572726964656964223A22222C226E616D65223A22222C22646F63756D656E746174696F6E223A22222C22636F6E646974696F6E73657175656E6365666C6F77223A22222C22657865637574696F6E6C697374656E657273223A22222C2264656661756C74666C6F77223A2266616C7365222C2273686F776469616D6F6E646D61726B6572223A66616C73657D2C227374656E63696C223A7B226964223A2253657175656E6365466C6F77227D2C226368696C64536861706573223A5B5D2C226F7574676F696E67223A5B7B227265736F757263654964223A227369642D35333336364130332D453332322D343532452D383537332D364541363632424241423143227D5D2C22626F756E6473223A7B226C6F7765725269676874223A7B2278223A3430342E3437343631363938343937332C2279223A3135322E34313739373337333235303734357D2C2275707065724C656674223A7B2278223A3334372E33393936393934323132373730332C2279223A3135322E31393533303735313734393235357D7D2C22646F636B657273223A5B7B2278223A35302C2279223A34307D2C7B2278223A32302E352C2279223A32302E357D5D2C22746172676574223A7B227265736F757263654964223A227369642D35333336364130332D453332322D343532452D383537332D364541363632424241423143227D7D2C7B227265736F757263654964223A227369642D41394246413330392D423838452D343939392D383434462D354232444635363741343632222C2270726F70657274696573223A7B226F766572726964656964223A22222C226E616D65223A22222C22646F63756D656E746174696F6E223A22222C22636F6E646974696F6E73657175656E6365666C6F77223A22222C22657865637574696F6E6C697374656E657273223A7B22657865637574696F6E4C697374656E657273223A5B7B226576656E74223A2274616B65222C22696D706C656D656E746174696F6E223A22247B657865637574696F6E2E7365745661726961626C652827617070726F766564436F756E746572272C2030297D222C22636C6173734E616D65223A22222C2265787072657373696F6E223A22247B657865637574696F6E2E7365745661726961626C652827617070726F766564436F756E746572272C2030297D222C2264656C656761746545787072657373696F6E223A22227D5D7D2C2264656661756C74666C6F77223A2266616C7365227D2C227374656E63696C223A7B226964223A2253657175656E6365466C6F77227D2C226368696C64536861706573223A5B5D2C226F7574676F696E67223A5B7B227265736F757263654964223A227369642D45463139334635412D423544452D344139372D423033442D423941413346383338393032227D5D2C22626F756E6473223A7B226C6F7765725269676874223A7B2278223A3234362E38333537343231383735303030322C2279223A3135327D2C2275707065724C656674223A7B2278223A3139352E36363731383735303030303030342C2279223A3135327D7D2C22646F636B657273223A5B7B2278223A31352C2279223A31357D2C7B2278223A35302C2279223A34307D5D2C22746172676574223A7B227265736F757263654964223A227369642D45463139334635412D423544452D344139372D423033442D423941413346383338393032227D7D2C7B227265736F757263654964223A227369642D41324632363730322D394241442D343237372D423641362D443830443034383332323636222C2270726F70657274696573223A7B226F766572726964656964223A22222C226E616D65223A22222C22646F63756D656E746174696F6E223A22222C22636F6E646974696F6E73657175656E6365666C6F77223A22247B617070726F766564436F756E746572203D3D2075736572732E73697A6528297D222C22657865637574696F6E6C697374656E657273223A22222C2264656661756C74666C6F77223A2266616C7365227D2C227374656E63696C223A7B226964223A2253657175656E6365466C6F77227D2C226368696C64536861706573223A5B5D2C226F7574676F696E67223A5B7B227265736F757263654964223A227369642D45464136353042432D464537412D343337372D393042382D303744303044314245303035227D5D2C22626F756E6473223A7B226C6F7765725269676874223A7B2278223A3438392E38303037393037383433383831342C2279223A3135322E34313336303139373934303738327D2C2275707065724C656674223A7B2278223A3434352E3238353134363731353631322C2279223A3135322E32313932313035323035393231387D7D2C22646F636B657273223A5B7B2278223A32302E352C2279223A32302E357D2C7B2278223A35302E30303030303030303030303030312C2279223A33392E3939393939393939393939393938367D5D2C22746172676574223A7B227265736F757263654964223A227369642D45464136353042432D464537412D343337372D393042382D303744303044314245303035227D7D2C7B227265736F757263654964223A227369642D30344236453834462D393835462D343432442D413935382D464441414435444231384641222C2270726F70657274696573223A7B226F766572726964656964223A22222C226E616D65223A22222C22646F63756D656E746174696F6E223A22222C22636F6E646974696F6E73657175656E6365666C6F77223A22247B617070726F766564436F756E746572203C2075736572732E73697A6528297D222C22657865637574696F6E6C697374656E657273223A22222C2264656661756C74666C6F77223A2266616C7365227D2C227374656E63696C223A7B226964223A2253657175656E6365466C6F77227D2C226368696C64536861706573223A5B5D2C226F7574676F696E67223A5B7B227265736F757263654964223A227369642D31303541324234412D433437362D343336382D424634352D303043434333414445363235227D5D2C22626F756E6473223A7B226C6F7765725269676874223A7B2278223A3432352E34303936313830393934353037372C2279223A3232342E343439323238363236333936397D2C2275707065724C656674223A7B2278223A3432352E31383032323536353035343934362C2279223A3137322E383335393237363233363033317D7D2C22646F636B657273223A5B7B2278223A32302E352C2279223A32302E357D2C7B2278223A35302C2279223A33392E3939393939393939393939393938367D5D2C22746172676574223A7B227265736F757263654964223A227369642D31303541324234412D433437362D343336382D424634352D303043434333414445363235227D7D5D2C22626F756E6473223A7B226C6F7765725269676874223A7B2278223A313230302C2279223A313035307D2C2275707065724C656674223A7B2278223A302C2279223A307D7D2C227374656E63696C736574223A7B2275726C223A227374656E63696C736574732F62706D6E322E302F62706D6E322E302E6A736F6E222C226E616D657370616365223A22687474703A2F2F62336D6E2E6F72672F7374656E63696C7365742F62706D6E322E3023227D2C227373657874656E73696F6E73223A5B5D7D, null);
INSERT INTO `act_ge_bytearray` VALUES ('2501', '5', 'source-extra', null, 0x89504E470D0A1A0A0000000D49484452000002C9000001630806000000CF5A96F8000000206348524D00007A26000080840000FA00000080E8000075300000EA6000003A98000017709CBA513C0000000467414D410000B18E7CFB5193000000017352474200AECE1CE900000006624B474400FF00FF00FFA0BDA793000000097048597300000EC400000EC401952B0E1B000020004944415478DAEDDD077C5455DEFFF13349482694D03B22200A2C28A8589755F4A1B8B80A2E82095D2CE85F91F6605750515140C0B2B80A4A952E4554DAE3A2A08B2048092245522849208454D267FEE77733370E4312929032E5F37EBDEE6B3293490867E6CCF9DE737FF75CA50000000000000000000000000000000000000000000000000000000000000000000000000000000000000000000000000000000000000000000000000000000000000000000000000000000000000000000000000000000000000000000000000000000000000000000000000000000000000000000000000000000000000000000000000000000000000000000000000000000000000000000000000000000000000000000000000000000000000000000000000000000000000000000000000000000000000000000000000000000000000000000000000000000000000000000000000000000000000000000000000000000000000000000000000000000000000000000000000000000000000000000000000000000000000000000000000000000000000000000000000000000000000000000000000000000000000000000000000000000000000000000000000000000000000000000000000000000000000000000000000000000000000000000000000000000000000000000000000000000000000000000000000000000000000000000000000000000000000000000000000000000000000000000000000000000000000000000000000000000000000000000000000000000000000000A87C169A00F02D870E1D1A7CFEFCF9C7333232AED3B721369B8D46B9DC0F528B45050707275BADD67DFAEB9937DC70C30A5A05E5C96EB75B2322229E4E4D4D1DA4FB719BB4B4342B7DB94CFAB23D2828E86C6060E08EECECECA95DBA74F90FAD424806E0E5F6EEDDFB3FE9E9E90BF5077F234DD5AC5953D5A85143F9F9F9D1389749C2890E2B2A393959C5C5C5D9F5FD48DDAEA1B7DF7EFB0E5A07654D87E327E2E3E3A7E91DDDAAF4E5F2EBCBB1B1B159B9B9B907F5E7E6A09E3D7B86D33A8464005EE8C08103E3CE9C3933A579F3E696264D9A18339F283FA74E9D52515151B955AB567DF2E69B6FFE94164159898E8E5E7DECD8B1DEBA2F2BFA72C5F4E5C8C8C874BBDD1E76F7DD77AFA1457C8B3F4D00787F403E77EEDCBBEDDAB5F3AB5FBF3E836A059059BD3A75EAF8E901F6EF8F3FFEF8F13973E6ECA155501601596FBD755F56F4E50AEDCB554E9F3E7DEFA04183F6CF9F3FFF30AD424806E005B66EDDDA31353575B91E54FD4342422EFA7E4E569A3AF3C76615FBDB2A75FAC8B72A29668FB228BBB286346500BE4C818181AA76EDDA7E274F9EBC67C080016B162E5C789A5641694989456464E43809C805F5E5CCD438A31FC71E5CA3E223FEA3CE9F8B5041D51AA880A0101AAF0CFAB20ECA41B1B1B1BD060E1CF8357DD97750C004787307F7F35BD9BC79F30203B2DD96A38EEFFE4C9D8BFE49E564261B8F65A727A8B8C3DFA8F863DFD17865A05AB56AAA458B16D6A0A0A005B4064A4B4ED2931A6429B1282C204B5F4E8D3FA46CB95946DF3E9FF0878ADE354765249FA401CBAE2FDBFCFDFDDFA73508C9003CDC77DF7D77A3CD666B29758B05915963195C0B9210F98331CB8CCB27EDAF07D6D69B366DBA95D64069C82A1672925E617D39216A6B81FD5502737CC4161AB08C346BD6AC4E4040C0D5F4654232000F67B55A47356AD4C8AFB0B289CC945385FEACDD6E5359E7E369C432D2B87163AB9F9FDF43B4044A43967993552C0AEBCBE945CC1617B6238CD269D0A041ACBEE94B4B10920178B0DCDCDC3B6569A8C2D86C3945FF023B6BAE9615FD3A04E890FC775A02A521EB2017D597EDB9D9F4E30A52AF5EBDA6FAA62B2DE11B026802C03B656666369533B351F9AA57AFAE727272AEA625501A72A110FAB27BD0AF43637D539F96F00DCC24035ECA6EB7FB73710137F9A0CD7B1D7831502A72810BFAB25BF565261809C900BC59156BAD22BF1F10589D46023CA12F07D72EBC1F0731030D1092019448CDC69D5460B5828F1AD66C7283AA52B52E8D0478803ACD6FD73BB5D52E7ADCBF4AB0AA7365171A0820240328892AC17554DD2BFF56E0F71AFFE59FCA62E1E301F004D5EBB753D5EAB529F0F11A0DDAD3400021194049E5669F2FF8F1AC541A07F0A8BE9C7ED163399929340C4048065012729101B9B2DE99A31B0BFC7EC4F60F54E2C95F6828C0CD65A59D31AEAC977AE6E045DF4B3B7B4445FFF2A9F11C0025C7199A808FC9488951A7C297153970CAD5BB620FAE3606D9866DEE55014121341CE066924EEDD63BBA1B8ABC3AE6F9C42815B96396AA7F553755EB8A5B29A30208C9005CD96D39EA6CE40F2A216A9B31935C1C29A70FA8F4C44855BF754FE3643E00954F7670E54890ECC4168779E428E5CC41D5E09A5ECA6A2CF50BE052D8A5047C44DCE16F55FCB1EF8A1D904D324B15F3DB972A39761F8D08B80199192E6E407676FE5C848ADAF96F1A102024037066B7655FE6CFE7D088A870C3860DAB452B5CA8A43BBAF463A07428B7007C842CEB261BE0295E79E59541478E1C59F0DA6BAF0D9B3061C23C5A244FDB6E936804A00230930C00703BAFBEFA6AD8891327E6FDFDEF7F579191919FBDF8E28BC368150084640080CF1A3F7E7CDFE8E8E8054F3FFDB4DF902143D4A851A3FCE2E2E2668F19336600AD0380900C00F03932831C1F1FBF6CE4C891FE37DC90B7A24AC78E1D2528FB9F3B776E3E411900211900E0535E7BEDB5A1C78F1F5F2833C86640365D7BEDB56AF4E8D146507EEAA9A71EA0B50094374EDC8347B2DBEDD6FDFBF70FFDF5D75F07C4C4C4743A75EA54D5E4E4E4808C8C0C15101060AF51A346769D3A754E868484FCA49FFEC673CF3D77885603DC3B204BEDB19456C8CC7141E4F1B163C7FA4F9B366DE9902143FACD9F3F7F0D2D07948D81030736CBC9C9E963B158EED4773BE9AD91DEAAEB2D436FB17ADCDDA3BFF7A3BFBFFF92458B169D2024036E188EBFFCF2CB4F264D9A1476F6ECD98076EDDAA9AE5DBBAA2BAEB842E950ACAC56ABD241D99292921278FCF8F196E1E1E12D77EFDE3D60CC9831D1696969933EF9E493D9B422E0760179E0A502B2496694C78D1B5765EAD4A9CB860E1DFACF79F3E67D4D0B02A5171616D647DF3C65B3D9EED02138B080A758F5D6427FAF85BEED939B9B3B253434748BBE3F67F1E2C50B09C9801BD8BE7DFBF037DF7CF35F49494941BA831AB34A7A8FF6E2DEAC83B26CF5EBD75772C876C8902196BD7BF75EB964C9928F478C18312E2121E1BEE5CB971FA54581CA377AF4E83E111111F3468E1C79C980EC1C94FFF77FFF3770CA9429ABF4007FBF1EA8D7D39240C9E8715482EFC776BBBD67297EBCABFEB9AEFA778CD0A1F9616F1D5309C9707BBA2306AC5DBB76E3DCB973EFBAF7DE7B952C095550382E8A0CBE7AF3DFB06143DB65CB96ED7BFCF1C79F615619A85C3283EC08C8FEAE35C8C509CAE3C78FAF2241F9A1871EEAB774E9D275B428503CBACF84FAF9F9FDCB66B3D5361F9371B543870EEA965B6E51AD5BB756B56AD552356AD450E7CF9F57898989B214A3DAB16387DABD7BB7CACECEBF385517FD73BFEA9DD527BD715699900CB70FC8DF7FFFFD4F9B376FBE69ECD8B1EAEAABAFBEACDFD7B3674FD5B66DDBE0C99327BFFFE8A38F06CD9E3DFB235A19A87872A1103DE81A33C8250DC8CE4179DCB871D669D3A62D272803C50EC8FFD00179A10EC8FE663896C9A71E3D7A1847605D55AD5AD5D89A3469A26EBFFD7623307FFDF5D7EADB6FBF55B9B9B9F294EA7AAC5EA083B2550765AF9A7C62750BB83599415EB972E54D7A40BDEC806CBAF2CA2BD5EBAFBF1EAC3F2426EB4E3D8856062A3E20CB8542A406B9B401D9244789C68F1F6F0D0C0C94A0FC0F5A17283220CB0CF26A1D6A8D802CC1F7EDB7DF9693F60A0CC80591196679BEFC9C9C0F64D2BFF3536F1B5309C9705B5283ACF754EF1A397264B13B6F71C9EF7BF1C517AB57A952E503DDA9DBD2DA40C590120B332017B706F9521CA51756DD9F97E9FE7C0FAD0C5C4C6A90FDFDFDFF6506E4366DDAA88913275E10744B427E4E7E5EFA9F53509EE54D632AE516704BB28AC51B6FBC314B6A90CB6A06D995CC28EBBDEAA02FBEF8E2737DF7365A1D285F059DA427876E9F7CF2C98B9EFBFEFBEF5FB0732C75918F3CF2C845CFFBE8A38F8C956D64A07EF6D96783DF7DF7DD957A90EECBC97CC085FCFCFC669B35C832833C6EDC38A3E6F872481986EED746583E7EFCB83C24A5179FEADBBF79459BF1B6813B5ABD7AF51C59C64D6A88CB53AF5EBD826BD6ACD992B20BA07CC90CB20EC42B5C4FD29343B7129265B0751ACCD5C71F7F7CC1CF7FF2C927AA4A952AF9F76BD7AEAD060D1A6404649363D58BAAFAE757507A01FC499679D301F97FE46BA94196607BB901D93928CB115FA713EABB78CB984A4886DB9159E4F0F0F0FEB2CC9BF3A0585E468C18515B0FAA4FB95B3BE8FFFFCBF2C1D6B56B578EF8C0A3DF778E0B85CC2F6C158B3BEEB843356EDC38FFBE1ECC55444484FAE5975F8CFB870E1D52FBF7EFCF3FA33E202040858484A87BEEB9B8B24266A89F7DF6D92AFA394BDC2928EB76EDEA897D592ED0949393637C9D9A9A9AFF75518AFB3CD3ECD9B3555656D6259F73F0E041E3EBBD7BF7E63F1E1D1D4DBF2C9EFC314E4ED22B6D894561E4F7FDE31FFF701EC747109281722057D23B7DFA744059D52B5ECA75D75D17181414D452EAB5DCAC29DED01F34AB1A366C98AC07FBD5526BD9AF5FBFEA9EF23A4E9E3C591D3972A4C8E7C8F7D7ADBB70410299313C71A2F08B39CD9B37EF8241F25224701574381F977CDFC5EB3EB1E072DF77CE57D22BEA24BDA79F7EFA82D9E4F4F4742318A5A4A4A80F3EF8C028B730C9F31E7FFCF1429782943E6D066537AA51FE8FDE1138AADB7496DE3A7BCA9B61C890216AD5AA55C6D72D5AB4503FFCF0C3257F469EB77DFBF642BFEFDABFAB55AB96BF4354D8736427C90C7663C68CC90FD5F2F7491FF7957ED9A851A3443D1E2C2C49BF942BE9E99BBBE46B73258BF2203BAD4E135B5DDC704C2D3166A8E076E452D3855D28A4BC5C7BEDB5B13FFFFCF383FACBA9EED61E168B2558DFF4D61F90BD759BA4E90F9E6FE54A473AD86F993B776E863BBE86320BB86DDB36D5A54B97226BCA3FFBEC33D5BD7B7763C09381587FF8AB2D5BB6A861C38619A168F9F2E56AE8D0A117FCCCC2850BD5030F3C901F806570FDF1C71F8D9F976502FBF4E973C1F3972E5D6A1C925FBF7E7DFEE0AB5F6BF5E9A79FD2D98A7EDFD5D43783F4FB6E907EDF49605EA71F5B5A92F7DDABAFBE1A56DC2BE9E9C1DF186465592909C842DE036FBEF9A64A4E4ECE7F9E1C22BEEDB6DB54AB56AD2EB9F33B7EFCF8DC2953A62CD6EFABC1EEB03C9C6ECB2BF5CD13B2E9F68CD7B75FEA6D716C6CEC36FDBECFF195F7D692254BD45FFEF217A3AC469C3E7D5AD5AC5933BF8F7EFFFDF7AA6EDDBA523A63CC489BB3D97FFCF1873A7BF6AC6ADAB4A90A0CCCBB309C0467F3F7F8886ABA1F0ED4EFA581BA5F26EBF7D11A7DFF8BA2FAA5E352D3C6802AFDD0B944A92C49E994EC08CBE7AB835B8EA9846478B49898984E72A9E98A74CB2DB7D4D21DFB4E0FE8D0D5E483477F403EA8078E2CFD01B9567FF82DD26DB6CE9D06D9E79E7BCE08C0BFFFFEBBDABC79B3EAD6ADDB45CFD1C1C008C7128A4E9E3C690C7C2B57AE3402F0A4499354F3E6CD8D202441C99C6194406CD6A9FFF4D34FC6495F3367CE545F7DF59531BBE44A06D73D7BF64860CA3F34FFD8638FA9E79F7F9E8E5632F5F4364CBFEF86E9364DD5EFBB15FA7DB7A6A8F79D0EA87DA3A3A31794E44A7AFFFCE73F8D8064866429AF90C3E9FADFFD73D00A0850FDFBF72FD6EFD3FF6EF0B871E36C53A74EFD4207E5016EB68EB2B4E9E3B2356CD83056FF7DEBF4FF73A90E8C5B2AB32F4B9FD1EDA5F6EDDB6794C0483F7525B3C91B366C3076604C7204487674EEBFFF7EE37E5C5C9CBC078C93B9FEFAD7BF1A35ABCE7AF5EA95FFB5ECB84AD83557499055175AB66C99FFF7C8EF921D62A94397C73FFFFC7375EEDCB90BCAF1E4BD3367CE1CE3393E24446F83F5FB66B06EA78CB0B0B065FAFE2AD77EA9FBEA9DE6D737DF7C73B9FE41F2FB9D42B2278CA98464789653A74E559595272A920E6392C23A795853059A81590F4E69FA03F27B7DFF83CA9E617EFDF5D78D10DAA04103635BBC78B171E6B3CC0A55AFFEE7D14109C4EFBCF38E8A8A8A52EFBDF79E5CE4C5181C65417B59D5E4D1471F35366712885F7EF965A31E5516B517F2FBCD5925573268CADF929696661CB217F7DD779FBAEAAAABE868A557DD0CCCFA7D17AFDF779BF5FD79CEEF3B99417604E4125D494F8E1E49989A32658AF19A09E7802C3355C3870FBFA02CE352AEBFFEFA6ACF3EFB6CEABBEFBEEB8E41D90C318DF4CDA3FAF6511D9853F4DFB9562EF650197D59CA1764E755DA5976566427D6951C21927EA85F67A3BF7FF3CD3746FFFAEF7FFF7BC1E780BC969D3A7532769AE58892B9A32A9F056FBDF59632DF1B526B5CAF5E3D636759AEEA26470EF46B96F766D39F19B2491F971950798E04E4AD5BB72A739C90DFF5E28B2FFA5A407665D57D6588BC84BA5FCA0CF346F388A3CECF9D9CC6BA72FD23A4D4C649274F6F544232DC8EFE800C90C1B022656767D7D71F3039FA8365A287365B35FDF7CBD44C2F9979D1FF8FC83367CE54F81F212B12C84025874FCD43A772D2952CE575E79D771A33BA3AAC18338483070F36660525B04A2896996709D572D28F0C8A528FEA4C0652F9BD32484A98BE1429F918306080F1F7C8A1DCA3478FCA510AE3B18A161F1F6F5CCAD583DF5F85A9A7DF77A1FA3654DE773ADC1DD5216FD1F1E3C75F29ED95F4E4B5951945B9FCAD73ADA91C526FD6AC99EADCB9E4E5BC1D3B76AC3E7EFCF804FDDE5BAC43FD1AFD371F75D706D5C146961C300EA79B6D2AEFDB8A207D6CE3C68DC6ECB1D56ACDDF997525AFC5B265CB8CD742FAAFCC284B9876DE0996A5F9244C0B29A1929967E7132DA5744282AD90FF9F1C6D929F97322DD9717626FD5E9EFFC5175F182B9A489F3667ACE567FFFDEF7F9768C7C907FA7288FAF388A3DCB739EF68962797DF5F8F900C9431E9D4E607744591934CF4E024FD61829734630B09197DFBF6AD907F4CEA0477EEDC69D4144BCDA8845F933930CAC9736660762627EE4949C48A152B8CFB72C29F1CE6952B3A3993992359F1446694D6AE5D9B3F7B2C83A419C8A58679FAF4E9C64CB379B856065D797D654097520DB3D44266ACE53932D3E5FCF79607F9DB7FFDF557E545EFAFC2025E6B1D6826C889419773253D09424E876C0D32A36CD6A297867E9DEB346DDA34F9C48913033DAD4D259449DF2A6FBFFDF69B9252B7E27CFE4A6985EC14CB678C945A1475742638385839C25A3EA93136FB6D7878B8117CE5DF95AF9D573A91FE2B2158BE2F3BB8AE61589E5B5101D983FB727ED176592DFB561897D7C2AA3C1C21196E272828C8AE3F502D1519946FBEF9E6781DD26AE901E94D376A8AE27E08DB94CB4A35FAFF714C87C25615F587CA0026B3C0AEC1C675709199E476EDDA19F7A5D654064999E595C7CD0153065319F8246849A096996759E1400E034B698590A586CC9375162D5A941FC4CD5B395C2C759352CFDCBE7D7BE3F0AEFC3E99BD9613F6E4F0B004F303070E18FF7679FBDBDFFE66CC8EE9C1F5350FE882A51EFCE57D57B76EDD2FB76CD932B663C78EA5BEA29ECC18EADF7541A985BCDE6BD6AC314EF82A0DDDF671274F9E94939E1655D24C72A9DA55FE56DD975B57C41F2835BE2599B59693686FB9E51663C519E95B859D4027AFE545E143EF989AFDD579265936E79964998D966DD4A85145FE2D72E4ACACAFCCEA667DB938EF9F5CFD7EB13B267C9CDBDFA61F365E1CF92C2DCFA0ECBC0A8D7C9C13928132161212929D98981828331515450F0E09FA832463C9922513DDA51D42434327143170E69A672B4B7ED0F713F5FDCD1200F44EC67AA9631C3E7CB8BDC2A629F4E02861D39C9195E02A27D9C9ACAEC9F950AB0C6899999946DDA3CC92C9C91E525E2135C8F23C993192C3B732DB54D0CED2A5CE6697EFCBA02BBF5B0E21CB497E12E4CD202E35D032C057D47B4CEA2D6566F5B9E79E9BE8EEFDEF12EF3B19802D4EF72F7ADFC9E32FBEF8E24EFDDA2F7EE699674A5C7221471BE4A431D765BD7273738D7022EFAB92965C48409E32654AB0FE9D619555935C54BBBAB471A27EFFCA1B35BFCE5BF78B0AE9CBB26A88EC38CA128BB283233BB2F27A14446A90A5344A76466507544ED29B366D5AB1FF2DD9592E682659CAA48A534E25251852BF6C922359CE27037A5B5F2EECFD2365823251A2FBA01C5AF377EC5C5ED02F333232F6EBEF193B5A72B273798664F9FD4EE209C94019AB55AB56B41E0C5B576448DEBF7FFF1F320EBB79D3C8C2A0818E990109C8A97A935166697070F0663D982656EA878923204B0096C14F4E9A339776EBDDBBF7056157667CCC591F59A24D6693A54E594A2FE4E41C59164E7E5F69CB20CC9F93C14C3629E198306142FEE03B7FFE7C5591EF2F6FE108C8977CDFBDF5D65BCB468F1E9DA583D40A7DEB5FDC196509C21F7EF8A111BE9CFECDFC19E5A4A424636503994D2EEE21761DAAE3F44E9104E481EE78D29E1926F4FF71B50EC72B6363633757D6EA16D22765075256A390195D5971A6A09D5409C672D2ADA3ECC0E84F37DE78A3B1B35BDCB21039BA63729E49762527E9C9499C66B986EC3CC95120A99596122E991915B24286EC145F4E998F07C9728C57C14EB3C685F64B1DB0F79821F9D8B163657E211167CE3B2EDA1E423250C6424242BE0F0F0F6F2D87F12ACA4F3FFD24A3F0F76EDE34818E0F4229DEFD5A0F5EEBDC6D9D6419D0E4849D59B366E5D70CCBE0274B76C92C53416B26CB097D72528EBCDE12AA65007CE289278CEFC92C567166954C053D5F4E44929349CCC76576BA22D7E0F612257EDFCD983163B50EC80FEADB15C55DE5E2CB2FBFBCE070AD1CFE6FD2A489AC78937FB53DB99593C6642DED4B397CF870CCF4E9D3AD6E1A90656DB5D5126A749B6E7797BE2C1769912339125C5DFBAB9CB46672BED887846BE72BDF393F4FC8AA344591D7B4B013726586594AB5E4C243668896806ECE1ACB6785EC38050505956BF873C3B1A0D8FD52EF807DAFC3B4AC596C9C102B9FB9E5457EBF93EF3DBDA109C9703B4949496F4745453D9C9B9BEB57416126437F00B7554E97ED742772E84CDF6CF1F3F3330FBF26BAEB6BF7D4534F19B38072E85566FA3A74E8600CA07212DE2BAFBC625C44C024B3CD322B648669397C2AE4EA5BF23D591B55871CB9625BFECCB00428F95A82AF2C1927C2C2C2F2076829AB90C3A1722102794C0EC1B66EDDDA38494FC860AA439B7AFBEDB7E96815F0BE93A0ACDF13FDDE7FFFFDA5CF3CF34C95A282B2ACA820AFBB73489613BE5E7AE925E364CB848404E3319939941331E552D6452D6725251653A74EAD29AB44B85140965A6859326F8EFEFFEE71D70B8848182DEA2240654D76780A5BC651C84A16E66A16C2B9ACA2A04B93D32F5D825E40C06A3D9E4AED5B8094D2485F2A8F0B8A48A9C5AE5DBB64C2C92CC95A414806CAD8A44993FE183B766C84EECC5755C4A1331DB856EAB076A50E70916ED614AFE8BDFF48ABD5BAC25DAFACE74A4EB82A8C19542F67707BF8E1872F3ACC2E171D71FEBE490601D7D53DE4FB72053F1FBB4257A5BEEF3EFAE8A355FDFBF7EF3573E6CCAF478D1A1558589F969512CC4B0D0B799DA5665DEA27E592D57202A779C85DD6EF95E7CBCE4E413BD2660DB2FE72E0E2C58B57BB49BBDEE56B57D62BAEA202322EBF5F2E5AB4E8445858D8161DB0BB4949939CEFE1BA7A5059909DDC9C9C1C33206F73C33195900CEF909494F4820E5C5F74ECD831A09C679313E7CD9BF717FDE1F39EBBB581FE8099E44DAF69592CF45F92A59E0AAA6F1404E48A7FDF2D5BB66CB31EA47B7FF0C107AB468E1C69750DCAB2CC971CBE975218935C28C22CB99293BCE4C45039694F8E3E4898963A5539A220278D3973D71A64DDAE5B7877A112FBE5477A332E7D2A21598EC49465798A5C59F1ABAFBECA9F45D663EABFBDA1DD192DE096E6CC99B33C3535F56041577B2A4B53A74E9559E4B498989825B43A507E162F5EBC3E3333F38119336664C821DFFCBDD4C444A38EDDBCC29E496A639D8D1831E282152FE490B19C306696610899419680ACBF7CC88D4FD2032AA3FFC9111563474D6693A5ECCC3CE9F1724989D4CC99337375FFCC9F45F69631959964B8ADA4A4A4FB57AD5AF55B9B366D82CBA33E6EFFFEFD6B77EDDA75AFDEE3BD8B43A040C504E5FEFDFBDF376DDAB4AF468F1E6DCC28CB4995E6FAD74591A308453DCF9C4196802CFF0EAD0D5C44EAD176EAAD9E9C0C2B27538F1B37EEB296849380AC03B7FDE4C993E621DF543DA63EE62D632A33C9705B52CF949595F598EEC8E7CBFA12CBBA43FF3879F2E44EBA338FD703EAEFB4365031A4F4223333F33E9951D63BA965B2ECA204E4E9D3A7074A89050119287C4CB5DBED23F597468095D580264E9C68944A9486FCDCABAFBE9ABB7FFFFEFCB5D3F598FAA4378DA98464B8B5850B172E4A4D4D1DF9F2CB2FA7CA1240654166909F7DF6D92B72737367E9CEBC9056062A2D28675E6E50364B2C747F1E4289055034DD47A40CE2313328CB8CF20B2FBC605C00CAE542208592E7C94A45CF3FFFBCF30CB2ACBCF182B78DA92C160AB7A743EDAFAD5BB78ED8B66D5B0F7F7FFF9CABAFBE3AB094275F25EAC17489FE90B85377E697F5ED87DEDC6E43860C9928273FC13DC8D5E2162C58F01A2D91E7C08103C7DAB76FBF7BC78E1D7D5BB56AE5D7A851A312776A99419E366D9A5162A107ED6FE8CBA02F5F5A7878F81EDDF764D6A99BC562B1CAC57A64B94D599D42D6AC37D792977156D69F96920A399AABC762B57AF56A594AD3A6FBAF452EC0E9F895B25EF3086F1C53A94986C7ECFD8686866E5FB66CD99C6FBFFDB6FD88112342AEBFFEFAE062FE78C6A64D9B56CF9F3FBFB5EEFCADA50699120BA0F2496944585858DFA953A7AE1833664C951B6FBCB1D86B81399FA447890550BA31558F879FCAD270F2989CD027572D94ED129C7768B7490DB2B78EA98464780CC79A8BFFA33BF6837A507D323030F0DAB66DDB9EE9D2A54BF5962D5B06D6A953A7915C42353D3D3D2E313131E9B7DF7E3BB26DDB36FF23478EB4D19DBF99FED98F6263631772921EE05E41B97FFFFE7DA64F9FBE5A0765559CA06CAE83EC58E68D800C947E4CED2E63AA0EBA237458EE5A825CB84DE55D14C7ABC75442323CB163CB557C560C1C38B0D9DEBD7B1FDCB367CF5FF5FDCE7A9305D6AD7AABA937B986ADACD9F87F7A7BD21B163507BC95D4284B507EEFBDF756E9A09CDDB973E76A853D572E352D57D2D35F0EA4061928DB3155EF783EA8C3B239A636728CA932B6CAB5C6F7A8BC4B4DAFF09531E726B88E000013F44944415495900C8F255711D237331C1B000F0FCA616161FDA64F9FBE72DCB871C937DC704388EB731CAB58480DA53B5D490F604CF552AC6E0100700B527A919393D37BDAB469969D3B77263B7FCF79150B023200423200C0A7C88CB20ECAFF9C31638665C78E1DE7CC80EC54834C890550361ED29BF3B229525DF06E317E6EBDAFE447CA2DE00DAED15B7DBDFDE8F4D868474736CFB8BD456FB7290E23011E1194FBF7EF2F417955D3A64D934F9E3C594D07E430023250A6FEA6B7A54EF7E504BCAA8EAFE504DA2C955793DC5EE5D5249BE4F12B9CEECB35E4A7EAED1C2119A8BCCE2CD7CEBCDBD1117F7574DEE17AFB97DE5C2F42DFD12510DFEF781E000F09CA6161616B4E9C3831D062B12C22200365AA93DE3E5779934CD7381EB3E9AD85DE7AE9ED26C7982997BBDDE508CFE71DCF4BD35B94E3EB867A7BC95B1B89900C4FB1D5715B576F317ADBACB7EA8ED0EC7C1181A67ABB5E6FCD1C1D5D3AFC62C7CF9CD4DB3D8E90FD334D0AB837BBDD7ED4F916409908748C938B545E79C5DB7A8B737CAF97634C75BD38CF577A9BE6F8BA89E3796298DE421D01DBEB50930C6FEAF4CA11846540954B6F6ED15B73C787C05147A7F673EC3DB7A5C900003EC8EA08BA2FE86DA5DECEAABCFA64192365B6B88FDE06BBFCCC69A7F07CCAE9EB5DDE1A900533C9F0047FD15B2B4747ECE808BE818E8EDEC2D1B17BEB6DA2CA9B31EEE6E8F832CBFC93E36733555ECD7296E303E12CCD0A00F041B272CC678EF174AB633CFDD6F1B839835CDFE5671A38C65A730C7E58E5CD3EDFE6CD0D45488627F8CDB109A99D324FC8732EB7703E3454DF1196A5F3BEE3E8C80D1DE159393A39E51600005FB5506FAB54DEF93A52BE385E6FFF757C4F26A0AED5DB6B4ECF97528B9D2A6FC6395AE54D387DE3F4335E89720B789AF6EACF152B0A2333CE7F75ECF9263B82F539A730DD8A660400F8B09E7AFBD0694C8C711A2337EAED98CBF3BFD3DB24BD8D75DC97E74CD65BBA37371233C9F024B5555E2DD4A5C8DEEF332A6F899A9B68360000F2D575845D9944929A6299497E40FD79B4D5EAF27C393AFBA8DE9E577F2EF326AB5E7CA2F2CA342440CF76046D42325049642DC6778AF13CE9D0D554DEC9074FABBC728BDB55DE1272BCEF0100BE4CCEC991F591F7393D76C21196859432DEE414A8E544F7B79D9E9BE5B895D9E67B555E09638C37361461019EB2D72B170399A9B70CA7C725081F2E2020DFE6D4A1658173A9B9925A2AB34C83720B00802FDBE772FF73A7AF53F5F61FA740BDD5E5B90F3B7D2DAB61786D5D3221199EB2D7FB4D018FCB0CF1FB2E8FC921A0B52E8FB9DEFF90260500A0546CBEF21FE5C43D006E2329294945454519B7C5B90F000021194089582C961C9BCDB376F81313138D102CB7C5B9EF291CAF432EEF4A946AA0F6F3B37B5A5FF656FA7590CB31E7D0128464001E2C2020E0604A4A0A0DE106525353B3F44ECB5E5A02A561B55A4FD397DDC3B973E7C2F5CD1E5A82900CC083E5E4E47C95989898414B54BEB367CF46D9EDF6EF68099446952A55B65162E41E62636365D9B42DB40421198007B3D96CCB4F9D3A95A1C3198D51C9626262E4B2AF2B690994464646C6BBFA3D944D5FAE74910909091DE9CB8464001EAE478F1E7BB2B3B3779C38712291D6A8C4513532725F4E4ECE91EEDDBB6FA735501A77DC71C70E1D90F7E99D5E1AA3128587876FD2AFC329FA3221198017B0D96CA37448B325272767D11A152F3535352E3A3ABAB17E1DC6D01AB81C19191983745F3EAFFB328D5109121313D7242424DC475F262403F0123D7BF6940BA83CB47FFFFE783DB8A6D322151A90A3F7ECD99369B15886EBD7219C16C1E5F6651DD07A1F38702089A05CF101597F865EABFBF263F465DFE24F1300DE6DFEFCF9C7060F1EBC2F2E2EEE013DC81EAE55AB5623FD61EF967FABFC5D56AB55E9BFD1B8BDD47D379573F4E8D1FF3B7CF87053FDF513DDBA755BC7BBB0743A74E8D055DFC8F67D7878F816FAF2FC6383060DFA45F7E53EBA2FA485848404BB6B5FF61291FA7DB73C3232F26EDDCEFF8FBE4C4806E0A583EBC08103D7A4A4A4FCF5E4C993D5D2D2D276F9F9F9A5E8A059537FF8BBCD95375D03B0D4602E5DBA54B56CD952D5A953C76D03B2DEF9484D4C4CDC1B151515FEFBEFBFAB644D3F36B0478F1EDB78F71192CBA12FAF4E4A4AEAA8FB47484646C661DD972D414141D509CC65D297A31212127E8C8888D875E8D0A1BAE9E9E901F465DF458F027CCCC68D1B3BE9C1B4AF237C74966CEAAE7FEB975F7E29EB92AA909010D5AF5F3F776E56B9B880AC9D2A416E2527F6948DD0D0D089FA6682DE5E5BB264C9445AC473FBB207A12F83900CC0BD0D1B36CC9A9191915F476DB55A83E7CE9DCBBACF846400A8109CB807C02DE9807CABF3FDCCCCCCAEB40A0080900CC0D70D75BE63B7DB1FA1490000846400BEAE9BCBFDAEFDFAF5AB4EB3000008C9007C525858D83DFAA699D343723DDE7AFEFEFEF7D03A00004232009F64B3D97ABA3C649E64DC9BD60100109201F89CAE5DBBCABACDC30AF9761F59F582560200109201F894C68D1BDF6AB1586AB93E6ED7F44DF5CCCC4C4A2E0000846400BEA5B0552C2C8ECB89E9EF53720100202403F01D8E528B6E9708D15272518BD60200109201F884060D1A745517AE6AE11A90ED528A919E9EDE85D60200109201F8C607929F5F91A51466C985BE194A6B010008C9007C4568719E64B7DBBB394A330000202403F05EFDFBF7975AE47AC579AE945C346CD8F0415A0D00404806E0D574F0ED5CC2E7B7A5D50000E585C39500DCC2D2A54B27EB9BC9CE8F8586864ED43713F4F6DA92254B26D24A0000423200C0673CF4D043CF5B2C96B70BF9F604BDC334C1F901BDD364A1D5009427CA2D0000953F18F9F9EDA115001092010070B278F1E2F5FAE66C319F7E82160340480600F804BBDDBEAA98CF5B4F6B01202403007C25242FBDC4F773E4D662B12CA2B500109201003EA16AD5AADBF4CD99C2BEAFC3B19C6C1E1F1B1BBB8DD60240480600F884B973E766E89BAF8B7A8EDD6E5FBD65CB961C5A0B00211900E04BE615F2B8CD18B4FCFC56D2440008C900009FE228A5482E64BC3A111313B399560240480600F8144729C5FC82BE27AB5A506A0180900C00F0493A0C6F7079C8E6B8FD3F5A0700211900E093E2E2E2641DE43897B12ADE66B3ADA37500109201003EC95152F1ADCBC3EB972F5F9E4AEB00202403007CD905AB5C582C1656B50040480600F836ABD5BADDF97E5050D0165A0500211900E0D31C1716F95DBEB6582CC7F4FD445A0540450AA00900C037D8ED766B4444C4D3A9A9A983CE9F3FDF262D2DCD6AB3D9DCF6EF8D8B8B53BB76ED5237DE7863ABE1C387DBDDF5EFD421DE1E14147436303070477676F6D42E5DBAFC87771BE0F92C34010077151A1A3A51DF4CD0DB6B4B962C99488B949E0EC74FC4C7C74FCBC8C8A8DAA8512355B3664D55A3460DB9821D8D7399644743EF78A8E4E464B9184A566E6EEEC1F4F4F4413D7BF60CA77500CFC5A7230078B9E8E8E8D5515151B3EAD6AD5BF5A69B6E52CD9B3737423201B98C0652DD8E212121AA59B366AA73E7CE81575C7145479955FEEEBBEF7AD33A00211900E0A601596FBDDBB76FAF9A366D2AA501344A396BD2A489EAD8B163B00ECF0B366FDEFC0F5A0420240300DC8894581C3B76AC779B366D8C994E5799A971EAC49E05EAF07F5E5787BE9BA8A2777FAE32924FD27065A05AB56AEABAEBAEABA1774A166CD8B0A1032D02109201006E404ED2931A6429AD282C201FDFFD994A8D3FA46CB959CA6ECB51E713FE50D1BBE61094CB3028B768D1C2E6EFEFFF3EAD01109201006E4056B19093F4E4D07F4112A2B6AA9CACB48B1E97C01C1FB185062C23CD9A35AB13101070F5A64D9B6EA53500423200A092C9326FB28A456135C8E945CC16CB2C33CA4E83060D62F54D5F5A02202403002A99AC832C2B5814C69E9B5DF80FDB6D346019AA57AF5E537DD39596003C0B171301002F24170A91759051F9F4EBD058DFD4A72500CFC24C32007821B9C005EB20BBC9409BF73A30290510920100EEAE4A70ED42BF1710C40C3400109201C007D5697EBB0A08AC76D1E3FE5582559D2BBBD0400008C9340100F89EEAF5DBA96AF5DA14F8788D06ED69200084649A00007C536E76FA458FE564A6D0300040480600DF939576C6B8B25EEA9983177D2FEDEC1115FDCBA7C6730080900C00F00949A776EB803C5B9D3F1751E873CE2746A9C81DB3D4B9E89F949D359301F82896A401001F2033C37187BF31668A8B432E4F2DCF4F39735035B8A697B21A4BFD0280EF602619007C80CC0C1737203B9319E7A89DFFA6010110920100DE4766864BCB6ECBA10101F81CCA2D00C007B4ED368946008012602619000000202403000000846400000080900C000000109201000000423200000040480600000008C9000000002119000000202403000000846400000080900C000000109201000000423200C0D7656565A93FFEF8C3F8DA66B3199BABE4E4E48B1E9B3D7BB63A75EA54FEFDA953A7AAD3A74F5FF2DFDBBE7DBB5ABD7A75A1DF8F8D8D55A9A9A9173DFEDC73CFF16201202403002A466060A0FAECB3CFD42FBFFC6204E4FEFDFBABF5EBD7AB679E79462D5AB4C8F8BA5FBF7EF9CFFFE1871F547474B4FAF9E79F555A5A9A9A376F9E3A74E8903A70E080AA5AB5AA1170E5E70A939898A8B2B3B30BFD7EBD7AF5546868A8F1F5B66DDB8C7F5FB65DBB7619B7EBD6AD532FBCF0022F1C802205D0040080CB357AF468635638202040356DDA54DD73CF3DEAABAFBE326EFDFCFC54B366CDF29FDBB06143B56FDF3E75E6CC19231C4B2896D9E8468D1AA93D7BF6A837DE7843BDF2CA2BEAECD9B3AA6EDDBAC6CF0C1D3A54858585195F4B184F4F4F57356AD430EE4F9F3E5D2D58B0403568D0206F60D37F439F3E7D8CAF3B77EEACAC56ABF1B5046FF97B2438CBBF010084640040B94A4848501D3B76CCBF2FE510274F9E34668B5BB66C79C1732322228C207BE59557AA1E3D7AA859B366A9C3870FAB3BEFBC53DD7CF3CD46A0EED2A5CB053F2333D412704D292929F9F725FC9A01D964CE248B952B57AA6AD5AAA9989818632659C4C7C71BA11C000A43B90500A0D4A48678EDDAB5EAE9A79F56274E9C301E931962993D96195C99213683A949CA33727272D4962D5B8CAD499326AA7BF7EE463096D02C651A05FD3B66D984CC24CB8CB3795F6A904D521BFDCD37DFA8BBEEBACB787CF9F2E5464016CE21FE9D77DE3166AA01A030CC2403F004139C67067169059DB8561E6406F7FEFBEF576BD6ACC92FA9A85FBFBEBAF5D65B8DC725304BE9C3238F3C92FF3377DF7DB79A3469926AD7AE9D31A37CF0E041A366F9934F3E3142F2DCB9738D9A61E7D961F9BAA89964D355575D656C8B172F36668A070F1EAC3EFEF863D5A2450B23880B29F578F5D55755EDDAB579A300202403F0FCA04C13149F942FF4EAD5AB7206161D7CA5A6F881071E501F7EF8A1FAFCF3CFF3BF2733C2BB77EF5663C78E550B172E5477DC718731B32C33C203060C309E23AB5CBCF4D24B46DD7059944448C9C7F0E1C3F3EF2F5DBA94800C80900CC0A3CDA5094AE79A6BAEA9949D0A2985B8E1861B8C93E364A65766986566D964CE086FDCB851B56AD5CA58E962C78E1D2A2323C308CB4282B3945E98F785733DB1EB897B852D1B2775CCFBF7EF37669DE5DF309D3B778E370800423200CFB564C992487D33919628B9471E79A44243B2045299FD9580DCA143072324CB326F8591B28A51A346A937DF7CD3A85BDEBA75AB712BB5C6BD7BF7BE20208BF9F3E71BB5CB26E7720BF95DAE6469B9B7DE7A4B3DFFFCF346FDB373F989DC0700423200A0DCC9DAC44F3EF9A4FAE28B2F54DFBE7D8DC02C35CA1F7DF451A13F23C1B57AF5EAC6D79D3A753242AF197C6576D8B926D93920BB9293045DC9D2723366CC304A3F641939E77A6639990F0008C90080723765CA146369B77BEFBDD7B86F9EC427F5C71F7CF08111824DB2FA84045B59024E4A28A494422E0E629653C8C97EBFFFFEBB31CB5C90C2AEEAE76CE7CE9DC685499C49F09E3973A6F1FB01E0522C340100789F4D9B36D9A5B6D71B4959866B394651A4BC4266942B93D45E77EFDE9D3117F020AC930C00F0282509C8A2B2033200423200000040480600000008C900000000211900000020240300000084649A00000000202403000000846400000080900C000000109201000000423200000040480600000008C9000000002119000000202403000000846400000080900C000000109201000000423200000040480600000008C9000000002119000000202403000000202403000000846400F0AD0F773F3FBBCD66A321DC807E1DA2F44D0E2D011092010095CC6AB59E4E4949A121DCC0B973E7C2F5CD1E5A02202403002A59952A55B6252525D1106E2036363659DF6CA12500423200A092656464BC1B1313936DB7DB698CCA15999090D051DFAEA42900423200A092DD71C71D3B7440DE77EAD4291AA3128587876FD2AFC3A9EEDDBB6FA73500423200C00D6464640C8A8C8C3C9F9C9C4C635482C4C4C435090909F7D96CB631B406E079FC690200F04E0B172E8C1F3C78F08EB367CFF6AE59B3A63528288846A9C080BC7FFFFE6B2D16CBFFEBD1A3C7365A0420240300DCC8FCF9F38F0D1A34E897B8B8B83E3AB0A585848404EB5B1AA6FC448687872F8F8C8CBC5B0272B76EDDD6D1248067E29312007CC0860D1BDAFAF9F9CD0C0808B8BE7EFDFA27EAD5ABD7B866CD9A8DF46334CE6592759065993759C5424ED2931A6429B1E8D9B36738AD03109201001E60E3C68D9D2C164B5FFD6557BD75D69B9556B96C72A1105907798BDE5672921E0000000000000000000000000000000000000000000000000000000000000000000000000000000000000000000000000000000000000000000000000000000000000000000000000000000000000000000000000000000000000000000000000000000000000000000000000000000000000000000000000000000000000000000000000000000000000000000000000000000000000000000000000000000000000000000000000000000000000000000000000000000000000000000000000000000000000000000000809BFBFF40531C52F7D279270000000049454E44AE426082, null);
INSERT INTO `act_ge_bytearray` VALUES ('45021', '1', '员工请假流程.bpmn20.xml', '45020', 0x3C3F786D6C2076657273696F6E3D22312E302220656E636F64696E673D225554462D38223F3E0A3C646566696E6974696F6E7320786D6C6E733D22687474703A2F2F7777772E6F6D672E6F72672F737065632F42504D4E2F32303130303532342F4D4F44454C2220786D6C6E733A7873693D22687474703A2F2F7777772E77332E6F72672F323030312F584D4C536368656D612D696E7374616E63652220786D6C6E733A7873643D22687474703A2F2F7777772E77332E6F72672F323030312F584D4C536368656D612220786D6C6E733A61637469766974693D22687474703A2F2F61637469766974692E6F72672F62706D6E2220786D6C6E733A62706D6E64693D22687474703A2F2F7777772E6F6D672E6F72672F737065632F42504D4E2F32303130303532342F44492220786D6C6E733A6F6D6764633D22687474703A2F2F7777772E6F6D672E6F72672F737065632F44442F32303130303532342F44432220786D6C6E733A6F6D6764693D22687474703A2F2F7777772E6F6D672E6F72672F737065632F44442F32303130303532342F44492220747970654C616E67756167653D22687474703A2F2F7777772E77332E6F72672F323030312F584D4C536368656D61222065787072657373696F6E4C616E67756167653D22687474703A2F2F7777772E77332E6F72672F313939392F585061746822207461726765744E616D6573706163653D2231223E0A20203C70726F636573732069643D225947514A4C4322206E616D653D22E59198E5B7A5E8AFB7E58187E6B581E7A88B2220697345786563757461626C653D2274727565223E0A202020203C73746172744576656E742069643D227369642D42313533323239342D423735462D344642332D423830412D45323737344246344331353722206E616D653D22E5BC80E5A78B222061637469766974693A696E69746961746F723D226170706C79557365724964223E3C2F73746172744576656E743E0A202020203C757365725461736B2069643D227369642D45463139334635412D423544452D344139372D423033442D42394141334638333839303222206E616D653D22E4BC9AE7ADBEE4BBBBE58AA1222061637469766974693A61737369676E65653D22247B757365727D223E0A2020202020203C657874656E73696F6E456C656D656E74733E0A20202020202020203C61637469766974693A7461736B4C697374656E6572206576656E743D22636F6D706C657465222064656C656761746545787072657373696F6E3D22247B636F756E7465725369676E436F6D706C6574654C697374656E65727D223E3C2F61637469766974693A7461736B4C697374656E65723E0A20202020202020203C6D6F64656C65723A696E69746961746F722D63616E2D636F6D706C65746520786D6C6E733A6D6F64656C65723D22687474703A2F2F61637469766974692E636F6D2F6D6F64656C6572223E3C215B43444154415B66616C73655D5D3E3C2F6D6F64656C65723A696E69746961746F722D63616E2D636F6D706C6574653E0A2020202020203C2F657874656E73696F6E456C656D656E74733E0A2020202020203C6D756C7469496E7374616E63654C6F6F7043686172616374657269737469637320697353657175656E7469616C3D2266616C7365222061637469766974693A636F6C6C656374696F6E3D227573657273222061637469766974693A656C656D656E745661726961626C653D2275736572223E0A20202020202020203C6C6F6F7043617264696E616C6974793E247B75736572732E73697A6528297D3C2F6C6F6F7043617264696E616C6974793E0A2020202020203C2F6D756C7469496E7374616E63654C6F6F704368617261637465726973746963733E0A202020203C2F757365725461736B3E0A202020203C6578636C7573697665476174657761792069643D227369642D35333336364130332D453332322D343532452D383537332D364541363632424241423143223E3C2F6578636C7573697665476174657761793E0A202020203C757365725461736B2069643D227369642D45464136353042432D464537412D343337372D393042382D30374430304431424530303522206E616D653D22646C7868E5AEA1E689B9222061637469766974693A63616E64696461746555736572733D22646C7868223E3C2F757365725461736B3E0A202020203C757365725461736B2069643D227369642D31303541324234412D433437362D343336382D424634352D30304343433341444536323522206E616D653D22E8B083E695B4E794B3E8AFB7222061637469766974693A61737369676E65653D22247B6170706C795573657249647D223E0A2020202020203C657874656E73696F6E456C656D656E74733E0A20202020202020203C6D6F64656C65723A696E69746961746F722D63616E2D636F6D706C65746520786D6C6E733A6D6F64656C65723D22687474703A2F2F61637469766974692E636F6D2F6D6F64656C6572223E3C215B43444154415B66616C73655D5D3E3C2F6D6F64656C65723A696E69746961746F722D63616E2D636F6D706C6574653E0A2020202020203C2F657874656E73696F6E456C656D656E74733E0A202020203C2F757365725461736B3E0A202020203C73657175656E6365466C6F772069643D227369642D35414137384231382D333031442D344634422D394139462D3437443233393538374137452220736F757263655265663D227369642D31303541324234412D433437362D343336382D424634352D30304343433341444536323522207461726765745265663D227369642D45463139334635412D423544452D344139372D423033442D423941413346383338393032223E3C2F73657175656E6365466C6F773E0A202020203C656E644576656E742069643D227369642D37303937364531382D333934362D343936392D394630432D33393130423942454143384222206E616D653D22E7BB93E69D9F223E3C2F656E644576656E743E0A202020203C73657175656E6365466C6F772069643D227369642D41353237363735462D444144322D344331332D413630462D4230453238384436333044352220736F757263655265663D227369642D45464136353042432D464537412D343337372D393042382D30374430304431424530303522207461726765745265663D227369642D37303937364531382D333934362D343936392D394630432D333931304239424541433842223E3C2F73657175656E6365466C6F773E0A202020203C73657175656E6365466C6F772069643D227369642D34434441364136442D323044362D343343312D423839362D4545413832323146363142302220736F757263655265663D227369642D45463139334635412D423544452D344139372D423033442D42394141334638333839303222207461726765745265663D227369642D35333336364130332D453332322D343532452D383537332D364541363632424241423143223E3C2F73657175656E6365466C6F773E0A202020203C73657175656E6365466C6F772069643D227369642D41394246413330392D423838452D343939392D383434462D3542324446353637413436322220736F757263655265663D227369642D42313533323239342D423735462D344642332D423830412D45323737344246344331353722207461726765745265663D227369642D45463139334635412D423544452D344139372D423033442D423941413346383338393032223E0A2020202020203C657874656E73696F6E456C656D656E74733E0A20202020202020203C61637469766974693A657865637574696F6E4C697374656E6572206576656E743D2274616B65222065787072657373696F6E3D22247B657865637574696F6E2E7365745661726961626C652827617070726F766564436F756E746572272C2030297D223E3C2F61637469766974693A657865637574696F6E4C697374656E65723E0A2020202020203C2F657874656E73696F6E456C656D656E74733E0A202020203C2F73657175656E6365466C6F773E0A202020203C73657175656E6365466C6F772069643D227369642D41324632363730322D394241442D343237372D423641362D4438304430343833323236362220736F757263655265663D227369642D35333336364130332D453332322D343532452D383537332D36454136363242424142314322207461726765745265663D227369642D45464136353042432D464537412D343337372D393042382D303744303044314245303035223E0A2020202020203C636F6E646974696F6E45787072657373696F6E207873693A747970653D2274466F726D616C45787072657373696F6E223E3C215B43444154415B247B617070726F766564436F756E746572203D3D2075736572732E73697A6528297D5D5D3E3C2F636F6E646974696F6E45787072657373696F6E3E0A202020203C2F73657175656E6365466C6F773E0A202020203C73657175656E6365466C6F772069643D227369642D30344236453834462D393835462D343432442D413935382D4644414144354442313846412220736F757263655265663D227369642D35333336364130332D453332322D343532452D383537332D36454136363242424142314322207461726765745265663D227369642D31303541324234412D433437362D343336382D424634352D303043434333414445363235223E0A2020202020203C636F6E646974696F6E45787072657373696F6E207873693A747970653D2274466F726D616C45787072657373696F6E223E3C215B43444154415B247B617070726F766564436F756E746572203C2075736572732E73697A6528297D5D5D3E3C2F636F6E646974696F6E45787072657373696F6E3E0A202020203C2F73657175656E6365466C6F773E0A20203C2F70726F636573733E0A20203C62706D6E64693A42504D4E4469616772616D2069643D2242504D4E4469616772616D5F5947514A4C43223E0A202020203C62706D6E64693A42504D4E506C616E652062706D6E456C656D656E743D225947514A4C43222069643D2242504D4E506C616E655F5947514A4C43223E0A2020202020203C62706D6E64693A42504D4E53686170652062706D6E456C656D656E743D227369642D42313533323239342D423735462D344642332D423830412D453237373442463443313537222069643D2242504D4E53686170655F7369642D42313533323239342D423735462D344642332D423830412D453237373442463443313537223E0A20202020202020203C6F6D6764633A426F756E6473206865696768743D2233302E30222077696474683D2233302E302220783D223136352E30303030303030303030303030362220793D223133372E3030303030303030303030303033223E3C2F6F6D6764633A426F756E64733E0A2020202020203C2F62706D6E64693A42504D4E53686170653E0A2020202020203C62706D6E64693A42504D4E53686170652062706D6E456C656D656E743D227369642D45463139334635412D423544452D344139372D423033442D423941413346383338393032222069643D2242504D4E53686170655F7369642D45463139334635412D423544452D344139372D423033442D423941413346383338393032223E0A20202020202020203C6F6D6764633A426F756E6473206865696768743D2238302E30222077696474683D223130302E302220783D223234372E33333734393939393939393939382220793D223131322E30223E3C2F6F6D6764633A426F756E64733E0A2020202020203C2F62706D6E64693A42504D4E53686170653E0A2020202020203C62706D6E64693A42504D4E53686170652062706D6E456C656D656E743D227369642D35333336364130332D453332322D343532452D383537332D364541363632424241423143222069643D2242504D4E53686170655F7369642D35333336364130332D453332322D343532452D383537332D364541363632424241423143223E0A20202020202020203C6F6D6764633A426F756E6473206865696768743D2234302E30222077696474683D2234302E302220783D223430352E303030303030303030303030312220793D223133322E3030303030303030303030303033223E3C2F6F6D6764633A426F756E64733E0A2020202020203C2F62706D6E64693A42504D4E53686170653E0A2020202020203C62706D6E64693A42504D4E53686170652062706D6E456C656D656E743D227369642D45464136353042432D464537412D343337372D393042382D303744303044314245303035222069643D2242504D4E53686170655F7369642D45464136353042432D464537412D343337372D393042382D303744303044314245303035223E0A20202020202020203C6F6D6764633A426F756E6473206865696768743D2237392E3939393939393939393939393937222077696474683D223130302E302220783D223439302E302220793D223131322E3030303030303030303030303033223E3C2F6F6D6764633A426F756E64733E0A2020202020203C2F62706D6E64693A42504D4E53686170653E0A2020202020203C62706D6E64693A42504D4E53686170652062706D6E456C656D656E743D227369642D31303541324234412D433437362D343336382D424634352D303043434333414445363235222069643D2242504D4E53686170655F7369642D31303541324234412D433437362D343336382D424634352D303043434333414445363235223E0A20202020202020203C6F6D6764633A426F756E6473206865696768743D2237392E3939393939393939393939393937222077696474683D223130302E302220783D223337352E30303030303030303030303030362220793D223232352E3030303030303030303030303033223E3C2F6F6D6764633A426F756E64733E0A2020202020203C2F62706D6E64693A42504D4E53686170653E0A2020202020203C62706D6E64693A42504D4E53686170652062706D6E456C656D656E743D227369642D37303937364531382D333934362D343936392D394630432D333931304239424541433842222069643D2242504D4E53686170655F7369642D37303937364531382D333934362D343936392D394630432D333931304239424541433842223E0A20202020202020203C6F6D6764633A426F756E6473206865696768743D2232382E30222077696474683D2232382E302220783D223633352E302220793D223133382E30223E3C2F6F6D6764633A426F756E64733E0A2020202020203C2F62706D6E64693A42504D4E53686170653E0A2020202020203C62706D6E64693A42504D4E456467652062706D6E456C656D656E743D227369642D35414137384231382D333031442D344634422D394139462D343744323339353837413745222069643D2242504D4E456467655F7369642D35414137384231382D333031442D344634422D394139462D343744323339353837413745223E0A20202020202020203C6F6D6764693A776179706F696E7420783D223337352E30303030303030303030303030362220793D223236352E30223E3C2F6F6D6764693A776179706F696E743E0A20202020202020203C6F6D6764693A776179706F696E7420783D223239372E333337352220793D223236352E30223E3C2F6F6D6764693A776179706F696E743E0A20202020202020203C6F6D6764693A776179706F696E7420783D223239372E333337352220793D223139322E30223E3C2F6F6D6764693A776179706F696E743E0A2020202020203C2F62706D6E64693A42504D4E456467653E0A2020202020203C62706D6E64693A42504D4E456467652062706D6E456C656D656E743D227369642D41324632363730322D394241442D343237372D423641362D443830443034383332323636222069643D2242504D4E456467655F7369642D41324632363730322D394241442D343237372D423641362D443830443034383332323636223E0A20202020202020203C6F6D6764693A776179706F696E7420783D223434342E353833333333333333333333342220793D223135322E3431363636363636363636363639223E3C2F6F6D6764693A776179706F696E743E0A20202020202020203C6F6D6764693A776179706F696E7420783D223439302E302220793D223135322E32313833343036313133353337223E3C2F6F6D6764693A776179706F696E743E0A2020202020203C2F62706D6E64693A42504D4E456467653E0A2020202020203C62706D6E64693A42504D4E456467652062706D6E456C656D656E743D227369642D41353237363735462D444144322D344331332D413630462D423045323838443633304435222069643D2242504D4E456467655F7369642D41353237363735462D444144322D344331332D413630462D423045323838443633304435223E0A20202020202020203C6F6D6764693A776179706F696E7420783D223539302E302220793D223135322E30223E3C2F6F6D6764693A776179706F696E743E0A20202020202020203C6F6D6764693A776179706F696E7420783D223633352E302220793D223135322E30223E3C2F6F6D6764693A776179706F696E743E0A2020202020203C2F62706D6E64693A42504D4E456467653E0A2020202020203C62706D6E64693A42504D4E456467652062706D6E456C656D656E743D227369642D41394246413330392D423838452D343939392D383434462D354232444635363741343632222069643D2242504D4E456467655F7369642D41394246413330392D423838452D343939392D383434462D354232444635363741343632223E0A20202020202020203C6F6D6764693A776179706F696E7420783D223139352E30303030303030303030303030362220793D223135322E3030303030303030303030303033223E3C2F6F6D6764693A776179706F696E743E0A20202020202020203C6F6D6764693A776179706F696E7420783D223234372E33333734393939393939393939382220793D223135322E30223E3C2F6F6D6764693A776179706F696E743E0A2020202020203C2F62706D6E64693A42504D4E456467653E0A2020202020203C62706D6E64693A42504D4E456467652062706D6E456C656D656E743D227369642D34434441364136442D323044362D343343312D423839362D454541383232314636314230222069643D2242504D4E456467655F7369642D34434441364136442D323044362D343343312D423839362D454541383232314636314230223E0A20202020202020203C6F6D6764693A776179706F696E7420783D223334372E333337352220793D223135322E3139353036343835393036353637223E3C2F6F6D6764693A776179706F696E743E0A20202020202020203C6F6D6764693A776179706F696E7420783D223430352E343231363638343631373634352220793D223135322E3432313636383436313736343435223E3C2F6F6D6764693A776179706F696E743E0A2020202020203C2F62706D6E64693A42504D4E456467653E0A2020202020203C62706D6E64693A42504D4E456467652062706D6E456C656D656E743D227369642D30344236453834462D393835462D343432442D413935382D464441414435444231384641222069643D2242504D4E456467655F7369642D30344236453834462D393835462D343432442D413935382D464441414435444231384641223E0A20202020202020203C6F6D6764693A776179706F696E7420783D223432352E34313531373835373134323836372220793D223137312E3538343832313432383537313437223E3C2F6F6D6764693A776179706F696E743E0A20202020202020203C6F6D6764693A776179706F696E7420783D223432352E31373737373737373737373738362220793D223232352E3030303030303030303030303033223E3C2F6F6D6764693A776179706F696E743E0A2020202020203C2F62706D6E64693A42504D4E456467653E0A202020203C2F62706D6E64693A42504D4E506C616E653E0A20203C2F62706D6E64693A42504D4E4469616772616D3E0A3C2F646566696E6974696F6E733E, '0');
INSERT INTO `act_ge_bytearray` VALUES ('45022', '1', '员工请假流程.YGQJLC.png', '45020', 0x89504E470D0A1A0A0000000D4948445200000201000000D008060000009E1BB2C200001B1E4944415478DAED9D0B7054559AC75BC17159A786A5C4B228D762D89D62A929CAB21829A45CAC2C352C38E08A2F621E028314282BA8A8B53A48C51229E3139571065D44A418188AA5226691471EE421C2005298090FC94A440809C9308881400C7AF67CD77B7A6E6E6E27DD49F74DF7EDDFAFEAABBE7D1FDD37E9FB7DDFFF7CE7DC7343210000000000000000000000000000000000000000E81AA554DFA3478FAEDFB56BD777252525AAA8A808F3D98A8B8B554545C55FB4E5724502BE8C2F03F886048DCACA4AD5D8D8A85A5B5BB15EB2A6A626555E5E7E5607917BB82A015FC697017C415A0D048DA4091EADBA357188AB12F0657C19C017A46C88D3268FE9C0D1C65509F832BE0CE00BD28F85C32655E0505C95802FE3CB00491538CE7D5DAF8EEE794F1D287ECE32599675383B8103F0650C5F8600078EE63375AA7AEB42F5D9A627DB99AC936D383C8103F0650C5F8680068EE3073EEC10348C9D385088C31338005FC6F065086AE038B4FDC5888143B6E1F0040EC097317C19021A38AA8B9E8D1838641B0E4FE0007C19C39781C0811138005FC6F0650852E09011C49102876CC3E1091C802F63F832043470D4ECF86DC4C021DB70780207E0CB18BE0C010D1CA7EBAA54F5B6BC8EE543BD4EB6E1F0040EC097317C19021A38C46AF7AEEA1038641DCE4EE0007C19C39721C881E3E24555F3C9EF3B960FF53AD986C31338005FC6F0650860E09059C48EEC581AB11F51B631D3188103F0650C5F8620050EDD2AA8AF29557FDEF29B8841C398EC23FBD292207000BE8CE1CB90E281A3AB16032D090207E0CB18BE0C010D1CD1B4183A6B491000081CBDC03FE0CBF832BE0C1087C0D1DDA0618C0040E0F09909DA94FD8A2FE3CBF832404F020746E048217EA9ED8CB625F6EB247C19C39701081C048EF41100931C1581A6741502F832BE0C40E02070A4AB00E86A3DBE8CE1CB00040E02470098D045A237DB27E0CB18BE9CC628A5FEAEAAAA6AF6FBEFBF5F9E9F9F7F76DEBC796DD3A74F57F7DD779FCACDCDFDFEA1871E6A5DB060C1D1175F7C71B5B67F410460048E9411005D25F8B4AB08E0CBF8B21FE4E4E4FC636666E6C33A8FAED756A3AD5972AAB60BDA6AF5B602FDFA84ECD7ABC97FC3860DAB162D5AD4F6E8A38FAAB7DF7E5BEDDAB54BD5D5D5A90B172E28415E1B1B1BD5A79F7EAAB448508F3CF2C8F78F3DF6D897B366CD9A8908C0081C49DD05302141FBE3CB18BE1C81ACACACC9DA8AB4B5DA493F1ADBAEF7CFF5F54475B29FF1FCF3CF5F7CF2C927AD047FE9D225152DFBF7EF574F3DF5D4A5D9B3671FBAF7DE7B7F46E0C0081C4927002675E3B8E6741002F832BE9C087422FFA94EE45B6248FC5E5699F09CAA7378DF8D1B37963EF8E083AAB0B030A6E4EF66CB962D6AC68C192DE9501520701038022C00D2AA6B005FC697E34D6666E67DD9D9D97F7526F49C9C1CF5C20B2FA8D2D252F5D5575FA96FBEF9C6CA9BE7CF9FB7AAED3B76EC504B962C51F7DF7FBF5B083427AC2A2002A0ACAC6CF7DCB973D5912347543CF8F2CB2F9516142D3367CEFC4F020746E0E83526C42981C7EB73F0652C2D7C590B80493A695F7226FFD5AB575BDDE8D170E6CC196B7F39CE2906F467C6BF712D15001100D19E5CB4C8E7CD9A35ABD9F73E0D020781039C893B5EA5FC405704F0657C399E1500A700983F7FBED5EAEF0E729C74CFBB8440FC72AA8C01902E80785500BC2A0253A74E3DA34F7A1881032370F8DE056004C065DAA6D9AFB1E03E2EB08305F1657C391EC818006717405E5E5EB8E4DF5DA4AB60F1E2C5EEAE819EE754B90BE0B9E79E6B9531008964D3A64D2D3939393B11011881A357C60048027F37F4C3F301DE8D4108443A2E9042005FC697E3811600C5CE0A404F05805308B82A02953D3ED98282823FC8877EFBEDB72AD1CC9933A72188DD02040E0247920B8090DD92570E8B4608380580B1A9411E23802FE3CB3D456E03748E01E86E1740675D03CE31023DCAA95205907900E436403FF8ECB3CF5A83580D2070103892700CC0A428127A6742C06BFFE51EFB076A8C00BE8C2FC741041499042D83FA12C1DAB56BE3530D9099006530604F6E058C9519336634487F49AAFC98DAFE95C041E048C6EBAE1301302186C4EE2504A21500A154E91AC097F1653FAE2199E1CF0C0694D6FAE9D3A7139247E5AE01D7ED83DDCBA93215F0F2E5CB959F2C59B264BF4C879822833B4CB9A5283333F3660207812399AEBB6E26E2AE8440AC02C0F9FD49FBF4417C195FF6E31AB2A702B6F67BE9A597129D4B9D22A07B39559E05205301FBC9279F7CF2A53EE1C2540AC60EDBECA504091C048EDEB8EE7A50928F24042EEFA60048FA3102F832BEECC735643F0BC0DA5E565696D05C2A130A39CEA57B39551E06545F5FEFAB0868686868D4277C3C45837158093A7F7C020781A337AEBB1EF6C97B0981CF7B2000927A8C00BE8C2FFB710DD90F03B2D6C77B40A01B9959D0711EDDCBA9F23440F33020BF90EF932725A57230762A41290B1138081CBD71DDC5A1E5ED25047A220092768C00BE8C2FFB710D696B31EFE3755B6067B70B3ABEFB42B7FFA8DEA0870F51483A2370249705EDFAF2B2BBEEBACB24EB253D8C6D977B54003EB7D7F78425F83296CEBEEC772EED96974E9B36ED7BBF2B012D2D2D0D01A804EC9139A1333232FAF676095182F6D34F3FDDE93EDBB76FB7F693DFDA799CCC3ED5D9E7CE9C39B3DDBAA6A6266BFDBA75EB3AEC5F5353636D1B376E9CDAB871A3CACECEEE703C9580F85E77A19E4F09DC5925E0DD34A904248D2FFB112B5E79E5952EF779E28927AC65F173133364BDDCEE4625A0F36B4866F14BA94AC0DCB9735BFD1E1370F2E4C9CF53784C803B08F76A3FA2245B71CE2953A674E9D8D75C734D78FFE3C78F5BAFB7DC724B78DD175F7C11DE5F2E2E59575959690D3ED9B06183F57EECD8B16AFDFAF56ADFBE7D9EDF71FBEDB7B77B3F71E244444002AF3B47C26D4ED09880EE08815419139054BE6C7C46CCBD1CCDFE5E565E5E6EF9F7D4A953ADD7418306A93163C658CB62E2D743860CE9F09972C798595EB56A5578D94BFCA7B908E8700DA5DC9880850B17D6F87D77C0D6AD5B3F4AC1BB0376CA2C50118270AF040E49DA2679D7D6D65ACBE2F45E81409FB7BAEDB6DBC2A54E71EC13274EC854CEEA861B6EE870CCD2A54B3B9445E5F34500440A46070F1EB40483EC2326EB444C20021277DDF5A0E51DE93640AFBB03621102A9707740D2F972A244803B71CBFB458B1685DF5F71C515E12AA2C410D320B8F5D65BAD1821CB870F1F0E1F5B555565BDBEF1C61BE92E02225E43297777C0CB2FBFBCDCEF7902F2F2F236A5D03C019DB5C07A2D701C3B762CECAC46D5CF9E3DDB5A3762C4086BBBEC271355C83A9958424AF96FBDF596F55EF6750606A778686E6EB6D68970884604880891CA82796FCE63EFDEBD0C264AF075D7CD167857F3005CD64D21705328B9E709483A5F96047BE38D37AA7EFDFAC9246A9E2260FFFEFDAA4F9F3E965FCB7AD95FD6EFDEBD3BBCCF9C3973D495575EA9AEBDF6DA70CBDDF8724949493846C8BEF23DB27CE79D775A15022FE1E0AC04C8676EDBB6CD5A96AA815743238D444097D750CACD13F0CC33CFFCF3C30F3FFC9D8F33065EC8CECEFE2255660C8C163F038794E245DD476A652F5BB6CC72D8CD9B375B89DFEDE043870EB59C3A92338B50106797BF49FAF5C59CDD0E66598290F338F9CCD75F7FDDDA26AD0A094CB22C4FA79473710A054440C2E8AA251EED4440B10A01D32531195F8EDE4468CBFFB6A0A020EC575E9500E9A337DD6BF26A92B7D9478E154161BAFD228977B3AF2C8B4FF6EFDFDF530448E34244BC2CEFDCB933BC5E2A8408FACE911903757E6BF363C6C0DCDCDCEF7B3C63A0307FFEFCFFF3EBD9015BB76E5D1D97A71EA569E068686850F2B44709025E260E3E70E0C0762D7DE7803E13049C014702845C50B29FB43AA4652FEA7FDEBC79ED84865725402A0E32E850FA1AC78F1F1FFE5C6965C8F2E0C183D5F0E1C3D56BAFBDD66E50228123A144AA08C43A1360B442C07CDF647C393693D67BC81EB02B1649049C3D7BD6F225792FC7984A9FBB3B4096A56AE04EEACEB13FA612203E7BC71D7784F79352BF111BEFBCF38EA78048F73101D19252CF0E101E78E0817B1F7FFCF1361FAA016774AB721F4F11EC993993A929EFBB5BFCC62478482B435AFFD27F24C7CA603FB35DC605E4E7E75B9F2183849C8143E69088764C80110B2222643FF95C0247AF5704DCA5F969A1D8E701E029824920024E9E3CA9060C18105E67BADABC44807B8C40B422401A18669C91A916B84580191360FC1B5F8E280212FE14419D4BBF8FCB53040DBAE558252DCC4422E30F44B1C4D8CF49E088603210CF94DE25D94B5FA0040BE73E528A720FDE93D7050B1658AD7FA7EA77078E584480731FE7A02179BF66CD1A4440EF760D4CF048E8B14C0414E9B8A47F6850B2FBB254CF4C7780194CEB2502CC381BE95A0BD9B7E1462B02A4ECEFDC6E12BC741F483CE86A4C80247ED33520B146CE93AA5E54E307B69B243D7FFEFCB8DD2E280D2EDD68BFE4AC02C425A74A7F8256882D478E1C498800D017D246FD1DF55AB10C0B62B4F55B0418452E495E0480BC9A046F028497738F1E3DDA4ACA2B56ACB0CAF4727740A47DBB1A13E075F7806C978B548286B963410626210292A66BE032BB251FEB6D7FEEE326045100F8EDCBD2F296BB736494BECCA9E12502640C90BCCAAD7DB27ED4A851E1C1BCD18800B78F1A11E0361944680605AF5CB9B2DDE7992A455E5E5E54F392E0CB3FE4546D4D2659CBFFAEA7424062EBE2C58B9DE3009AE39A5373737373B4E23CDFD8D818570170E2C4898F75223916C46E80DE12010B172EB49C510282F4394915A7BABA3A7CD780B3E43F72E448CBF14500985B7FE4181310C4E143AE7902E4BD7C4734B7F84937839416E5FBCD3AD3721005CCDD01493B46209E5D0DF8728A4C161449048899F9409C8301CD3277FAC44E6666E67D6690A0A90874B76B408E7355005442726A4E4ECE8C59B36635C7AB222015001100FA9FF15490A36C32070E3F4B77CC371E7821909413012102F0E524AE084C770A011923208D30E98E8DF62E001904E81C032096D09C2AEA253737F7EC071F7C70AE078305CFBCFAEAABEF491780FC13821E61091C048E14A0A725FCC07601E0CBF872A22B02DACE3893B8880199474026149256BEE92A90EAABCC042815D637DF7C534D9B36ED3BD72C85CDBEE454E9CFD0CAA364F6ECD90DFBF6ED6B89651E806DDBB6ADD522628F0C5808EA180002078123C58540AC2DF9400E02C497F1651F2B023F75DE3AD84DF33FA7EA2FBD47C4C0F4E9D31BF3F3F30F7CFCF1C7C7B44AA9370F1D928701C9B3008A8B8BFFF7D9679FDDACD5CD513951512A41BC0B80C041E048C3AE81C07701E0CBF8B29F39D516036DB124FF5ECFA9320B923EF147ED79916BE58945E6C945F2E00299B758A62D0CDA4C80040E02479A0B01990A38103301E2CBF87232414E257060048E64E81A68EEA4C46FEE02988C2F63F832008183C0913E1581B4EA02C097F16500020781032190E602005FC69701081C048E7416024BD25900E0CBF832008183C091AE4C908149A134B80D105FC697A13DBFD0B6D6B65FD9F69E6DB2ACEC6D4EFE5D5BBD6B9DECF71281032370A426B60840D0E343F8729A71B9FDFA633B91FF9B23A9FF4F846364DB7F3BDEF7B5D74D267060040E4400BE8CE1CBA11B433FDC61E3E4A0B62D511C5BABED4F7E9F703422E03A4775E07E6D7FD576B5FDFE017B9F59DAAE217060040E4400BE8CA5B12FCBB9CF71AD6BD1F6BE47EEDD6E9BA9C0CB7E5F382AF326EF8EEA6D11E06CF5FFCC7E9D64BFFED83EC1C9F6FB5F133892CFCE9D3B673DF14F5E7BB29EC08108C097317C3922573BF2E229B9B41CC97DBF23A9FF93BDFF8FEC5C6ABAE4CF394480D9F7478938D141DA3EB2BFE42EFB8BDE777C69AD23A9DF651FF32BFB8F30422153DB256D6FDA9502110939DA7E42E0483E93842EBF9BF3D1BFDD594FE04004E0CB18BEEC8969280FD676445B95BD2E522520E4CAA7218770300241D9B937215CEE28F53BCB0D912A01A60AF00B7B59FEB86F1C6262B2FD8713381001040E4400BE8CA59B2F9BA42D5DE417ED75C35C95805F873A8EA17336B67D150106F9F2C3AE138A2402C6B84ECA79F2573B541081031140E04004E0CB58BAF9F24FEC3C38C04EE23248F083D0DFEEC22BD1F65F1EB97587BDFD6BBB122FCBFF616F1B9AE893962FC98A4204841C55808B8E7D27BB44C075040E4400810311802F6369E8CB263F4A5E1C6427F36AC7F6C9763781FB18693CCBA07B190F207707FCDCAEB6FFD28F137EDD639D9708F8FBD0DF063428FB0F742A984C870222702002081C88007C194B375F36630086877E9857E7436D7F706C174150E9715C935D35F8939D4FCBB5FD2E91272A895A26FD99144118B827FFB9C65E7FB5C7BEE6AE027397C1F5040E4400810311802F6369E6CB264F2ABB6A1EB213FAB7DA5E712D875C79F35EFBBDDC1DF091BD9C656FABF6C8BD40E04004200210018800444092E1EEBF97F176CE99776FD176834334FCDCA361ED1609838952040E4400220011802F230200081C8800020722001180080020702002081C88004400220080C081082070200210018800000207220010013152525242F24D1EBBA07DB90DCF0402072280C08108F0858A8A8AFAC6C646127012585D5DDD1FB52F1FC23381C0C15304091C88005F282D2DBDA3ACACECEB53A74EB590887B4FC88B1F1717171FD3760F9E09040E8CC08108F00D7DFD4CD242728F5494A46B09F3DDE4FF7E083F0602878FB676ED5A254980C08108000080F44B00859204323232FAF2DF40040000409A90999979B34E006D9204B2B2B226F01F4104000040FA8880024900B6EDE13F8208000080F408FC37992A80312D0A26F19F4104000040F0037FA15300986A00630310010000906655006359595993F90F2102000020B8417FB39700B06D27FF2144000000A4591580B101880000000876C02FEC4C0070A700220000004802C0EF0F00002401E0F70700009200F0FB0300004900F8FD0100802400FCFE00004012007E7F0000200900BF3F0000900480DF1F00004802C0EF0F00002401E0F70700009200F0FB0300004900F8FD0100802400FCFE000040128038FDD63C45120000100169FA5BDFA4ADAD33119099993989FF140000220082F97B6FEE4404ECCCC8C8E8CB7F0900001100C1AD06788A80ACACACC9FC870000100110ECDFDC6B6CC01EAA0000008800488F6A401B6301000048088880344427FD02AA000000880044407A8A809B1D630126F01F01004004407AFDF6D6D800AA000000880048BFDFFE267E7F00004400C48852AAEFD1A347D7EFDAB5EBBB92921255545484F96CC5C5C5AAA2A2E22FDA72B92201001001BE2102A0B2B252353636AAD6D656AC97ACA9A9499597979FD582E01EAE4A000044802F48050001903442A0B5A8A8E8105725000022C017A40B80049C3CA645401B5725000022C017A44F9AE49B542280EB18000011905C22E0DCD7F5EAE89EF7D481E2E72C93655947E2460400002002022C029ACFD4A9EAAD0BD5679B9E6C67B24EB691BC110100008880808A80E3073EEC20008C9D385048F2460400002002822A020E6D7F31A208906D246F440000002220A022A0BAE8D9882240B691BC1101000088004400860800004004044904C8DD009144806C2379230200001001011501353B7E1B5104C8369237220000001110501170BAAE4A556FCBEBD815A0D7C936923722000000111050112056BB7755071120EB48DC8800000044409045C0C58BAAE693DF77EC0AD0EB641BC91B110000800808A0089019018FEC581A714C806C63D640440000002220482240B7F0EB6B4AD59FB7FC26A2003026FBC8BE54051001000088801417015DB5FEA90A200200001001011501D1B4FE3BAB0A90CC110100008880141501DD1500C648E68800000044408A8A000C1100008008400460880000004400220043040000200210011822000000118008C01001000088004400860800004004200230440000002200118021020000100188000C1100008008400460880000004400220043040000200210011822000000118008400400000022001180080000004400220011000000880044002200000010018800440000002280E08908400400002002001180080000482B118075CF48BE88000000A01290706B6A6A9224A7D6AF5FAFCE9F3FAF060F1EACC68E1DABA64E9D6AD9C68D1BADEDEEE3645D7E7E7EC4F791ACA0A0405D7FFDF511B71F3C78501D3E7CD8F3FB56AE5C890800000044403C6DF7EEDD6AD0A041EAC2850B56B295442CAF4B972E0D2760B3EFC89123C3C260C58A156AE0C0816AEFDEBDD6FB89132786B7C9679863AEBAEA2A357EFC786BDBC2850BD5800103D482050BC2FBEEDCB9B343C297732A292951D9D9D9EDBE6FC3860DD6F289132710010000800888A749825DB56A95F59A9191A12A2B2BDB89809A9A1AAB356F92F2E8D1A3556161A15ABD7A75F8F875EBD675F8CC356BD658CB92D0A5DAE0DCE6DE7FC78E1DE12A859C835304C8AB88032A0100008008E881496B5A126CBF7EFDAC646F92F2B265CBC24957AA014E11605AF3462CF4E9D3472D5AB4C84A9692BC65BD0805B70818316244C44AC0F6EDDBC35D0166DDF1E3C7ADE5BBEFBE3BBCCEB96C8E410400000022A09B66BA00A4CC6E12B6B4F4DD49DC2CD7D6D65AAD7E59377CF8702B29CBFAD3A74F5BEBA64C99E2595D30ADFDCE2A013226C1ACABAAAAB2DE5F77DD756ADCB871D67146B08840A012000000888038750198C41FB24BF79270659C404343433B11306AD428B569D3A670BFFCD0A143ADEE0019B46706198AC971B18A00E73A19A86896E53B9D83144DD502110000008880388880EAEA6A75F6ECD970578069D9CB7A2302A4052EAD7349C6722BA3BC0E193244CD9933C75A3683F6DC7DF6A128BB039CFB4B2540AA0EB25C5E5EEE291010010000800888830890E43F6CD8B0F04040699DCBAB49C4EE2E0419D12FAF2691CBAB8C0F300304DD9F6F8481BB12B07CF972CFFDFBF7EF1FAE42C8E0402A01000080084890089072BEBC4A4B5F5E8F1D3BA6B66DDBD6614C80F398FDFBF77748EA5D5934FBCB679B4993428EF10A54020000001110676B6E6EB626E891D2BF73BDB9FF5FE606F09A274084435E5E9E35578029EF1B3121E303BCBE4BBA05C68C19D3E50446CEA42FE726E30FCCAD8BCEF106880000004004F8783701D306030000A4A108E0D9010000008800440000000022001100000080084004000000200210010000008800440000000022001100000080084004000000200210010000800840042002000000118021020000001180210200000011802102000000118021020000001180210200000011802102000000118021020000001180210200000011802102000000118021020000001180210200000011802102000000118008400400000022001100000090484A4A4A48BEC96317B40868E3AA0400005FA8A8A8A86F6C6C24012781D5D5D5FD518B80435C950000E00BA5A5A5779495957D7DEAD4A9161271EF550044001417171FD3760F57250000F8864E3C93740B748F94A2A54F1AF3DDE4FF7E08010000000000000000000000000000000000000000000000000000000000000000000000000000000000A9C3FF0354B47CAEB6C4815F0000000049454E44AE426082, '1');
INSERT INTO `act_ge_bytearray` VALUES ('45029', '1', 'hist.var-users', null, 0xACED0005737200136A6176612E7574696C2E41727261794C6973747881D21D99C7619D03000149000473697A6578700000000277040000000274000561646D696E740002727978, null);
INSERT INTO `act_ge_bytearray` VALUES ('47506', '1', 'var-users', null, 0xACED0005737200136A6176612E7574696C2E41727261794C6973747881D21D99C7619D03000149000473697A6578700000000277040000000274000561646D696E740002727978, null);
INSERT INTO `act_ge_bytearray` VALUES ('47508', '1', 'hist.var-users', null, 0xACED0005737200136A6176612E7574696C2E41727261794C6973747881D21D99C7619D03000149000473697A6578700000000277040000000274000561646D696E740002727978, null);
INSERT INTO `act_ge_bytearray` VALUES ('50004', '1', 'var-users', null, 0xACED0005737200136A6176612E7574696C2E41727261794C6973747881D21D99C7619D03000149000473697A6578700000000277040000000274000561646D696E740002727978, null);
INSERT INTO `act_ge_bytearray` VALUES ('50006', '1', 'hist.var-users', null, 0xACED0005737200136A6176612E7574696C2E41727261794C6973747881D21D99C7619D03000149000473697A6578700000000277040000000274000561646D696E740002727978, null);
INSERT INTO `act_ge_bytearray` VALUES ('52502', '1', 'source', null, 0x7B226964223A2263616E766173222C227265736F757263654964223A2263616E766173222C227374656E63696C736574223A7B226E616D657370616365223A22687474703A2F2F62336D6E2E6F72672F7374656E63696C7365742F62706D6E322E3023227D7D, null);

-- ----------------------------
-- Table structure for act_ge_property
-- ----------------------------
DROP TABLE IF EXISTS `act_ge_property`;
CREATE TABLE `act_ge_property` (
  `NAME_` varchar(64) COLLATE utf8_bin NOT NULL,
  `VALUE_` varchar(300) COLLATE utf8_bin DEFAULT NULL,
  `REV_` int(11) DEFAULT NULL,
  PRIMARY KEY (`NAME_`)
) ENGINE=InnoDB DEFAULT CHARSET=utf8 COLLATE=utf8_bin;

-- ----------------------------
-- Records of act_ge_property
-- ----------------------------
INSERT INTO `act_ge_property` VALUES ('cfg.execution-related-entities-count', 'false', '1');
INSERT INTO `act_ge_property` VALUES ('next.dbid', '55001', '23');
INSERT INTO `act_ge_property` VALUES ('schema.history', 'create(6.0.0.4)', '1');
INSERT INTO `act_ge_property` VALUES ('schema.version', '6.0.0.4', '1');

-- ----------------------------
-- Table structure for act_hi_actinst
-- ----------------------------
DROP TABLE IF EXISTS `act_hi_actinst`;
CREATE TABLE `act_hi_actinst` (
  `ID_` varchar(64) COLLATE utf8_bin NOT NULL,
  `PROC_DEF_ID_` varchar(64) COLLATE utf8_bin NOT NULL,
  `PROC_INST_ID_` varchar(64) COLLATE utf8_bin NOT NULL,
  `EXECUTION_ID_` varchar(64) COLLATE utf8_bin NOT NULL,
  `ACT_ID_` varchar(255) COLLATE utf8_bin NOT NULL,
  `TASK_ID_` varchar(64) COLLATE utf8_bin DEFAULT NULL,
  `CALL_PROC_INST_ID_` varchar(64) COLLATE utf8_bin DEFAULT NULL,
  `ACT_NAME_` varchar(255) COLLATE utf8_bin DEFAULT NULL,
  `ACT_TYPE_` varchar(255) COLLATE utf8_bin NOT NULL,
  `ASSIGNEE_` varchar(255) COLLATE utf8_bin DEFAULT NULL,
  `START_TIME_` datetime(3) NOT NULL,
  `END_TIME_` datetime(3) DEFAULT NULL,
  `DURATION_` bigint(20) DEFAULT NULL,
  `DELETE_REASON_` varchar(4000) COLLATE utf8_bin DEFAULT NULL,
  `TENANT_ID_` varchar(255) COLLATE utf8_bin DEFAULT '',
  PRIMARY KEY (`ID_`),
  KEY `ACT_IDX_HI_ACT_INST_START` (`START_TIME_`),
  KEY `ACT_IDX_HI_ACT_INST_END` (`END_TIME_`),
  KEY `ACT_IDX_HI_ACT_INST_PROCINST` (`PROC_INST_ID_`,`ACT_ID_`),
  KEY `ACT_IDX_HI_ACT_INST_EXEC` (`EXECUTION_ID_`,`ACT_ID_`)
) ENGINE=InnoDB DEFAULT CHARSET=utf8 COLLATE=utf8_bin;

-- ----------------------------
-- Records of act_hi_actinst
-- ----------------------------
INSERT INTO `act_hi_actinst` VALUES ('45031', 'YGQJLC:7:45023', '45024', '45030', 'sid-B1532294-B75F-4FB3-B80A-E2774BF4C157', null, null, '开始', 'startEvent', null, '2022-07-01 19:02:55.142', '2022-07-01 19:02:55.142', '0', null, '');
INSERT INTO `act_hi_actinst` VALUES ('45042', 'YGQJLC:7:45023', '45024', '45036', 'sid-EF193F5A-B5DE-4A97-B03D-B9AA3F838902', '45043', null, '会签任务', 'userTask', 'admin', '2022-07-01 19:02:55.145', '2022-07-01 19:03:37.992', '42847', null, '');
INSERT INTO `act_hi_actinst` VALUES ('45044', 'YGQJLC:7:45023', '45024', '45037', 'sid-EF193F5A-B5DE-4A97-B03D-B9AA3F838902', '45045', null, '会签任务', 'userTask', 'dlxh', '2022-07-01 19:02:55.152', '2022-07-01 19:03:54.353', '59201', null, '');
INSERT INTO `act_hi_actinst` VALUES ('45057', 'YGQJLC:7:45023', '45024', '45030', 'sid-53366A03-E322-452E-8573-6EA662BBAB1C', null, null, null, 'exclusiveGateway', null, '2022-07-01 19:03:54.364', '2022-07-01 19:03:54.364', '0', null, '');
INSERT INTO `act_hi_actinst` VALUES ('45058', 'YGQJLC:7:45023', '45024', '45030', 'sid-EFA650BC-FE7A-4377-90B8-07D00D1BE005', '45059', null, 'dlxh审批', 'userTask', 'dlxh', '2022-07-01 19:03:54.364', '2022-07-01 19:04:19.068', '24704', null, '');
INSERT INTO `act_hi_actinst` VALUES ('45062', 'YGQJLC:7:45023', '45024', '45030', 'sid-70976E18-3946-4969-9F0C-3910B9BEAC8B', null, null, '结束', 'endEvent', null, '2022-07-01 19:04:19.068', '2022-07-01 19:04:19.068', '0', null, '');
INSERT INTO `act_hi_actinst` VALUES ('47510', 'YGQJLC:7:45023', '47503', '47509', 'sid-B1532294-B75F-4FB3-B80A-E2774BF4C157', null, null, '开始', 'startEvent', null, '2022-07-02 09:55:39.308', '2022-07-02 09:55:39.308', '0', null, '');
INSERT INTO `act_hi_actinst` VALUES ('47521', 'YGQJLC:7:45023', '47503', '47515', 'sid-EF193F5A-B5DE-4A97-B03D-B9AA3F838902', '47522', null, '会签任务', 'userTask', 'admin', '2022-07-02 09:55:39.315', null, null, null, '');
INSERT INTO `act_hi_actinst` VALUES ('47523', 'YGQJLC:7:45023', '47503', '47516', 'sid-EF193F5A-B5DE-4A97-B03D-B9AA3F838902', '47524', null, '会签任务', 'userTask', 'ry', '2022-07-02 09:55:39.320', null, null, null, '');
INSERT INTO `act_hi_actinst` VALUES ('50008', 'YGQJLC:7:45023', '50001', '50007', 'sid-B1532294-B75F-4FB3-B80A-E2774BF4C157', null, null, '开始', 'startEvent', null, '2022-07-08 09:20:12.384', '2022-07-08 09:20:12.386', '2', null, '');
INSERT INTO `act_hi_actinst` VALUES ('50019', 'YGQJLC:7:45023', '50001', '50013', 'sid-EF193F5A-B5DE-4A97-B03D-B9AA3F838902', '50020', null, '会签任务', 'userTask', 'admin', '2022-07-08 09:20:12.403', null, null, null, '');
INSERT INTO `act_hi_actinst` VALUES ('50021', 'YGQJLC:7:45023', '50001', '50014', 'sid-EF193F5A-B5DE-4A97-B03D-B9AA3F838902', '50022', null, '会签任务', 'userTask', 'ry', '2022-07-08 09:20:12.421', null, null, null, '');

-- ----------------------------
-- Table structure for act_hi_attachment
-- ----------------------------
DROP TABLE IF EXISTS `act_hi_attachment`;
CREATE TABLE `act_hi_attachment` (
  `ID_` varchar(64) COLLATE utf8_bin NOT NULL,
  `REV_` int(11) DEFAULT NULL,
  `USER_ID_` varchar(255) COLLATE utf8_bin DEFAULT NULL,
  `NAME_` varchar(255) COLLATE utf8_bin DEFAULT NULL,
  `DESCRIPTION_` varchar(4000) COLLATE utf8_bin DEFAULT NULL,
  `TYPE_` varchar(255) COLLATE utf8_bin DEFAULT NULL,
  `TASK_ID_` varchar(64) COLLATE utf8_bin DEFAULT NULL,
  `PROC_INST_ID_` varchar(64) COLLATE utf8_bin DEFAULT NULL,
  `URL_` varchar(4000) COLLATE utf8_bin DEFAULT NULL,
  `CONTENT_ID_` varchar(64) COLLATE utf8_bin DEFAULT NULL,
  `TIME_` datetime(3) DEFAULT NULL,
  PRIMARY KEY (`ID_`)
) ENGINE=InnoDB DEFAULT CHARSET=utf8 COLLATE=utf8_bin;

-- ----------------------------
-- Records of act_hi_attachment
-- ----------------------------

-- ----------------------------
-- Table structure for act_hi_comment
-- ----------------------------
DROP TABLE IF EXISTS `act_hi_comment`;
CREATE TABLE `act_hi_comment` (
  `ID_` varchar(64) COLLATE utf8_bin NOT NULL,
  `TYPE_` varchar(255) COLLATE utf8_bin DEFAULT NULL,
  `TIME_` datetime(3) NOT NULL,
  `USER_ID_` varchar(255) COLLATE utf8_bin DEFAULT NULL,
  `TASK_ID_` varchar(64) COLLATE utf8_bin DEFAULT NULL,
  `PROC_INST_ID_` varchar(64) COLLATE utf8_bin DEFAULT NULL,
  `ACTION_` varchar(255) COLLATE utf8_bin DEFAULT NULL,
  `MESSAGE_` varchar(4000) COLLATE utf8_bin DEFAULT NULL,
  `FULL_MSG_` longblob,
  PRIMARY KEY (`ID_`)
) ENGINE=InnoDB DEFAULT CHARSET=utf8 COLLATE=utf8_bin;

-- ----------------------------
-- Records of act_hi_comment
-- ----------------------------
INSERT INTO `act_hi_comment` VALUES ('45049', 'comment', '2022-07-01 19:03:37.981', 'admin', '45043', '45024', 'AddComment', '通过', 0xE9809AE8BF87);
INSERT INTO `act_hi_comment` VALUES ('45056', 'comment', '2022-07-01 19:03:54.336', 'dlxh', '45045', '45024', 'AddComment', '通过', 0xE9809AE8BF87);
INSERT INTO `act_hi_comment` VALUES ('45061', 'comment', '2022-07-01 19:04:19.055', 'dlxh', '45059', '45024', 'AddComment', '同意', 0xE5908CE6848F);

-- ----------------------------
-- Table structure for act_hi_detail
-- ----------------------------
DROP TABLE IF EXISTS `act_hi_detail`;
CREATE TABLE `act_hi_detail` (
  `ID_` varchar(64) COLLATE utf8_bin NOT NULL,
  `TYPE_` varchar(255) COLLATE utf8_bin NOT NULL,
  `PROC_INST_ID_` varchar(64) COLLATE utf8_bin DEFAULT NULL,
  `EXECUTION_ID_` varchar(64) COLLATE utf8_bin DEFAULT NULL,
  `TASK_ID_` varchar(64) COLLATE utf8_bin DEFAULT NULL,
  `ACT_INST_ID_` varchar(64) COLLATE utf8_bin DEFAULT NULL,
  `NAME_` varchar(255) COLLATE utf8_bin NOT NULL,
  `VAR_TYPE_` varchar(255) COLLATE utf8_bin DEFAULT NULL,
  `REV_` int(11) DEFAULT NULL,
  `TIME_` datetime(3) NOT NULL,
  `BYTEARRAY_ID_` varchar(64) COLLATE utf8_bin DEFAULT NULL,
  `DOUBLE_` double DEFAULT NULL,
  `LONG_` bigint(20) DEFAULT NULL,
  `TEXT_` varchar(4000) COLLATE utf8_bin DEFAULT NULL,
  `TEXT2_` varchar(4000) COLLATE utf8_bin DEFAULT NULL,
  PRIMARY KEY (`ID_`),
  KEY `ACT_IDX_HI_DETAIL_PROC_INST` (`PROC_INST_ID_`),
  KEY `ACT_IDX_HI_DETAIL_ACT_INST` (`ACT_INST_ID_`),
  KEY `ACT_IDX_HI_DETAIL_TIME` (`TIME_`),
  KEY `ACT_IDX_HI_DETAIL_NAME` (`NAME_`),
  KEY `ACT_IDX_HI_DETAIL_TASK_ID` (`TASK_ID_`)
) ENGINE=InnoDB DEFAULT CHARSET=utf8 COLLATE=utf8_bin;

-- ----------------------------
-- Records of act_hi_detail
-- ----------------------------

-- ----------------------------
-- Table structure for act_hi_identitylink
-- ----------------------------
DROP TABLE IF EXISTS `act_hi_identitylink`;
CREATE TABLE `act_hi_identitylink` (
  `ID_` varchar(64) COLLATE utf8_bin NOT NULL,
  `GROUP_ID_` varchar(255) COLLATE utf8_bin DEFAULT NULL,
  `TYPE_` varchar(255) COLLATE utf8_bin DEFAULT NULL,
  `USER_ID_` varchar(255) COLLATE utf8_bin DEFAULT NULL,
  `TASK_ID_` varchar(64) COLLATE utf8_bin DEFAULT NULL,
  `PROC_INST_ID_` varchar(64) COLLATE utf8_bin DEFAULT NULL,
  PRIMARY KEY (`ID_`),
  KEY `ACT_IDX_HI_IDENT_LNK_USER` (`USER_ID_`),
  KEY `ACT_IDX_HI_IDENT_LNK_TASK` (`TASK_ID_`),
  KEY `ACT_IDX_HI_IDENT_LNK_PROCINST` (`PROC_INST_ID_`)
) ENGINE=InnoDB DEFAULT CHARSET=utf8 COLLATE=utf8_bin;

-- ----------------------------
-- Records of act_hi_identitylink
-- ----------------------------
INSERT INTO `act_hi_identitylink` VALUES ('45026', null, 'starter', 'admin', null, '45024');
INSERT INTO `act_hi_identitylink` VALUES ('45046', null, 'participant', 'ry', null, '45024');
INSERT INTO `act_hi_identitylink` VALUES ('45047', null, 'candidate', 'dlxh', '45045', null);
INSERT INTO `act_hi_identitylink` VALUES ('45048', null, 'participant', 'dlxh', null, '45024');
INSERT INTO `act_hi_identitylink` VALUES ('45060', null, 'candidate', 'dlxh', '45059', null);
INSERT INTO `act_hi_identitylink` VALUES ('47505', null, 'starter', 'admin', null, '47503');
INSERT INTO `act_hi_identitylink` VALUES ('47525', null, 'participant', 'ry', null, '47503');
INSERT INTO `act_hi_identitylink` VALUES ('47526', null, 'candidate', 'dlxh', '47524', null);
INSERT INTO `act_hi_identitylink` VALUES ('47527', null, 'participant', 'dlxh', null, '47503');
INSERT INTO `act_hi_identitylink` VALUES ('50003', null, 'starter', 'admin', null, '50001');
INSERT INTO `act_hi_identitylink` VALUES ('50023', null, 'participant', 'ry', null, '50001');
INSERT INTO `act_hi_identitylink` VALUES ('50024', null, 'candidate', 'dlxh', '50022', null);
INSERT INTO `act_hi_identitylink` VALUES ('50025', null, 'participant', 'dlxh', null, '50001');

-- ----------------------------
-- Table structure for act_hi_procinst
-- ----------------------------
DROP TABLE IF EXISTS `act_hi_procinst`;
CREATE TABLE `act_hi_procinst` (
  `ID_` varchar(64) COLLATE utf8_bin NOT NULL,
  `PROC_INST_ID_` varchar(64) COLLATE utf8_bin NOT NULL,
  `BUSINESS_KEY_` varchar(255) COLLATE utf8_bin DEFAULT NULL,
  `PROC_DEF_ID_` varchar(64) COLLATE utf8_bin NOT NULL,
  `START_TIME_` datetime(3) NOT NULL,
  `END_TIME_` datetime(3) DEFAULT NULL,
  `DURATION_` bigint(20) DEFAULT NULL,
  `START_USER_ID_` varchar(255) COLLATE utf8_bin DEFAULT NULL,
  `START_ACT_ID_` varchar(255) COLLATE utf8_bin DEFAULT NULL,
  `END_ACT_ID_` varchar(255) COLLATE utf8_bin DEFAULT NULL,
  `SUPER_PROCESS_INSTANCE_ID_` varchar(64) COLLATE utf8_bin DEFAULT NULL,
  `DELETE_REASON_` varchar(4000) COLLATE utf8_bin DEFAULT NULL,
  `TENANT_ID_` varchar(255) COLLATE utf8_bin DEFAULT '',
  `NAME_` varchar(255) COLLATE utf8_bin DEFAULT NULL,
  PRIMARY KEY (`ID_`),
  UNIQUE KEY `PROC_INST_ID_` (`PROC_INST_ID_`),
  KEY `ACT_IDX_HI_PRO_INST_END` (`END_TIME_`),
  KEY `ACT_IDX_HI_PRO_I_BUSKEY` (`BUSINESS_KEY_`)
) ENGINE=InnoDB DEFAULT CHARSET=utf8 COLLATE=utf8_bin;

-- ----------------------------
-- Records of act_hi_procinst
-- ----------------------------
INSERT INTO `act_hi_procinst` VALUES ('45024', '45024', '5', 'YGQJLC:7:45023', '2022-07-01 19:02:55.141', '2022-07-01 19:04:19.079', '83938', 'admin', 'sid-B1532294-B75F-4FB3-B80A-E2774BF4C157', 'sid-70976E18-3946-4969-9F0C-3910B9BEAC8B', null, null, '', null);
INSERT INTO `act_hi_procinst` VALUES ('47503', '47503', '4', 'YGQJLC:7:45023', '2022-07-02 09:55:39.306', null, null, 'admin', 'sid-B1532294-B75F-4FB3-B80A-E2774BF4C157', null, null, null, '', null);
INSERT INTO `act_hi_procinst` VALUES ('50001', '50001', '6', 'YGQJLC:7:45023', '2022-07-08 09:20:12.319', null, null, 'admin', 'sid-B1532294-B75F-4FB3-B80A-E2774BF4C157', null, null, null, '', null);

-- ----------------------------
-- Table structure for act_hi_taskinst
-- ----------------------------
DROP TABLE IF EXISTS `act_hi_taskinst`;
CREATE TABLE `act_hi_taskinst` (
  `ID_` varchar(64) COLLATE utf8_bin NOT NULL,
  `PROC_DEF_ID_` varchar(64) COLLATE utf8_bin DEFAULT NULL,
  `TASK_DEF_KEY_` varchar(255) COLLATE utf8_bin DEFAULT NULL,
  `PROC_INST_ID_` varchar(64) COLLATE utf8_bin DEFAULT NULL,
  `EXECUTION_ID_` varchar(64) COLLATE utf8_bin DEFAULT NULL,
  `NAME_` varchar(255) COLLATE utf8_bin DEFAULT NULL,
  `PARENT_TASK_ID_` varchar(64) COLLATE utf8_bin DEFAULT NULL,
  `DESCRIPTION_` varchar(4000) COLLATE utf8_bin DEFAULT NULL,
  `OWNER_` varchar(255) COLLATE utf8_bin DEFAULT NULL,
  `ASSIGNEE_` varchar(255) COLLATE utf8_bin DEFAULT NULL,
  `START_TIME_` datetime(3) NOT NULL,
  `CLAIM_TIME_` datetime(3) DEFAULT NULL,
  `END_TIME_` datetime(3) DEFAULT NULL,
  `DURATION_` bigint(20) DEFAULT NULL,
  `DELETE_REASON_` varchar(4000) COLLATE utf8_bin DEFAULT NULL,
  `PRIORITY_` int(11) DEFAULT NULL,
  `DUE_DATE_` datetime(3) DEFAULT NULL,
  `FORM_KEY_` varchar(255) COLLATE utf8_bin DEFAULT NULL,
  `CATEGORY_` varchar(255) COLLATE utf8_bin DEFAULT NULL,
  `TENANT_ID_` varchar(255) COLLATE utf8_bin DEFAULT '',
  PRIMARY KEY (`ID_`),
  KEY `ACT_IDX_HI_TASK_INST_PROCINST` (`PROC_INST_ID_`)
) ENGINE=InnoDB DEFAULT CHARSET=utf8 COLLATE=utf8_bin;

-- ----------------------------
-- Records of act_hi_taskinst
-- ----------------------------
INSERT INTO `act_hi_taskinst` VALUES ('45043', 'YGQJLC:7:45023', 'sid-EF193F5A-B5DE-4A97-B03D-B9AA3F838902', '45024', '45036', '会签任务', null, null, null, 'admin', '2022-07-01 19:02:55.145', '2022-07-01 19:03:37.976', '2022-07-01 19:03:37.989', '42844', null, '50', null, null, null, '');
INSERT INTO `act_hi_taskinst` VALUES ('45045', 'YGQJLC:7:45023', 'sid-EF193F5A-B5DE-4A97-B03D-B9AA3F838902', '45024', '45037', '会签任务', null, null, null, 'dlxh', '2022-07-01 19:02:55.153', '2022-07-01 19:03:54.327', '2022-07-01 19:03:54.353', '59200', null, '50', null, null, null, '');
INSERT INTO `act_hi_taskinst` VALUES ('45059', 'YGQJLC:7:45023', 'sid-EFA650BC-FE7A-4377-90B8-07D00D1BE005', '45024', '45030', 'dlxh审批', null, null, null, 'dlxh', '2022-07-01 19:03:54.365', '2022-07-01 19:04:19.048', '2022-07-01 19:04:19.066', '24701', null, '50', null, null, null, '');
INSERT INTO `act_hi_taskinst` VALUES ('47522', 'YGQJLC:7:45023', 'sid-EF193F5A-B5DE-4A97-B03D-B9AA3F838902', '47503', '47515', '会签任务', null, null, null, 'admin', '2022-07-02 09:55:39.316', null, null, null, null, '50', null, null, null, '');
INSERT INTO `act_hi_taskinst` VALUES ('47524', 'YGQJLC:7:45023', 'sid-EF193F5A-B5DE-4A97-B03D-B9AA3F838902', '47503', '47516', '会签任务', null, null, null, 'ry', '2022-07-02 09:55:39.320', null, null, null, null, '50', null, null, null, '');
INSERT INTO `act_hi_taskinst` VALUES ('50020', 'YGQJLC:7:45023', 'sid-EF193F5A-B5DE-4A97-B03D-B9AA3F838902', '50001', '50013', '会签任务', null, null, null, 'admin', '2022-07-08 09:20:12.404', null, null, null, null, '50', null, null, null, '');
INSERT INTO `act_hi_taskinst` VALUES ('50022', 'YGQJLC:7:45023', 'sid-EF193F5A-B5DE-4A97-B03D-B9AA3F838902', '50001', '50014', '会签任务', null, null, null, 'ry', '2022-07-08 09:20:12.421', null, null, null, null, '50', null, null, null, '');

-- ----------------------------
-- Table structure for act_hi_varinst
-- ----------------------------
DROP TABLE IF EXISTS `act_hi_varinst`;
CREATE TABLE `act_hi_varinst` (
  `ID_` varchar(64) COLLATE utf8_bin NOT NULL,
  `PROC_INST_ID_` varchar(64) COLLATE utf8_bin DEFAULT NULL,
  `EXECUTION_ID_` varchar(64) COLLATE utf8_bin DEFAULT NULL,
  `TASK_ID_` varchar(64) COLLATE utf8_bin DEFAULT NULL,
  `NAME_` varchar(255) COLLATE utf8_bin NOT NULL,
  `VAR_TYPE_` varchar(100) COLLATE utf8_bin DEFAULT NULL,
  `REV_` int(11) DEFAULT NULL,
  `BYTEARRAY_ID_` varchar(64) COLLATE utf8_bin DEFAULT NULL,
  `DOUBLE_` double DEFAULT NULL,
  `LONG_` bigint(20) DEFAULT NULL,
  `TEXT_` varchar(4000) COLLATE utf8_bin DEFAULT NULL,
  `TEXT2_` varchar(4000) COLLATE utf8_bin DEFAULT NULL,
  `CREATE_TIME_` datetime(3) DEFAULT NULL,
  `LAST_UPDATED_TIME_` datetime(3) DEFAULT NULL,
  PRIMARY KEY (`ID_`),
  KEY `ACT_IDX_HI_PROCVAR_PROC_INST` (`PROC_INST_ID_`),
  KEY `ACT_IDX_HI_PROCVAR_NAME_TYPE` (`NAME_`,`VAR_TYPE_`),
  KEY `ACT_IDX_HI_PROCVAR_TASK_ID` (`TASK_ID_`)
) ENGINE=InnoDB DEFAULT CHARSET=utf8 COLLATE=utf8_bin;

-- ----------------------------
-- Records of act_hi_varinst
-- ----------------------------
INSERT INTO `act_hi_varinst` VALUES ('45025', '45024', '45024', null, 'applyUserId', 'string', '0', null, null, null, 'admin', null, '2022-07-01 19:02:55.141', '2022-07-01 19:02:55.141');
INSERT INTO `act_hi_varinst` VALUES ('45028', '45024', '45024', null, 'users', 'serializable', '0', '45029', null, null, null, null, '2022-07-01 19:02:55.142', '2022-07-01 19:02:55.142');
INSERT INTO `act_hi_varinst` VALUES ('45032', '45024', '45024', null, 'approvedCounter', 'long', '2', null, null, '2', '2', null, '2022-07-01 19:02:55.144', '2022-07-01 19:03:54.350');
INSERT INTO `act_hi_varinst` VALUES ('45033', '45024', '45030', null, 'nrOfInstances', 'integer', '0', null, null, '2', '2', null, '2022-07-01 19:02:55.145', '2022-07-01 19:02:55.145');
INSERT INTO `act_hi_varinst` VALUES ('45034', '45024', '45030', null, 'nrOfCompletedInstances', 'integer', '2', null, null, '2', '2', null, '2022-07-01 19:02:55.145', '2022-07-01 19:03:54.354');
INSERT INTO `act_hi_varinst` VALUES ('45035', '45024', '45030', null, 'nrOfActiveInstances', 'integer', '2', null, null, '0', '0', null, '2022-07-01 19:02:55.145', '2022-07-01 19:03:54.354');
INSERT INTO `act_hi_varinst` VALUES ('45038', '45024', '45036', null, 'loopCounter', 'integer', '0', null, null, '0', '0', null, '2022-07-01 19:02:55.145', '2022-07-01 19:02:55.145');
INSERT INTO `act_hi_varinst` VALUES ('45039', '45024', '45036', null, 'user', 'string', '0', null, null, null, 'admin', null, '2022-07-01 19:02:55.145', '2022-07-01 19:02:55.145');
INSERT INTO `act_hi_varinst` VALUES ('45040', '45024', '45037', null, 'loopCounter', 'integer', '0', null, null, '1', '1', null, '2022-07-01 19:02:55.145', '2022-07-01 19:02:55.145');
INSERT INTO `act_hi_varinst` VALUES ('45041', '45024', '45037', null, 'user', 'string', '0', null, null, null, 'ry', null, '2022-07-01 19:02:55.145', '2022-07-01 19:02:55.145');
INSERT INTO `act_hi_varinst` VALUES ('45050', '45024', '45024', null, 'task_id', 'string', '2', null, null, null, '45059', null, '2022-07-01 19:03:37.985', '2022-07-01 19:04:19.059');
INSERT INTO `act_hi_varinst` VALUES ('45051', '45024', '45024', null, 'instance_id', 'string', '2', null, null, null, '45024', null, '2022-07-01 19:03:37.985', '2022-07-01 19:04:19.060');
INSERT INTO `act_hi_varinst` VALUES ('45052', '45024', '45024', null, 'comment', 'string', '2', null, null, null, '同意', null, '2022-07-01 19:03:37.985', '2022-07-01 19:04:19.060');
INSERT INTO `act_hi_varinst` VALUES ('45053', '45024', '45024', null, 'pass', 'boolean', '2', null, null, '1', null, null, '2022-07-01 19:03:37.985', '2022-07-01 19:04:19.061');
INSERT INTO `act_hi_varinst` VALUES ('45054', '45024', '45024', null, 'formData', 'string', '2', null, null, null, '{\"totalTime\":null}', null, '2022-07-01 19:03:37.985', '2022-07-01 19:04:19.061');
INSERT INTO `act_hi_varinst` VALUES ('45055', '45024', '45024', null, 'totalTime', 'null', '2', null, null, null, null, null, '2022-07-01 19:03:37.985', '2022-07-01 19:04:19.062');
INSERT INTO `act_hi_varinst` VALUES ('47504', '47503', '47503', null, 'applyUserId', 'string', '0', null, null, null, 'admin', null, '2022-07-02 09:55:39.307', '2022-07-02 09:55:39.307');
INSERT INTO `act_hi_varinst` VALUES ('47507', '47503', '47503', null, 'users', 'serializable', '0', '47508', null, null, null, null, '2022-07-02 09:55:39.307', '2022-07-02 09:55:39.307');
INSERT INTO `act_hi_varinst` VALUES ('47511', '47503', '47503', null, 'approvedCounter', 'long', '0', null, null, '0', '0', null, '2022-07-02 09:55:39.311', '2022-07-02 09:55:39.311');
INSERT INTO `act_hi_varinst` VALUES ('47512', '47503', '47509', null, 'nrOfInstances', 'integer', '0', null, null, '2', '2', null, '2022-07-02 09:55:39.311', '2022-07-02 09:55:39.311');
INSERT INTO `act_hi_varinst` VALUES ('47513', '47503', '47509', null, 'nrOfCompletedInstances', 'integer', '0', null, null, '0', '0', null, '2022-07-02 09:55:39.311', '2022-07-02 09:55:39.311');
INSERT INTO `act_hi_varinst` VALUES ('47514', '47503', '47509', null, 'nrOfActiveInstances', 'integer', '0', null, null, '2', '2', null, '2022-07-02 09:55:39.311', '2022-07-02 09:55:39.311');
INSERT INTO `act_hi_varinst` VALUES ('47517', '47503', '47515', null, 'loopCounter', 'integer', '0', null, null, '0', '0', null, '2022-07-02 09:55:39.311', '2022-07-02 09:55:39.311');
INSERT INTO `act_hi_varinst` VALUES ('47518', '47503', '47515', null, 'user', 'string', '0', null, null, null, 'admin', null, '2022-07-02 09:55:39.311', '2022-07-02 09:55:39.311');
INSERT INTO `act_hi_varinst` VALUES ('47519', '47503', '47516', null, 'loopCounter', 'integer', '0', null, null, '1', '1', null, '2022-07-02 09:55:39.315', '2022-07-02 09:55:39.315');
INSERT INTO `act_hi_varinst` VALUES ('47520', '47503', '47516', null, 'user', 'string', '0', null, null, null, 'ry', null, '2022-07-02 09:55:39.315', '2022-07-02 09:55:39.315');
INSERT INTO `act_hi_varinst` VALUES ('50002', '50001', '50001', null, 'applyUserId', 'string', '0', null, null, null, 'admin', null, '2022-07-08 09:20:12.360', '2022-07-08 09:20:12.360');
INSERT INTO `act_hi_varinst` VALUES ('50005', '50001', '50001', null, 'users', 'serializable', '0', '50006', null, null, null, null, '2022-07-08 09:20:12.380', '2022-07-08 09:20:12.380');
INSERT INTO `act_hi_varinst` VALUES ('50009', '50001', '50001', null, 'approvedCounter', 'long', '0', null, null, '0', '0', null, '2022-07-08 09:20:12.400', '2022-07-08 09:20:12.400');
INSERT INTO `act_hi_varinst` VALUES ('50010', '50001', '50007', null, 'nrOfInstances', 'integer', '0', null, null, '2', '2', null, '2022-07-08 09:20:12.402', '2022-07-08 09:20:12.402');
INSERT INTO `act_hi_varinst` VALUES ('50011', '50001', '50007', null, 'nrOfCompletedInstances', 'integer', '0', null, null, '0', '0', null, '2022-07-08 09:20:12.402', '2022-07-08 09:20:12.402');
INSERT INTO `act_hi_varinst` VALUES ('50012', '50001', '50007', null, 'nrOfActiveInstances', 'integer', '0', null, null, '2', '2', null, '2022-07-08 09:20:12.402', '2022-07-08 09:20:12.402');
INSERT INTO `act_hi_varinst` VALUES ('50015', '50001', '50013', null, 'loopCounter', 'integer', '0', null, null, '0', '0', null, '2022-07-08 09:20:12.402', '2022-07-08 09:20:12.402');
INSERT INTO `act_hi_varinst` VALUES ('50016', '50001', '50013', null, 'user', 'string', '0', null, null, null, 'admin', null, '2022-07-08 09:20:12.402', '2022-07-08 09:20:12.402');
INSERT INTO `act_hi_varinst` VALUES ('50017', '50001', '50014', null, 'loopCounter', 'integer', '0', null, null, '1', '1', null, '2022-07-08 09:20:12.403', '2022-07-08 09:20:12.403');
INSERT INTO `act_hi_varinst` VALUES ('50018', '50001', '50014', null, 'user', 'string', '0', null, null, null, 'ry', null, '2022-07-08 09:20:12.403', '2022-07-08 09:20:12.403');

-- ----------------------------
-- Table structure for act_procdef_info
-- ----------------------------
DROP TABLE IF EXISTS `act_procdef_info`;
CREATE TABLE `act_procdef_info` (
  `ID_` varchar(64) COLLATE utf8_bin NOT NULL,
  `PROC_DEF_ID_` varchar(64) COLLATE utf8_bin NOT NULL,
  `REV_` int(11) DEFAULT NULL,
  `INFO_JSON_ID_` varchar(64) COLLATE utf8_bin DEFAULT NULL,
  PRIMARY KEY (`ID_`),
  UNIQUE KEY `ACT_UNIQ_INFO_PROCDEF` (`PROC_DEF_ID_`),
  KEY `ACT_IDX_INFO_PROCDEF` (`PROC_DEF_ID_`),
  KEY `ACT_FK_INFO_JSON_BA` (`INFO_JSON_ID_`),
  CONSTRAINT `ACT_FK_INFO_JSON_BA` FOREIGN KEY (`INFO_JSON_ID_`) REFERENCES `act_ge_bytearray` (`ID_`),
  CONSTRAINT `ACT_FK_INFO_PROCDEF` FOREIGN KEY (`PROC_DEF_ID_`) REFERENCES `act_re_procdef` (`ID_`)
) ENGINE=InnoDB DEFAULT CHARSET=utf8 COLLATE=utf8_bin;

-- ----------------------------
-- Records of act_procdef_info
-- ----------------------------

-- ----------------------------
-- Table structure for act_re_deployment
-- ----------------------------
DROP TABLE IF EXISTS `act_re_deployment`;
CREATE TABLE `act_re_deployment` (
  `ID_` varchar(64) COLLATE utf8_bin NOT NULL,
  `NAME_` varchar(255) COLLATE utf8_bin DEFAULT NULL,
  `CATEGORY_` varchar(255) COLLATE utf8_bin DEFAULT NULL,
  `KEY_` varchar(255) COLLATE utf8_bin DEFAULT NULL,
  `TENANT_ID_` varchar(255) COLLATE utf8_bin DEFAULT '',
  `DEPLOY_TIME_` timestamp(3) NULL DEFAULT NULL,
  `ENGINE_VERSION_` varchar(255) COLLATE utf8_bin DEFAULT NULL,
  PRIMARY KEY (`ID_`)
) ENGINE=InnoDB DEFAULT CHARSET=utf8 COLLATE=utf8_bin;

-- ----------------------------
-- Records of act_re_deployment
-- ----------------------------
INSERT INTO `act_re_deployment` VALUES ('45020', '员工请假流程', null, null, '', '2022-07-01 19:02:33.762', null);

-- ----------------------------
-- Table structure for act_re_model
-- ----------------------------
DROP TABLE IF EXISTS `act_re_model`;
CREATE TABLE `act_re_model` (
  `ID_` varchar(64) COLLATE utf8_bin NOT NULL,
  `REV_` int(11) DEFAULT NULL,
  `NAME_` varchar(255) COLLATE utf8_bin DEFAULT NULL,
  `KEY_` varchar(255) COLLATE utf8_bin DEFAULT NULL,
  `CATEGORY_` varchar(255) COLLATE utf8_bin DEFAULT NULL,
  `CREATE_TIME_` timestamp(3) NULL DEFAULT NULL,
  `LAST_UPDATE_TIME_` timestamp(3) NULL DEFAULT NULL,
  `VERSION_` int(11) DEFAULT NULL,
  `META_INFO_` varchar(4000) COLLATE utf8_bin DEFAULT NULL,
  `DEPLOYMENT_ID_` varchar(64) COLLATE utf8_bin DEFAULT NULL,
  `EDITOR_SOURCE_VALUE_ID_` varchar(64) COLLATE utf8_bin DEFAULT NULL,
  `EDITOR_SOURCE_EXTRA_VALUE_ID_` varchar(64) COLLATE utf8_bin DEFAULT NULL,
  `TENANT_ID_` varchar(255) COLLATE utf8_bin DEFAULT '',
  PRIMARY KEY (`ID_`),
  KEY `ACT_FK_MODEL_SOURCE` (`EDITOR_SOURCE_VALUE_ID_`),
  KEY `ACT_FK_MODEL_SOURCE_EXTRA` (`EDITOR_SOURCE_EXTRA_VALUE_ID_`),
  KEY `ACT_FK_MODEL_DEPLOYMENT` (`DEPLOYMENT_ID_`),
  CONSTRAINT `ACT_FK_MODEL_DEPLOYMENT` FOREIGN KEY (`DEPLOYMENT_ID_`) REFERENCES `act_re_deployment` (`ID_`),
  CONSTRAINT `ACT_FK_MODEL_SOURCE` FOREIGN KEY (`EDITOR_SOURCE_VALUE_ID_`) REFERENCES `act_ge_bytearray` (`ID_`),
  CONSTRAINT `ACT_FK_MODEL_SOURCE_EXTRA` FOREIGN KEY (`EDITOR_SOURCE_EXTRA_VALUE_ID_`) REFERENCES `act_ge_bytearray` (`ID_`)
) ENGINE=InnoDB DEFAULT CHARSET=utf8 COLLATE=utf8_bin;

-- ----------------------------
-- Records of act_re_model
-- ----------------------------
INSERT INTO `act_re_model` VALUES ('1', '13', '员工请假流程', 'YGQJLC', '1', '2022-02-22 23:14:56.257', '2022-07-01 19:02:28.251', '3', '{\"name\":\"员工请假流程\",\"revision\":1,\"description\":\"转正了起飞了\"}', null, '2', '2501', '');
INSERT INTO `act_re_model` VALUES ('52501', '2', '演示', 'DEMO', '0', '2022-07-09 11:32:33.149', '2022-07-09 11:32:33.161', '1', '{\"name\":\"演示\",\"revision\":1,\"description\":\"\"}', null, '52502', null, '');

-- ----------------------------
-- Table structure for act_re_procdef
-- ----------------------------
DROP TABLE IF EXISTS `act_re_procdef`;
CREATE TABLE `act_re_procdef` (
  `ID_` varchar(64) COLLATE utf8_bin NOT NULL,
  `REV_` int(11) DEFAULT NULL,
  `CATEGORY_` varchar(255) COLLATE utf8_bin DEFAULT NULL,
  `NAME_` varchar(255) COLLATE utf8_bin DEFAULT NULL,
  `KEY_` varchar(255) COLLATE utf8_bin NOT NULL,
  `VERSION_` int(11) NOT NULL,
  `DEPLOYMENT_ID_` varchar(64) COLLATE utf8_bin DEFAULT NULL,
  `RESOURCE_NAME_` varchar(4000) COLLATE utf8_bin DEFAULT NULL,
  `DGRM_RESOURCE_NAME_` varchar(4000) COLLATE utf8_bin DEFAULT NULL,
  `DESCRIPTION_` varchar(4000) COLLATE utf8_bin DEFAULT NULL,
  `HAS_START_FORM_KEY_` tinyint(4) DEFAULT NULL,
  `HAS_GRAPHICAL_NOTATION_` tinyint(4) DEFAULT NULL,
  `SUSPENSION_STATE_` int(11) DEFAULT NULL,
  `TENANT_ID_` varchar(255) COLLATE utf8_bin DEFAULT '',
  `ENGINE_VERSION_` varchar(255) COLLATE utf8_bin DEFAULT NULL,
  PRIMARY KEY (`ID_`),
  UNIQUE KEY `ACT_UNIQ_PROCDEF` (`KEY_`,`VERSION_`,`TENANT_ID_`)
) ENGINE=InnoDB DEFAULT CHARSET=utf8 COLLATE=utf8_bin;

-- ----------------------------
-- Records of act_re_procdef
-- ----------------------------
INSERT INTO `act_re_procdef` VALUES ('YGQJLC:7:45023', '1', '1', '员工请假流程', 'YGQJLC', '7', '45020', '员工请假流程.bpmn20.xml', '员工请假流程.YGQJLC.png', null, '0', '1', '1', '', null);

-- ----------------------------
-- Table structure for act_ru_deadletter_job
-- ----------------------------
DROP TABLE IF EXISTS `act_ru_deadletter_job`;
CREATE TABLE `act_ru_deadletter_job` (
  `ID_` varchar(64) COLLATE utf8_bin NOT NULL,
  `REV_` int(11) DEFAULT NULL,
  `TYPE_` varchar(255) COLLATE utf8_bin NOT NULL,
  `EXCLUSIVE_` tinyint(1) DEFAULT NULL,
  `EXECUTION_ID_` varchar(64) COLLATE utf8_bin DEFAULT NULL,
  `PROCESS_INSTANCE_ID_` varchar(64) COLLATE utf8_bin DEFAULT NULL,
  `PROC_DEF_ID_` varchar(64) COLLATE utf8_bin DEFAULT NULL,
  `EXCEPTION_STACK_ID_` varchar(64) COLLATE utf8_bin DEFAULT NULL,
  `EXCEPTION_MSG_` varchar(4000) COLLATE utf8_bin DEFAULT NULL,
  `DUEDATE_` timestamp(3) NULL DEFAULT NULL,
  `REPEAT_` varchar(255) COLLATE utf8_bin DEFAULT NULL,
  `HANDLER_TYPE_` varchar(255) COLLATE utf8_bin DEFAULT NULL,
  `HANDLER_CFG_` varchar(4000) COLLATE utf8_bin DEFAULT NULL,
  `TENANT_ID_` varchar(255) COLLATE utf8_bin DEFAULT '',
  PRIMARY KEY (`ID_`),
  KEY `ACT_FK_DEADLETTER_JOB_EXECUTION` (`EXECUTION_ID_`),
  KEY `ACT_FK_DEADLETTER_JOB_PROCESS_INSTANCE` (`PROCESS_INSTANCE_ID_`),
  KEY `ACT_FK_DEADLETTER_JOB_PROC_DEF` (`PROC_DEF_ID_`),
  KEY `ACT_FK_DEADLETTER_JOB_EXCEPTION` (`EXCEPTION_STACK_ID_`),
  CONSTRAINT `ACT_FK_DEADLETTER_JOB_EXCEPTION` FOREIGN KEY (`EXCEPTION_STACK_ID_`) REFERENCES `act_ge_bytearray` (`ID_`),
  CONSTRAINT `ACT_FK_DEADLETTER_JOB_EXECUTION` FOREIGN KEY (`EXECUTION_ID_`) REFERENCES `act_ru_execution` (`ID_`),
  CONSTRAINT `ACT_FK_DEADLETTER_JOB_PROCESS_INSTANCE` FOREIGN KEY (`PROCESS_INSTANCE_ID_`) REFERENCES `act_ru_execution` (`ID_`),
  CONSTRAINT `ACT_FK_DEADLETTER_JOB_PROC_DEF` FOREIGN KEY (`PROC_DEF_ID_`) REFERENCES `act_re_procdef` (`ID_`)
) ENGINE=InnoDB DEFAULT CHARSET=utf8 COLLATE=utf8_bin;

-- ----------------------------
-- Records of act_ru_deadletter_job
-- ----------------------------

-- ----------------------------
-- Table structure for act_ru_event_subscr
-- ----------------------------
DROP TABLE IF EXISTS `act_ru_event_subscr`;
CREATE TABLE `act_ru_event_subscr` (
  `ID_` varchar(64) COLLATE utf8_bin NOT NULL,
  `REV_` int(11) DEFAULT NULL,
  `EVENT_TYPE_` varchar(255) COLLATE utf8_bin NOT NULL,
  `EVENT_NAME_` varchar(255) COLLATE utf8_bin DEFAULT NULL,
  `EXECUTION_ID_` varchar(64) COLLATE utf8_bin DEFAULT NULL,
  `PROC_INST_ID_` varchar(64) COLLATE utf8_bin DEFAULT NULL,
  `ACTIVITY_ID_` varchar(64) COLLATE utf8_bin DEFAULT NULL,
  `CONFIGURATION_` varchar(255) COLLATE utf8_bin DEFAULT NULL,
  `CREATED_` timestamp(3) NOT NULL DEFAULT CURRENT_TIMESTAMP(3),
  `PROC_DEF_ID_` varchar(64) COLLATE utf8_bin DEFAULT NULL,
  `TENANT_ID_` varchar(255) COLLATE utf8_bin DEFAULT '',
  PRIMARY KEY (`ID_`),
  KEY `ACT_IDX_EVENT_SUBSCR_CONFIG_` (`CONFIGURATION_`),
  KEY `ACT_FK_EVENT_EXEC` (`EXECUTION_ID_`),
  CONSTRAINT `ACT_FK_EVENT_EXEC` FOREIGN KEY (`EXECUTION_ID_`) REFERENCES `act_ru_execution` (`ID_`)
) ENGINE=InnoDB DEFAULT CHARSET=utf8 COLLATE=utf8_bin;

-- ----------------------------
-- Records of act_ru_event_subscr
-- ----------------------------

-- ----------------------------
-- Table structure for act_ru_execution
-- ----------------------------
DROP TABLE IF EXISTS `act_ru_execution`;
CREATE TABLE `act_ru_execution` (
  `ID_` varchar(64) COLLATE utf8_bin NOT NULL,
  `REV_` int(11) DEFAULT NULL,
  `PROC_INST_ID_` varchar(64) COLLATE utf8_bin DEFAULT NULL,
  `BUSINESS_KEY_` varchar(255) COLLATE utf8_bin DEFAULT NULL,
  `PARENT_ID_` varchar(64) COLLATE utf8_bin DEFAULT NULL,
  `PROC_DEF_ID_` varchar(64) COLLATE utf8_bin DEFAULT NULL,
  `SUPER_EXEC_` varchar(64) COLLATE utf8_bin DEFAULT NULL,
  `ROOT_PROC_INST_ID_` varchar(64) COLLATE utf8_bin DEFAULT NULL,
  `ACT_ID_` varchar(255) COLLATE utf8_bin DEFAULT NULL,
  `IS_ACTIVE_` tinyint(4) DEFAULT NULL,
  `IS_CONCURRENT_` tinyint(4) DEFAULT NULL,
  `IS_SCOPE_` tinyint(4) DEFAULT NULL,
  `IS_EVENT_SCOPE_` tinyint(4) DEFAULT NULL,
  `IS_MI_ROOT_` tinyint(4) DEFAULT NULL,
  `SUSPENSION_STATE_` int(11) DEFAULT NULL,
  `CACHED_ENT_STATE_` int(11) DEFAULT NULL,
  `TENANT_ID_` varchar(255) COLLATE utf8_bin DEFAULT '',
  `NAME_` varchar(255) COLLATE utf8_bin DEFAULT NULL,
  `START_TIME_` datetime(3) DEFAULT NULL,
  `START_USER_ID_` varchar(255) COLLATE utf8_bin DEFAULT NULL,
  `LOCK_TIME_` timestamp(3) NULL DEFAULT NULL,
  `IS_COUNT_ENABLED_` tinyint(4) DEFAULT NULL,
  `EVT_SUBSCR_COUNT_` int(11) DEFAULT NULL,
  `TASK_COUNT_` int(11) DEFAULT NULL,
  `JOB_COUNT_` int(11) DEFAULT NULL,
  `TIMER_JOB_COUNT_` int(11) DEFAULT NULL,
  `SUSP_JOB_COUNT_` int(11) DEFAULT NULL,
  `DEADLETTER_JOB_COUNT_` int(11) DEFAULT NULL,
  `VAR_COUNT_` int(11) DEFAULT NULL,
  `ID_LINK_COUNT_` int(11) DEFAULT NULL,
  PRIMARY KEY (`ID_`),
  KEY `ACT_IDX_EXEC_BUSKEY` (`BUSINESS_KEY_`),
  KEY `ACT_IDC_EXEC_ROOT` (`ROOT_PROC_INST_ID_`),
  KEY `ACT_FK_EXE_PROCINST` (`PROC_INST_ID_`),
  KEY `ACT_FK_EXE_PARENT` (`PARENT_ID_`),
  KEY `ACT_FK_EXE_SUPER` (`SUPER_EXEC_`),
  KEY `ACT_FK_EXE_PROCDEF` (`PROC_DEF_ID_`),
  CONSTRAINT `ACT_FK_EXE_PARENT` FOREIGN KEY (`PARENT_ID_`) REFERENCES `act_ru_execution` (`ID_`) ON DELETE CASCADE,
  CONSTRAINT `ACT_FK_EXE_PROCDEF` FOREIGN KEY (`PROC_DEF_ID_`) REFERENCES `act_re_procdef` (`ID_`),
  CONSTRAINT `ACT_FK_EXE_PROCINST` FOREIGN KEY (`PROC_INST_ID_`) REFERENCES `act_ru_execution` (`ID_`) ON DELETE CASCADE ON UPDATE CASCADE,
  CONSTRAINT `ACT_FK_EXE_SUPER` FOREIGN KEY (`SUPER_EXEC_`) REFERENCES `act_ru_execution` (`ID_`) ON DELETE CASCADE
) ENGINE=InnoDB DEFAULT CHARSET=utf8 COLLATE=utf8_bin;

-- ----------------------------
-- Records of act_ru_execution
-- ----------------------------
INSERT INTO `act_ru_execution` VALUES ('47503', '1', '47503', '4', null, 'YGQJLC:7:45023', null, '47503', null, '1', '0', '1', '0', '0', '1', null, '', null, '2022-07-02 09:55:39.306', 'admin', null, '0', '0', '0', '0', '0', '0', '0', '0', '0');
INSERT INTO `act_ru_execution` VALUES ('47509', '1', '47503', null, '47503', 'YGQJLC:7:45023', null, '47503', 'sid-EF193F5A-B5DE-4A97-B03D-B9AA3F838902', '0', '0', '0', '0', '1', '1', null, '', null, '2022-07-02 09:55:39.307', null, null, '0', '0', '0', '0', '0', '0', '0', '0', '0');
INSERT INTO `act_ru_execution` VALUES ('47515', '1', '47503', null, '47509', 'YGQJLC:7:45023', null, '47503', 'sid-EF193F5A-B5DE-4A97-B03D-B9AA3F838902', '1', '0', '0', '0', '0', '1', null, '', null, '2022-07-02 09:55:39.311', null, null, '0', '0', '0', '0', '0', '0', '0', '0', '0');
INSERT INTO `act_ru_execution` VALUES ('47516', '1', '47503', null, '47509', 'YGQJLC:7:45023', null, '47503', 'sid-EF193F5A-B5DE-4A97-B03D-B9AA3F838902', '1', '0', '0', '0', '0', '1', null, '', null, '2022-07-02 09:55:39.311', null, null, '0', '0', '0', '0', '0', '0', '0', '0', '0');
INSERT INTO `act_ru_execution` VALUES ('50001', '1', '50001', '6', null, 'YGQJLC:7:45023', null, '50001', null, '1', '0', '1', '0', '0', '1', null, '', null, '2022-07-08 09:20:12.319', 'admin', null, '0', '0', '0', '0', '0', '0', '0', '0', '0');
INSERT INTO `act_ru_execution` VALUES ('50007', '1', '50001', null, '50001', 'YGQJLC:7:45023', null, '50001', 'sid-EF193F5A-B5DE-4A97-B03D-B9AA3F838902', '0', '0', '0', '0', '1', '1', null, '', null, '2022-07-08 09:20:12.380', null, null, '0', '0', '0', '0', '0', '0', '0', '0', '0');
INSERT INTO `act_ru_execution` VALUES ('50013', '1', '50001', null, '50007', 'YGQJLC:7:45023', null, '50001', 'sid-EF193F5A-B5DE-4A97-B03D-B9AA3F838902', '1', '0', '0', '0', '0', '1', null, '', null, '2022-07-08 09:20:12.402', null, null, '0', '0', '0', '0', '0', '0', '0', '0', '0');
INSERT INTO `act_ru_execution` VALUES ('50014', '1', '50001', null, '50007', 'YGQJLC:7:45023', null, '50001', 'sid-EF193F5A-B5DE-4A97-B03D-B9AA3F838902', '1', '0', '0', '0', '0', '1', null, '', null, '2022-07-08 09:20:12.402', null, null, '0', '0', '0', '0', '0', '0', '0', '0', '0');

-- ----------------------------
-- Table structure for act_ru_identitylink
-- ----------------------------
DROP TABLE IF EXISTS `act_ru_identitylink`;
CREATE TABLE `act_ru_identitylink` (
  `ID_` varchar(64) COLLATE utf8_bin NOT NULL,
  `REV_` int(11) DEFAULT NULL,
  `GROUP_ID_` varchar(255) COLLATE utf8_bin DEFAULT NULL,
  `TYPE_` varchar(255) COLLATE utf8_bin DEFAULT NULL,
  `USER_ID_` varchar(255) COLLATE utf8_bin DEFAULT NULL,
  `TASK_ID_` varchar(64) COLLATE utf8_bin DEFAULT NULL,
  `PROC_INST_ID_` varchar(64) COLLATE utf8_bin DEFAULT NULL,
  `PROC_DEF_ID_` varchar(64) COLLATE utf8_bin DEFAULT NULL,
  PRIMARY KEY (`ID_`),
  KEY `ACT_IDX_IDENT_LNK_USER` (`USER_ID_`),
  KEY `ACT_IDX_IDENT_LNK_GROUP` (`GROUP_ID_`),
  KEY `ACT_IDX_ATHRZ_PROCEDEF` (`PROC_DEF_ID_`),
  KEY `ACT_FK_TSKASS_TASK` (`TASK_ID_`),
  KEY `ACT_FK_IDL_PROCINST` (`PROC_INST_ID_`),
  CONSTRAINT `ACT_FK_ATHRZ_PROCEDEF` FOREIGN KEY (`PROC_DEF_ID_`) REFERENCES `act_re_procdef` (`ID_`),
  CONSTRAINT `ACT_FK_IDL_PROCINST` FOREIGN KEY (`PROC_INST_ID_`) REFERENCES `act_ru_execution` (`ID_`),
  CONSTRAINT `ACT_FK_TSKASS_TASK` FOREIGN KEY (`TASK_ID_`) REFERENCES `act_ru_task` (`ID_`)
) ENGINE=InnoDB DEFAULT CHARSET=utf8 COLLATE=utf8_bin;

-- ----------------------------
-- Records of act_ru_identitylink
-- ----------------------------
INSERT INTO `act_ru_identitylink` VALUES ('47505', '1', null, 'starter', 'admin', null, '47503', null);
INSERT INTO `act_ru_identitylink` VALUES ('47525', '1', null, 'participant', 'ry', null, '47503', null);
INSERT INTO `act_ru_identitylink` VALUES ('47526', '1', null, 'candidate', 'dlxh', '47524', null, null);
INSERT INTO `act_ru_identitylink` VALUES ('47527', '1', null, 'participant', 'dlxh', null, '47503', null);
INSERT INTO `act_ru_identitylink` VALUES ('50003', '1', null, 'starter', 'admin', null, '50001', null);
INSERT INTO `act_ru_identitylink` VALUES ('50023', '1', null, 'participant', 'ry', null, '50001', null);
INSERT INTO `act_ru_identitylink` VALUES ('50024', '1', null, 'candidate', 'dlxh', '50022', null, null);
INSERT INTO `act_ru_identitylink` VALUES ('50025', '1', null, 'participant', 'dlxh', null, '50001', null);

-- ----------------------------
-- Table structure for act_ru_job
-- ----------------------------
DROP TABLE IF EXISTS `act_ru_job`;
CREATE TABLE `act_ru_job` (
  `ID_` varchar(64) COLLATE utf8_bin NOT NULL,
  `REV_` int(11) DEFAULT NULL,
  `TYPE_` varchar(255) COLLATE utf8_bin NOT NULL,
  `LOCK_EXP_TIME_` timestamp(3) NULL DEFAULT NULL,
  `LOCK_OWNER_` varchar(255) COLLATE utf8_bin DEFAULT NULL,
  `EXCLUSIVE_` tinyint(1) DEFAULT NULL,
  `EXECUTION_ID_` varchar(64) COLLATE utf8_bin DEFAULT NULL,
  `PROCESS_INSTANCE_ID_` varchar(64) COLLATE utf8_bin DEFAULT NULL,
  `PROC_DEF_ID_` varchar(64) COLLATE utf8_bin DEFAULT NULL,
  `RETRIES_` int(11) DEFAULT NULL,
  `EXCEPTION_STACK_ID_` varchar(64) COLLATE utf8_bin DEFAULT NULL,
  `EXCEPTION_MSG_` varchar(4000) COLLATE utf8_bin DEFAULT NULL,
  `DUEDATE_` timestamp(3) NULL DEFAULT NULL,
  `REPEAT_` varchar(255) COLLATE utf8_bin DEFAULT NULL,
  `HANDLER_TYPE_` varchar(255) COLLATE utf8_bin DEFAULT NULL,
  `HANDLER_CFG_` varchar(4000) COLLATE utf8_bin DEFAULT NULL,
  `TENANT_ID_` varchar(255) COLLATE utf8_bin DEFAULT '',
  PRIMARY KEY (`ID_`),
  KEY `ACT_FK_JOB_EXECUTION` (`EXECUTION_ID_`),
  KEY `ACT_FK_JOB_PROCESS_INSTANCE` (`PROCESS_INSTANCE_ID_`),
  KEY `ACT_FK_JOB_PROC_DEF` (`PROC_DEF_ID_`),
  KEY `ACT_FK_JOB_EXCEPTION` (`EXCEPTION_STACK_ID_`),
  CONSTRAINT `ACT_FK_JOB_EXCEPTION` FOREIGN KEY (`EXCEPTION_STACK_ID_`) REFERENCES `act_ge_bytearray` (`ID_`),
  CONSTRAINT `ACT_FK_JOB_EXECUTION` FOREIGN KEY (`EXECUTION_ID_`) REFERENCES `act_ru_execution` (`ID_`),
  CONSTRAINT `ACT_FK_JOB_PROCESS_INSTANCE` FOREIGN KEY (`PROCESS_INSTANCE_ID_`) REFERENCES `act_ru_execution` (`ID_`),
  CONSTRAINT `ACT_FK_JOB_PROC_DEF` FOREIGN KEY (`PROC_DEF_ID_`) REFERENCES `act_re_procdef` (`ID_`)
) ENGINE=InnoDB DEFAULT CHARSET=utf8 COLLATE=utf8_bin;

-- ----------------------------
-- Records of act_ru_job
-- ----------------------------

-- ----------------------------
-- Table structure for act_ru_suspended_job
-- ----------------------------
DROP TABLE IF EXISTS `act_ru_suspended_job`;
CREATE TABLE `act_ru_suspended_job` (
  `ID_` varchar(64) COLLATE utf8_bin NOT NULL,
  `REV_` int(11) DEFAULT NULL,
  `TYPE_` varchar(255) COLLATE utf8_bin NOT NULL,
  `EXCLUSIVE_` tinyint(1) DEFAULT NULL,
  `EXECUTION_ID_` varchar(64) COLLATE utf8_bin DEFAULT NULL,
  `PROCESS_INSTANCE_ID_` varchar(64) COLLATE utf8_bin DEFAULT NULL,
  `PROC_DEF_ID_` varchar(64) COLLATE utf8_bin DEFAULT NULL,
  `RETRIES_` int(11) DEFAULT NULL,
  `EXCEPTION_STACK_ID_` varchar(64) COLLATE utf8_bin DEFAULT NULL,
  `EXCEPTION_MSG_` varchar(4000) COLLATE utf8_bin DEFAULT NULL,
  `DUEDATE_` timestamp(3) NULL DEFAULT NULL,
  `REPEAT_` varchar(255) COLLATE utf8_bin DEFAULT NULL,
  `HANDLER_TYPE_` varchar(255) COLLATE utf8_bin DEFAULT NULL,
  `HANDLER_CFG_` varchar(4000) COLLATE utf8_bin DEFAULT NULL,
  `TENANT_ID_` varchar(255) COLLATE utf8_bin DEFAULT '',
  PRIMARY KEY (`ID_`),
  KEY `ACT_FK_SUSPENDED_JOB_EXECUTION` (`EXECUTION_ID_`),
  KEY `ACT_FK_SUSPENDED_JOB_PROCESS_INSTANCE` (`PROCESS_INSTANCE_ID_`),
  KEY `ACT_FK_SUSPENDED_JOB_PROC_DEF` (`PROC_DEF_ID_`),
  KEY `ACT_FK_SUSPENDED_JOB_EXCEPTION` (`EXCEPTION_STACK_ID_`),
  CONSTRAINT `ACT_FK_SUSPENDED_JOB_EXCEPTION` FOREIGN KEY (`EXCEPTION_STACK_ID_`) REFERENCES `act_ge_bytearray` (`ID_`),
  CONSTRAINT `ACT_FK_SUSPENDED_JOB_EXECUTION` FOREIGN KEY (`EXECUTION_ID_`) REFERENCES `act_ru_execution` (`ID_`),
  CONSTRAINT `ACT_FK_SUSPENDED_JOB_PROCESS_INSTANCE` FOREIGN KEY (`PROCESS_INSTANCE_ID_`) REFERENCES `act_ru_execution` (`ID_`),
  CONSTRAINT `ACT_FK_SUSPENDED_JOB_PROC_DEF` FOREIGN KEY (`PROC_DEF_ID_`) REFERENCES `act_re_procdef` (`ID_`)
) ENGINE=InnoDB DEFAULT CHARSET=utf8 COLLATE=utf8_bin;

-- ----------------------------
-- Records of act_ru_suspended_job
-- ----------------------------

-- ----------------------------
-- Table structure for act_ru_task
-- ----------------------------
DROP TABLE IF EXISTS `act_ru_task`;
CREATE TABLE `act_ru_task` (
  `ID_` varchar(64) COLLATE utf8_bin NOT NULL,
  `REV_` int(11) DEFAULT NULL,
  `EXECUTION_ID_` varchar(64) COLLATE utf8_bin DEFAULT NULL,
  `PROC_INST_ID_` varchar(64) COLLATE utf8_bin DEFAULT NULL,
  `PROC_DEF_ID_` varchar(64) COLLATE utf8_bin DEFAULT NULL,
  `NAME_` varchar(255) COLLATE utf8_bin DEFAULT NULL,
  `PARENT_TASK_ID_` varchar(64) COLLATE utf8_bin DEFAULT NULL,
  `DESCRIPTION_` varchar(4000) COLLATE utf8_bin DEFAULT NULL,
  `TASK_DEF_KEY_` varchar(255) COLLATE utf8_bin DEFAULT NULL,
  `OWNER_` varchar(255) COLLATE utf8_bin DEFAULT NULL,
  `ASSIGNEE_` varchar(255) COLLATE utf8_bin DEFAULT NULL,
  `DELEGATION_` varchar(64) COLLATE utf8_bin DEFAULT NULL,
  `PRIORITY_` int(11) DEFAULT NULL,
  `CREATE_TIME_` timestamp(3) NULL DEFAULT NULL,
  `DUE_DATE_` datetime(3) DEFAULT NULL,
  `CATEGORY_` varchar(255) COLLATE utf8_bin DEFAULT NULL,
  `SUSPENSION_STATE_` int(11) DEFAULT NULL,
  `TENANT_ID_` varchar(255) COLLATE utf8_bin DEFAULT '',
  `FORM_KEY_` varchar(255) COLLATE utf8_bin DEFAULT NULL,
  `CLAIM_TIME_` datetime(3) DEFAULT NULL,
  PRIMARY KEY (`ID_`),
  KEY `ACT_IDX_TASK_CREATE` (`CREATE_TIME_`),
  KEY `ACT_FK_TASK_EXE` (`EXECUTION_ID_`),
  KEY `ACT_FK_TASK_PROCINST` (`PROC_INST_ID_`),
  KEY `ACT_FK_TASK_PROCDEF` (`PROC_DEF_ID_`),
  CONSTRAINT `ACT_FK_TASK_EXE` FOREIGN KEY (`EXECUTION_ID_`) REFERENCES `act_ru_execution` (`ID_`),
  CONSTRAINT `ACT_FK_TASK_PROCDEF` FOREIGN KEY (`PROC_DEF_ID_`) REFERENCES `act_re_procdef` (`ID_`),
  CONSTRAINT `ACT_FK_TASK_PROCINST` FOREIGN KEY (`PROC_INST_ID_`) REFERENCES `act_ru_execution` (`ID_`)
) ENGINE=InnoDB DEFAULT CHARSET=utf8 COLLATE=utf8_bin;

-- ----------------------------
-- Records of act_ru_task
-- ----------------------------
INSERT INTO `act_ru_task` VALUES ('47522', '1', '47515', '47503', 'YGQJLC:7:45023', '会签任务', null, null, 'sid-EF193F5A-B5DE-4A97-B03D-B9AA3F838902', null, 'admin', null, '50', '2022-07-02 09:55:39.315', null, null, '1', '', null, null);
INSERT INTO `act_ru_task` VALUES ('47524', '1', '47516', '47503', 'YGQJLC:7:45023', '会签任务', null, null, 'sid-EF193F5A-B5DE-4A97-B03D-B9AA3F838902', null, null, null, '50', '2022-07-02 09:55:39.320', null, null, '1', '', null, null);
INSERT INTO `act_ru_task` VALUES ('50020', '1', '50013', '50001', 'YGQJLC:7:45023', '会签任务', null, null, 'sid-EF193F5A-B5DE-4A97-B03D-B9AA3F838902', null, 'admin', null, '50', '2022-07-08 09:20:12.403', null, null, '1', '', null, null);
INSERT INTO `act_ru_task` VALUES ('50022', '1', '50014', '50001', 'YGQJLC:7:45023', '会签任务', null, null, 'sid-EF193F5A-B5DE-4A97-B03D-B9AA3F838902', null, null, null, '50', '2022-07-08 09:20:12.421', null, null, '1', '', null, null);

-- ----------------------------
-- Table structure for act_ru_timer_job
-- ----------------------------
DROP TABLE IF EXISTS `act_ru_timer_job`;
CREATE TABLE `act_ru_timer_job` (
  `ID_` varchar(64) COLLATE utf8_bin NOT NULL,
  `REV_` int(11) DEFAULT NULL,
  `TYPE_` varchar(255) COLLATE utf8_bin NOT NULL,
  `LOCK_EXP_TIME_` timestamp(3) NULL DEFAULT NULL,
  `LOCK_OWNER_` varchar(255) COLLATE utf8_bin DEFAULT NULL,
  `EXCLUSIVE_` tinyint(1) DEFAULT NULL,
  `EXECUTION_ID_` varchar(64) COLLATE utf8_bin DEFAULT NULL,
  `PROCESS_INSTANCE_ID_` varchar(64) COLLATE utf8_bin DEFAULT NULL,
  `PROC_DEF_ID_` varchar(64) COLLATE utf8_bin DEFAULT NULL,
  `RETRIES_` int(11) DEFAULT NULL,
  `EXCEPTION_STACK_ID_` varchar(64) COLLATE utf8_bin DEFAULT NULL,
  `EXCEPTION_MSG_` varchar(4000) COLLATE utf8_bin DEFAULT NULL,
  `DUEDATE_` timestamp(3) NULL DEFAULT NULL,
  `REPEAT_` varchar(255) COLLATE utf8_bin DEFAULT NULL,
  `HANDLER_TYPE_` varchar(255) COLLATE utf8_bin DEFAULT NULL,
  `HANDLER_CFG_` varchar(4000) COLLATE utf8_bin DEFAULT NULL,
  `TENANT_ID_` varchar(255) COLLATE utf8_bin DEFAULT '',
  PRIMARY KEY (`ID_`),
  KEY `ACT_FK_TIMER_JOB_EXECUTION` (`EXECUTION_ID_`),
  KEY `ACT_FK_TIMER_JOB_PROCESS_INSTANCE` (`PROCESS_INSTANCE_ID_`),
  KEY `ACT_FK_TIMER_JOB_PROC_DEF` (`PROC_DEF_ID_`),
  KEY `ACT_FK_TIMER_JOB_EXCEPTION` (`EXCEPTION_STACK_ID_`),
  CONSTRAINT `ACT_FK_TIMER_JOB_EXCEPTION` FOREIGN KEY (`EXCEPTION_STACK_ID_`) REFERENCES `act_ge_bytearray` (`ID_`),
  CONSTRAINT `ACT_FK_TIMER_JOB_EXECUTION` FOREIGN KEY (`EXECUTION_ID_`) REFERENCES `act_ru_execution` (`ID_`),
  CONSTRAINT `ACT_FK_TIMER_JOB_PROCESS_INSTANCE` FOREIGN KEY (`PROCESS_INSTANCE_ID_`) REFERENCES `act_ru_execution` (`ID_`),
  CONSTRAINT `ACT_FK_TIMER_JOB_PROC_DEF` FOREIGN KEY (`PROC_DEF_ID_`) REFERENCES `act_re_procdef` (`ID_`)
) ENGINE=InnoDB DEFAULT CHARSET=utf8 COLLATE=utf8_bin;

-- ----------------------------
-- Records of act_ru_timer_job
-- ----------------------------

-- ----------------------------
-- Table structure for act_ru_variable
-- ----------------------------
DROP TABLE IF EXISTS `act_ru_variable`;
CREATE TABLE `act_ru_variable` (
  `ID_` varchar(64) COLLATE utf8_bin NOT NULL,
  `REV_` int(11) DEFAULT NULL,
  `TYPE_` varchar(255) COLLATE utf8_bin NOT NULL,
  `NAME_` varchar(255) COLLATE utf8_bin NOT NULL,
  `EXECUTION_ID_` varchar(64) COLLATE utf8_bin DEFAULT NULL,
  `PROC_INST_ID_` varchar(64) COLLATE utf8_bin DEFAULT NULL,
  `TASK_ID_` varchar(64) COLLATE utf8_bin DEFAULT NULL,
  `BYTEARRAY_ID_` varchar(64) COLLATE utf8_bin DEFAULT NULL,
  `DOUBLE_` double DEFAULT NULL,
  `LONG_` bigint(20) DEFAULT NULL,
  `TEXT_` varchar(4000) COLLATE utf8_bin DEFAULT NULL,
  `TEXT2_` varchar(4000) COLLATE utf8_bin DEFAULT NULL,
  PRIMARY KEY (`ID_`),
  KEY `ACT_IDX_VARIABLE_TASK_ID` (`TASK_ID_`),
  KEY `ACT_FK_VAR_EXE` (`EXECUTION_ID_`),
  KEY `ACT_FK_VAR_PROCINST` (`PROC_INST_ID_`),
  KEY `ACT_FK_VAR_BYTEARRAY` (`BYTEARRAY_ID_`),
  CONSTRAINT `ACT_FK_VAR_BYTEARRAY` FOREIGN KEY (`BYTEARRAY_ID_`) REFERENCES `act_ge_bytearray` (`ID_`),
  CONSTRAINT `ACT_FK_VAR_EXE` FOREIGN KEY (`EXECUTION_ID_`) REFERENCES `act_ru_execution` (`ID_`),
  CONSTRAINT `ACT_FK_VAR_PROCINST` FOREIGN KEY (`PROC_INST_ID_`) REFERENCES `act_ru_execution` (`ID_`)
) ENGINE=InnoDB DEFAULT CHARSET=utf8 COLLATE=utf8_bin;

-- ----------------------------
-- Records of act_ru_variable
-- ----------------------------
INSERT INTO `act_ru_variable` VALUES ('47504', '1', 'string', 'applyUserId', '47503', '47503', null, null, null, null, 'admin', null);
INSERT INTO `act_ru_variable` VALUES ('47507', '1', 'serializable', 'users', '47503', '47503', null, '47506', null, null, null, null);
INSERT INTO `act_ru_variable` VALUES ('47511', '1', 'long', 'approvedCounter', '47503', '47503', null, null, null, '0', '0', null);
INSERT INTO `act_ru_variable` VALUES ('47512', '1', 'integer', 'nrOfInstances', '47509', '47503', null, null, null, '2', '2', null);
INSERT INTO `act_ru_variable` VALUES ('47513', '1', 'integer', 'nrOfCompletedInstances', '47509', '47503', null, null, null, '0', '0', null);
INSERT INTO `act_ru_variable` VALUES ('47514', '1', 'integer', 'nrOfActiveInstances', '47509', '47503', null, null, null, '2', '2', null);
INSERT INTO `act_ru_variable` VALUES ('47517', '1', 'integer', 'loopCounter', '47515', '47503', null, null, null, '0', '0', null);
INSERT INTO `act_ru_variable` VALUES ('47518', '1', 'string', 'user', '47515', '47503', null, null, null, null, 'admin', null);
INSERT INTO `act_ru_variable` VALUES ('47519', '1', 'integer', 'loopCounter', '47516', '47503', null, null, null, '1', '1', null);
INSERT INTO `act_ru_variable` VALUES ('47520', '1', 'string', 'user', '47516', '47503', null, null, null, null, 'ry', null);
INSERT INTO `act_ru_variable` VALUES ('50002', '1', 'string', 'applyUserId', '50001', '50001', null, null, null, null, 'admin', null);
INSERT INTO `act_ru_variable` VALUES ('50005', '1', 'serializable', 'users', '50001', '50001', null, '50004', null, null, null, null);
INSERT INTO `act_ru_variable` VALUES ('50009', '1', 'long', 'approvedCounter', '50001', '50001', null, null, null, '0', '0', null);
INSERT INTO `act_ru_variable` VALUES ('50010', '1', 'integer', 'nrOfInstances', '50007', '50001', null, null, null, '2', '2', null);
INSERT INTO `act_ru_variable` VALUES ('50011', '1', 'integer', 'nrOfCompletedInstances', '50007', '50001', null, null, null, '0', '0', null);
INSERT INTO `act_ru_variable` VALUES ('50012', '1', 'integer', 'nrOfActiveInstances', '50007', '50001', null, null, null, '2', '2', null);
INSERT INTO `act_ru_variable` VALUES ('50015', '1', 'integer', 'loopCounter', '50013', '50001', null, null, null, '0', '0', null);
INSERT INTO `act_ru_variable` VALUES ('50016', '1', 'string', 'user', '50013', '50001', null, null, null, null, 'admin', null);
INSERT INTO `act_ru_variable` VALUES ('50017', '1', 'integer', 'loopCounter', '50014', '50001', null, null, null, '1', '1', null);
INSERT INTO `act_ru_variable` VALUES ('50018', '1', 'string', 'user', '50014', '50001', null, null, null, null, 'ry', null);

-- ----------------------------
-- Table structure for biz_correct
-- ----------------------------
DROP TABLE IF EXISTS `biz_correct`;
CREATE TABLE `biz_correct` (
  `id` bigint(20) NOT NULL AUTO_INCREMENT COMMENT '主键ID',
  `employee_name` varchar(50) DEFAULT NULL COMMENT '员工姓名',
  `in_time` date DEFAULT NULL COMMENT '入职日期',
  `reason` varchar(500) DEFAULT NULL COMMENT '转正理由',
  `create_by` varchar(64) DEFAULT '' COMMENT '创建者',
  `create_time` datetime DEFAULT NULL COMMENT '创建时间',
  `update_by` varchar(64) DEFAULT '' COMMENT '更新者',
  `update_time` datetime DEFAULT NULL COMMENT '更新时间',
  PRIMARY KEY (`id`)
) ENGINE=InnoDB DEFAULT CHARSET=utf8 COMMENT='员工转正表';

-- ----------------------------
-- Records of biz_correct
-- ----------------------------

-- ----------------------------
-- Table structure for biz_leave
-- ----------------------------
DROP TABLE IF EXISTS `biz_leave`;
CREATE TABLE `biz_leave` (
  `id` bigint(20) NOT NULL AUTO_INCREMENT COMMENT '主键ID',
  `type` char(20) DEFAULT NULL COMMENT '请假类型',
  `title` varchar(100) DEFAULT NULL COMMENT '标题',
  `reason` varchar(500) DEFAULT NULL COMMENT '原因',
  `start_time` datetime DEFAULT NULL COMMENT '开始时间',
  `end_time` datetime DEFAULT NULL COMMENT '结束时间',
  `total_time` bigint(11) DEFAULT NULL COMMENT '请假时长，单位秒',
  `create_by` varchar(64) DEFAULT '' COMMENT '创建者',
  `create_time` datetime DEFAULT NULL COMMENT '创建时间',
  `update_by` varchar(64) DEFAULT '' COMMENT '更新者',
  `update_time` datetime DEFAULT NULL COMMENT '更新时间',
  `reality_start_time` datetime DEFAULT NULL COMMENT '实际开始时间',
  `reality_end_time` datetime DEFAULT NULL COMMENT '实际结束时间',
  PRIMARY KEY (`id`)
) ENGINE=InnoDB AUTO_INCREMENT=8 DEFAULT CHARSET=utf8;

-- ----------------------------
-- Records of biz_leave
-- ----------------------------
INSERT INTO `biz_leave` VALUES ('1', null, '我想请假', '还没想好', '2022-02-23 00:00:00', '2022-02-28 00:00:00', '100', '', '2022-02-23 19:00:00', '', null, null, null);
INSERT INTO `biz_leave` VALUES ('2', null, '又想请假', '嘤嘤嘤', null, null, null, '', '2022-02-23 21:19:48', '', null, null, null);
INSERT INTO `biz_leave` VALUES ('3', null, '1', '2', null, null, null, '', '2022-02-23 21:19:55', '', null, null, null);
INSERT INTO `biz_leave` VALUES ('4', null, '2', null, null, null, null, '', '2022-05-05 18:34:47', '', null, null, null);
INSERT INTO `biz_leave` VALUES ('5', null, '会签测试', null, null, null, null, '', '2022-07-01 19:02:47', '', null, null, null);
INSERT INTO `biz_leave` VALUES ('6', null, '测试', '啊啊啊', null, null, null, '', '2022-07-07 21:58:14', '', null, null, null);
INSERT INTO `biz_leave` VALUES ('7', null, '测试会签', null, null, null, null, '', '2022-07-09 17:54:55', '', null, null, null);

-- ----------------------------
-- Table structure for gen_table
-- ----------------------------
DROP TABLE IF EXISTS `gen_table`;
CREATE TABLE `gen_table` (
  `table_id` bigint(20) NOT NULL AUTO_INCREMENT COMMENT '编号',
  `table_name` varchar(200) DEFAULT '' COMMENT '表名称',
  `table_comment` varchar(500) DEFAULT '' COMMENT '表描述',
  `sub_table_name` varchar(64) DEFAULT NULL COMMENT '关联子表的表名',
  `sub_table_fk_name` varchar(64) DEFAULT NULL COMMENT '子表关联的外键名',
  `class_name` varchar(100) DEFAULT '' COMMENT '实体类名称',
  `tpl_category` varchar(200) DEFAULT 'crud' COMMENT '使用的模板（crud单表操作 tree树表操作）',
  `package_name` varchar(100) DEFAULT NULL COMMENT '生成包路径',
  `module_name` varchar(30) DEFAULT NULL COMMENT '生成模块名',
  `business_name` varchar(30) DEFAULT NULL COMMENT '生成业务名',
  `function_name` varchar(50) DEFAULT NULL COMMENT '生成功能名',
  `function_author` varchar(50) DEFAULT NULL COMMENT '生成功能作者',
  `gen_type` char(1) DEFAULT '0' COMMENT '生成代码方式（0zip压缩包 1自定义路径）',
  `gen_path` varchar(200) DEFAULT '/' COMMENT '生成路径（不填默认项目路径）',
  `options` varchar(1000) DEFAULT NULL COMMENT '其它生成选项',
  `create_by` varchar(64) DEFAULT '' COMMENT '创建者',
  `create_time` datetime DEFAULT NULL COMMENT '创建时间',
  `update_by` varchar(64) DEFAULT '' COMMENT '更新者',
  `update_time` datetime DEFAULT NULL COMMENT '更新时间',
  `remark` varchar(500) DEFAULT NULL COMMENT '备注',
  PRIMARY KEY (`table_id`)
) ENGINE=InnoDB AUTO_INCREMENT=2 DEFAULT CHARSET=utf8mb4 COMMENT='代码生成业务表';

-- ----------------------------
-- Records of gen_table
-- ----------------------------
INSERT INTO `gen_table` VALUES ('1', 'biz_leave', '员工请假表', null, null, 'BizLeave', 'crud', 'com.ruoyi.business', 'business', 'leave', '员工请假', '一只闲鹿', '0', '/', '{\"parentMenuId\":1061}', 'admin', '2022-02-23 18:46:28', '', '2022-02-23 18:49:19', null);

-- ----------------------------
-- Table structure for gen_table_column
-- ----------------------------
DROP TABLE IF EXISTS `gen_table_column`;
CREATE TABLE `gen_table_column` (
  `column_id` bigint(20) NOT NULL AUTO_INCREMENT COMMENT '编号',
  `table_id` varchar(64) DEFAULT NULL COMMENT '归属表编号',
  `column_name` varchar(200) DEFAULT NULL COMMENT '列名称',
  `column_comment` varchar(500) DEFAULT NULL COMMENT '列描述',
  `column_type` varchar(100) DEFAULT NULL COMMENT '列类型',
  `java_type` varchar(500) DEFAULT NULL COMMENT 'JAVA类型',
  `java_field` varchar(200) DEFAULT NULL COMMENT 'JAVA字段名',
  `is_pk` char(1) DEFAULT NULL COMMENT '是否主键（1是）',
  `is_increment` char(1) DEFAULT NULL COMMENT '是否自增（1是）',
  `is_required` char(1) DEFAULT NULL COMMENT '是否必填（1是）',
  `is_insert` char(1) DEFAULT NULL COMMENT '是否为插入字段（1是）',
  `is_edit` char(1) DEFAULT NULL COMMENT '是否编辑字段（1是）',
  `is_list` char(1) DEFAULT NULL COMMENT '是否列表字段（1是）',
  `is_query` char(1) DEFAULT NULL COMMENT '是否查询字段（1是）',
  `query_type` varchar(200) DEFAULT 'EQ' COMMENT '查询方式（等于、不等于、大于、小于、范围）',
  `html_type` varchar(200) DEFAULT NULL COMMENT '显示类型（文本框、文本域、下拉框、复选框、单选框、日期控件）',
  `dict_type` varchar(200) DEFAULT '' COMMENT '字典类型',
  `sort` int(11) DEFAULT NULL COMMENT '排序',
  `create_by` varchar(64) DEFAULT '' COMMENT '创建者',
  `create_time` datetime DEFAULT NULL COMMENT '创建时间',
  `update_by` varchar(64) DEFAULT '' COMMENT '更新者',
  `update_time` datetime DEFAULT NULL COMMENT '更新时间',
  PRIMARY KEY (`column_id`)
) ENGINE=InnoDB AUTO_INCREMENT=14 DEFAULT CHARSET=utf8mb4 COMMENT='代码生成业务表字段';

-- ----------------------------
-- Records of gen_table_column
-- ----------------------------
INSERT INTO `gen_table_column` VALUES ('1', '1', 'id', '主键ID', 'bigint(20)', 'Long', 'id', '1', '1', null, '1', null, null, null, 'EQ', 'input', '', '1', 'admin', '2022-02-23 18:46:28', '', '2022-02-23 18:49:19');
INSERT INTO `gen_table_column` VALUES ('2', '1', 'type', '请假类型', 'char(20)', 'String', 'type', '0', '0', null, '1', '1', '1', '1', 'EQ', 'select', '', '2', 'admin', '2022-02-23 18:46:28', '', '2022-02-23 18:49:19');
INSERT INTO `gen_table_column` VALUES ('3', '1', 'title', '标题', 'varchar(100)', 'String', 'title', '0', '0', null, '1', '1', '1', '1', 'EQ', 'input', '', '3', 'admin', '2022-02-23 18:46:28', '', '2022-02-23 18:49:19');
INSERT INTO `gen_table_column` VALUES ('4', '1', 'reason', '原因', 'varchar(500)', 'String', 'reason', '0', '0', null, '1', '1', '1', '1', 'EQ', 'textarea', '', '4', 'admin', '2022-02-23 18:46:28', '', '2022-02-23 18:49:19');
INSERT INTO `gen_table_column` VALUES ('5', '1', 'start_time', '开始时间', 'datetime', 'Date', 'startTime', '0', '0', null, '1', '1', '1', '1', 'EQ', 'datetime', '', '5', 'admin', '2022-02-23 18:46:28', '', '2022-02-23 18:49:19');
INSERT INTO `gen_table_column` VALUES ('6', '1', 'end_time', '结束时间', 'datetime', 'Date', 'endTime', '0', '0', null, '1', '1', '1', '1', 'EQ', 'datetime', '', '6', 'admin', '2022-02-23 18:46:28', '', '2022-02-23 18:49:19');
INSERT INTO `gen_table_column` VALUES ('7', '1', 'total_time', '请假时长，单位秒', 'bigint(11)', 'Long', 'totalTime', '0', '0', null, '1', null, null, '1', 'EQ', 'input', '', '7', 'admin', '2022-02-23 18:46:28', '', '2022-02-23 18:49:19');
INSERT INTO `gen_table_column` VALUES ('8', '1', 'create_by', '创建者', 'varchar(64)', 'String', 'createBy', '0', '0', null, '1', null, null, null, 'EQ', 'input', '', '8', 'admin', '2022-02-23 18:46:28', '', '2022-02-23 18:49:19');
INSERT INTO `gen_table_column` VALUES ('9', '1', 'create_time', '创建时间', 'datetime', 'Date', 'createTime', '0', '0', null, '1', null, null, null, 'EQ', 'datetime', '', '9', 'admin', '2022-02-23 18:46:28', '', '2022-02-23 18:49:19');
INSERT INTO `gen_table_column` VALUES ('10', '1', 'update_by', '更新者', 'varchar(64)', 'String', 'updateBy', '0', '0', null, '1', null, null, null, 'EQ', 'input', '', '10', 'admin', '2022-02-23 18:46:28', '', '2022-02-23 18:49:19');
INSERT INTO `gen_table_column` VALUES ('11', '1', 'update_time', '更新时间', 'datetime', 'Date', 'updateTime', '0', '0', null, '1', null, null, null, 'EQ', 'datetime', '', '11', 'admin', '2022-02-23 18:46:28', '', '2022-02-23 18:49:19');
INSERT INTO `gen_table_column` VALUES ('12', '1', 'reality_start_time', '实际开始时间', 'datetime', 'Date', 'realityStartTime', '0', '0', null, '1', '1', '1', '1', 'EQ', 'datetime', '', '12', 'admin', '2022-02-23 18:46:28', '', '2022-02-23 18:49:19');
INSERT INTO `gen_table_column` VALUES ('13', '1', 'reality_end_time', '实际结束时间', 'datetime', 'Date', 'realityEndTime', '0', '0', null, '1', '1', '1', '1', 'EQ', 'datetime', '', '13', 'admin', '2022-02-23 18:46:28', '', '2022-02-23 18:49:19');

-- ----------------------------
-- Table structure for qrtz_blob_triggers
-- ----------------------------
DROP TABLE IF EXISTS `qrtz_blob_triggers`;
CREATE TABLE `qrtz_blob_triggers` (
  `sched_name` varchar(120) NOT NULL COMMENT '调度名称',
  `trigger_name` varchar(200) NOT NULL COMMENT 'qrtz_triggers表trigger_name的外键',
  `trigger_group` varchar(200) NOT NULL COMMENT 'qrtz_triggers表trigger_group的外键',
  `blob_data` blob COMMENT '存放持久化Trigger对象',
  PRIMARY KEY (`sched_name`,`trigger_name`,`trigger_group`),
  CONSTRAINT `qrtz_blob_triggers_ibfk_1` FOREIGN KEY (`sched_name`, `trigger_name`, `trigger_group`) REFERENCES `qrtz_triggers` (`sched_name`, `trigger_name`, `trigger_group`)
) ENGINE=InnoDB DEFAULT CHARSET=utf8mb4 COMMENT='Blob类型的触发器表';

-- ----------------------------
-- Records of qrtz_blob_triggers
-- ----------------------------

-- ----------------------------
-- Table structure for qrtz_calendars
-- ----------------------------
DROP TABLE IF EXISTS `qrtz_calendars`;
CREATE TABLE `qrtz_calendars` (
  `sched_name` varchar(120) NOT NULL COMMENT '调度名称',
  `calendar_name` varchar(200) NOT NULL COMMENT '日历名称',
  `calendar` blob NOT NULL COMMENT '存放持久化calendar对象',
  PRIMARY KEY (`sched_name`,`calendar_name`)
) ENGINE=InnoDB DEFAULT CHARSET=utf8mb4 COMMENT='日历信息表';

-- ----------------------------
-- Records of qrtz_calendars
-- ----------------------------

-- ----------------------------
-- Table structure for qrtz_cron_triggers
-- ----------------------------
DROP TABLE IF EXISTS `qrtz_cron_triggers`;
CREATE TABLE `qrtz_cron_triggers` (
  `sched_name` varchar(120) NOT NULL COMMENT '调度名称',
  `trigger_name` varchar(200) NOT NULL COMMENT 'qrtz_triggers表trigger_name的外键',
  `trigger_group` varchar(200) NOT NULL COMMENT 'qrtz_triggers表trigger_group的外键',
  `cron_expression` varchar(200) NOT NULL COMMENT 'cron表达式',
  `time_zone_id` varchar(80) DEFAULT NULL COMMENT '时区',
  PRIMARY KEY (`sched_name`,`trigger_name`,`trigger_group`),
  CONSTRAINT `qrtz_cron_triggers_ibfk_1` FOREIGN KEY (`sched_name`, `trigger_name`, `trigger_group`) REFERENCES `qrtz_triggers` (`sched_name`, `trigger_name`, `trigger_group`)
) ENGINE=InnoDB DEFAULT CHARSET=utf8mb4 COMMENT='Cron类型的触发器表';

-- ----------------------------
-- Records of qrtz_cron_triggers
-- ----------------------------
INSERT INTO `qrtz_cron_triggers` VALUES ('RuoyiScheduler', 'TASK_CLASS_NAME1', 'DEFAULT', '0/10 * * * * ?', 'Asia/Shanghai');
INSERT INTO `qrtz_cron_triggers` VALUES ('RuoyiScheduler', 'TASK_CLASS_NAME2', 'DEFAULT', '0/15 * * * * ?', 'Asia/Shanghai');
INSERT INTO `qrtz_cron_triggers` VALUES ('RuoyiScheduler', 'TASK_CLASS_NAME3', 'DEFAULT', '0/20 * * * * ?', 'Asia/Shanghai');

-- ----------------------------
-- Table structure for qrtz_fired_triggers
-- ----------------------------
DROP TABLE IF EXISTS `qrtz_fired_triggers`;
CREATE TABLE `qrtz_fired_triggers` (
  `sched_name` varchar(120) NOT NULL COMMENT '调度名称',
  `entry_id` varchar(95) NOT NULL COMMENT '调度器实例id',
  `trigger_name` varchar(200) NOT NULL COMMENT 'qrtz_triggers表trigger_name的外键',
  `trigger_group` varchar(200) NOT NULL COMMENT 'qrtz_triggers表trigger_group的外键',
  `instance_name` varchar(200) NOT NULL COMMENT '调度器实例名',
  `fired_time` bigint(13) NOT NULL COMMENT '触发的时间',
  `sched_time` bigint(13) NOT NULL COMMENT '定时器制定的时间',
  `priority` int(11) NOT NULL COMMENT '优先级',
  `state` varchar(16) NOT NULL COMMENT '状态',
  `job_name` varchar(200) DEFAULT NULL COMMENT '任务名称',
  `job_group` varchar(200) DEFAULT NULL COMMENT '任务组名',
  `is_nonconcurrent` varchar(1) DEFAULT NULL COMMENT '是否并发',
  `requests_recovery` varchar(1) DEFAULT NULL COMMENT '是否接受恢复执行',
  PRIMARY KEY (`sched_name`,`entry_id`)
) ENGINE=InnoDB DEFAULT CHARSET=utf8mb4 COMMENT='已触发的触发器表';

-- ----------------------------
-- Records of qrtz_fired_triggers
-- ----------------------------

-- ----------------------------
-- Table structure for qrtz_job_details
-- ----------------------------
DROP TABLE IF EXISTS `qrtz_job_details`;
CREATE TABLE `qrtz_job_details` (
  `sched_name` varchar(120) NOT NULL COMMENT '调度名称',
  `job_name` varchar(200) NOT NULL COMMENT '任务名称',
  `job_group` varchar(200) NOT NULL COMMENT '任务组名',
  `description` varchar(250) DEFAULT NULL COMMENT '相关介绍',
  `job_class_name` varchar(250) NOT NULL COMMENT '执行任务类名称',
  `is_durable` varchar(1) NOT NULL COMMENT '是否持久化',
  `is_nonconcurrent` varchar(1) NOT NULL COMMENT '是否并发',
  `is_update_data` varchar(1) NOT NULL COMMENT '是否更新数据',
  `requests_recovery` varchar(1) NOT NULL COMMENT '是否接受恢复执行',
  `job_data` blob COMMENT '存放持久化job对象',
  PRIMARY KEY (`sched_name`,`job_name`,`job_group`)
) ENGINE=InnoDB DEFAULT CHARSET=utf8mb4 COMMENT='任务详细信息表';

-- ----------------------------
-- Records of qrtz_job_details
-- ----------------------------
INSERT INTO `qrtz_job_details` VALUES ('RuoyiScheduler', 'TASK_CLASS_NAME1', 'DEFAULT', null, 'com.ruoyi.quartz.util.QuartzDisallowConcurrentExecution', '0', '1', '0', '0', 0xACED0005737200156F72672E71756172747A2E4A6F62446174614D61709FB083E8BFA9B0CB020000787200266F72672E71756172747A2E7574696C732E537472696E674B65794469727479466C61674D61708208E8C3FBC55D280200015A0013616C6C6F77735472616E7369656E74446174617872001D6F72672E71756172747A2E7574696C732E4469727479466C61674D617013E62EAD28760ACE0200025A000564697274794C00036D617074000F4C6A6176612F7574696C2F4D61703B787001737200116A6176612E7574696C2E486173684D61700507DAC1C31660D103000246000A6C6F6164466163746F724900097468726573686F6C6478703F4000000000000C7708000000100000000174000F5441534B5F50524F504552544945537372001E636F6D2E72756F79692E71756172747A2E646F6D61696E2E5379734A6F6200000000000000010200084C000A636F6E63757272656E747400124C6A6176612F6C616E672F537472696E673B4C000E63726F6E45787072657373696F6E71007E00094C000C696E766F6B6554617267657471007E00094C00086A6F6247726F757071007E00094C00056A6F6249647400104C6A6176612F6C616E672F4C6F6E673B4C00076A6F624E616D6571007E00094C000D6D697366697265506F6C69637971007E00094C000673746174757371007E000978720027636F6D2E72756F79692E636F6D6D6F6E2E636F72652E646F6D61696E2E42617365456E7469747900000000000000010200074C0008637265617465427971007E00094C000A63726561746554696D657400104C6A6176612F7574696C2F446174653B4C0006706172616D7371007E00034C000672656D61726B71007E00094C000B73656172636856616C756571007E00094C0008757064617465427971007E00094C000A75706461746554696D6571007E000C787074000561646D696E7372000E6A6176612E7574696C2E44617465686A81014B597419030000787077080000017F17572F0078707400007070707400013174000E302F3130202A202A202A202A203F74001172795461736B2E72794E6F506172616D7374000744454641554C547372000E6A6176612E6C616E672E4C6F6E673B8BE490CC8F23DF0200014A000576616C7565787200106A6176612E6C616E672E4E756D62657286AC951D0B94E08B02000078700000000000000001740018E7B3BBE7BB9FE9BB98E8AEA4EFBC88E697A0E58F82EFBC8974000133740001317800);
INSERT INTO `qrtz_job_details` VALUES ('RuoyiScheduler', 'TASK_CLASS_NAME2', 'DEFAULT', null, 'com.ruoyi.quartz.util.QuartzDisallowConcurrentExecution', '0', '1', '0', '0', 0xACED0005737200156F72672E71756172747A2E4A6F62446174614D61709FB083E8BFA9B0CB020000787200266F72672E71756172747A2E7574696C732E537472696E674B65794469727479466C61674D61708208E8C3FBC55D280200015A0013616C6C6F77735472616E7369656E74446174617872001D6F72672E71756172747A2E7574696C732E4469727479466C61674D617013E62EAD28760ACE0200025A000564697274794C00036D617074000F4C6A6176612F7574696C2F4D61703B787001737200116A6176612E7574696C2E486173684D61700507DAC1C31660D103000246000A6C6F6164466163746F724900097468726573686F6C6478703F4000000000000C7708000000100000000174000F5441534B5F50524F504552544945537372001E636F6D2E72756F79692E71756172747A2E646F6D61696E2E5379734A6F6200000000000000010200084C000A636F6E63757272656E747400124C6A6176612F6C616E672F537472696E673B4C000E63726F6E45787072657373696F6E71007E00094C000C696E766F6B6554617267657471007E00094C00086A6F6247726F757071007E00094C00056A6F6249647400104C6A6176612F6C616E672F4C6F6E673B4C00076A6F624E616D6571007E00094C000D6D697366697265506F6C69637971007E00094C000673746174757371007E000978720027636F6D2E72756F79692E636F6D6D6F6E2E636F72652E646F6D61696E2E42617365456E7469747900000000000000010200074C0008637265617465427971007E00094C000A63726561746554696D657400104C6A6176612F7574696C2F446174653B4C0006706172616D7371007E00034C000672656D61726B71007E00094C000B73656172636856616C756571007E00094C0008757064617465427971007E00094C000A75706461746554696D6571007E000C787074000561646D696E7372000E6A6176612E7574696C2E44617465686A81014B597419030000787077080000017F17572F0078707400007070707400013174000E302F3135202A202A202A202A203F74001572795461736B2E7279506172616D7328277279272974000744454641554C547372000E6A6176612E6C616E672E4C6F6E673B8BE490CC8F23DF0200014A000576616C7565787200106A6176612E6C616E672E4E756D62657286AC951D0B94E08B02000078700000000000000002740018E7B3BBE7BB9FE9BB98E8AEA4EFBC88E69C89E58F82EFBC8974000133740001317800);
INSERT INTO `qrtz_job_details` VALUES ('RuoyiScheduler', 'TASK_CLASS_NAME3', 'DEFAULT', null, 'com.ruoyi.quartz.util.QuartzDisallowConcurrentExecution', '0', '1', '0', '0', 0xACED0005737200156F72672E71756172747A2E4A6F62446174614D61709FB083E8BFA9B0CB020000787200266F72672E71756172747A2E7574696C732E537472696E674B65794469727479466C61674D61708208E8C3FBC55D280200015A0013616C6C6F77735472616E7369656E74446174617872001D6F72672E71756172747A2E7574696C732E4469727479466C61674D617013E62EAD28760ACE0200025A000564697274794C00036D617074000F4C6A6176612F7574696C2F4D61703B787001737200116A6176612E7574696C2E486173684D61700507DAC1C31660D103000246000A6C6F6164466163746F724900097468726573686F6C6478703F4000000000000C7708000000100000000174000F5441534B5F50524F504552544945537372001E636F6D2E72756F79692E71756172747A2E646F6D61696E2E5379734A6F6200000000000000010200084C000A636F6E63757272656E747400124C6A6176612F6C616E672F537472696E673B4C000E63726F6E45787072657373696F6E71007E00094C000C696E766F6B6554617267657471007E00094C00086A6F6247726F757071007E00094C00056A6F6249647400104C6A6176612F6C616E672F4C6F6E673B4C00076A6F624E616D6571007E00094C000D6D697366697265506F6C69637971007E00094C000673746174757371007E000978720027636F6D2E72756F79692E636F6D6D6F6E2E636F72652E646F6D61696E2E42617365456E7469747900000000000000010200074C0008637265617465427971007E00094C000A63726561746554696D657400104C6A6176612F7574696C2F446174653B4C0006706172616D7371007E00034C000672656D61726B71007E00094C000B73656172636856616C756571007E00094C0008757064617465427971007E00094C000A75706461746554696D6571007E000C787074000561646D696E7372000E6A6176612E7574696C2E44617465686A81014B597419030000787077080000017F17572F0078707400007070707400013174000E302F3230202A202A202A202A203F74003872795461736B2E72794D756C7469706C65506172616D7328277279272C20747275652C20323030304C2C203331362E3530442C203130302974000744454641554C547372000E6A6176612E6C616E672E4C6F6E673B8BE490CC8F23DF0200014A000576616C7565787200106A6176612E6C616E672E4E756D62657286AC951D0B94E08B02000078700000000000000003740018E7B3BBE7BB9FE9BB98E8AEA4EFBC88E5A49AE58F82EFBC8974000133740001317800);

-- ----------------------------
-- Table structure for qrtz_locks
-- ----------------------------
DROP TABLE IF EXISTS `qrtz_locks`;
CREATE TABLE `qrtz_locks` (
  `sched_name` varchar(120) NOT NULL COMMENT '调度名称',
  `lock_name` varchar(40) NOT NULL COMMENT '悲观锁名称',
  PRIMARY KEY (`sched_name`,`lock_name`)
) ENGINE=InnoDB DEFAULT CHARSET=utf8mb4 COMMENT='存储的悲观锁信息表';

-- ----------------------------
-- Records of qrtz_locks
-- ----------------------------
INSERT INTO `qrtz_locks` VALUES ('RuoyiScheduler', 'STATE_ACCESS');
INSERT INTO `qrtz_locks` VALUES ('RuoyiScheduler', 'TRIGGER_ACCESS');

-- ----------------------------
-- Table structure for qrtz_paused_trigger_grps
-- ----------------------------
DROP TABLE IF EXISTS `qrtz_paused_trigger_grps`;
CREATE TABLE `qrtz_paused_trigger_grps` (
  `sched_name` varchar(120) NOT NULL COMMENT '调度名称',
  `trigger_group` varchar(200) NOT NULL COMMENT 'qrtz_triggers表trigger_group的外键',
  PRIMARY KEY (`sched_name`,`trigger_group`)
) ENGINE=InnoDB DEFAULT CHARSET=utf8mb4 COMMENT='暂停的触发器表';

-- ----------------------------
-- Records of qrtz_paused_trigger_grps
-- ----------------------------

-- ----------------------------
-- Table structure for qrtz_scheduler_state
-- ----------------------------
DROP TABLE IF EXISTS `qrtz_scheduler_state`;
CREATE TABLE `qrtz_scheduler_state` (
  `sched_name` varchar(120) NOT NULL COMMENT '调度名称',
  `instance_name` varchar(200) NOT NULL COMMENT '实例名称',
  `last_checkin_time` bigint(13) NOT NULL COMMENT '上次检查时间',
  `checkin_interval` bigint(13) NOT NULL COMMENT '检查间隔时间',
  PRIMARY KEY (`sched_name`,`instance_name`)
) ENGINE=InnoDB DEFAULT CHARSET=utf8mb4 COMMENT='调度器状态表';

-- ----------------------------
-- Records of qrtz_scheduler_state
-- ----------------------------
INSERT INTO `qrtz_scheduler_state` VALUES ('RuoyiScheduler', 'DESKTOP-JBK8SRU1648108039024', '1648108373776', '15000');

-- ----------------------------
-- Table structure for qrtz_simple_triggers
-- ----------------------------
DROP TABLE IF EXISTS `qrtz_simple_triggers`;
CREATE TABLE `qrtz_simple_triggers` (
  `sched_name` varchar(120) NOT NULL COMMENT '调度名称',
  `trigger_name` varchar(200) NOT NULL COMMENT 'qrtz_triggers表trigger_name的外键',
  `trigger_group` varchar(200) NOT NULL COMMENT 'qrtz_triggers表trigger_group的外键',
  `repeat_count` bigint(7) NOT NULL COMMENT '重复的次数统计',
  `repeat_interval` bigint(12) NOT NULL COMMENT '重复的间隔时间',
  `times_triggered` bigint(10) NOT NULL COMMENT '已经触发的次数',
  PRIMARY KEY (`sched_name`,`trigger_name`,`trigger_group`),
  CONSTRAINT `qrtz_simple_triggers_ibfk_1` FOREIGN KEY (`sched_name`, `trigger_name`, `trigger_group`) REFERENCES `qrtz_triggers` (`sched_name`, `trigger_name`, `trigger_group`)
) ENGINE=InnoDB DEFAULT CHARSET=utf8mb4 COMMENT='简单触发器的信息表';

-- ----------------------------
-- Records of qrtz_simple_triggers
-- ----------------------------

-- ----------------------------
-- Table structure for qrtz_simprop_triggers
-- ----------------------------
DROP TABLE IF EXISTS `qrtz_simprop_triggers`;
CREATE TABLE `qrtz_simprop_triggers` (
  `sched_name` varchar(120) NOT NULL COMMENT '调度名称',
  `trigger_name` varchar(200) NOT NULL COMMENT 'qrtz_triggers表trigger_name的外键',
  `trigger_group` varchar(200) NOT NULL COMMENT 'qrtz_triggers表trigger_group的外键',
  `str_prop_1` varchar(512) DEFAULT NULL COMMENT 'String类型的trigger的第一个参数',
  `str_prop_2` varchar(512) DEFAULT NULL COMMENT 'String类型的trigger的第二个参数',
  `str_prop_3` varchar(512) DEFAULT NULL COMMENT 'String类型的trigger的第三个参数',
  `int_prop_1` int(11) DEFAULT NULL COMMENT 'int类型的trigger的第一个参数',
  `int_prop_2` int(11) DEFAULT NULL COMMENT 'int类型的trigger的第二个参数',
  `long_prop_1` bigint(20) DEFAULT NULL COMMENT 'long类型的trigger的第一个参数',
  `long_prop_2` bigint(20) DEFAULT NULL COMMENT 'long类型的trigger的第二个参数',
  `dec_prop_1` decimal(13,4) DEFAULT NULL COMMENT 'decimal类型的trigger的第一个参数',
  `dec_prop_2` decimal(13,4) DEFAULT NULL COMMENT 'decimal类型的trigger的第二个参数',
  `bool_prop_1` varchar(1) DEFAULT NULL COMMENT 'Boolean类型的trigger的第一个参数',
  `bool_prop_2` varchar(1) DEFAULT NULL COMMENT 'Boolean类型的trigger的第二个参数',
  PRIMARY KEY (`sched_name`,`trigger_name`,`trigger_group`),
  CONSTRAINT `qrtz_simprop_triggers_ibfk_1` FOREIGN KEY (`sched_name`, `trigger_name`, `trigger_group`) REFERENCES `qrtz_triggers` (`sched_name`, `trigger_name`, `trigger_group`)
) ENGINE=InnoDB DEFAULT CHARSET=utf8mb4 COMMENT='同步机制的行锁表';

-- ----------------------------
-- Records of qrtz_simprop_triggers
-- ----------------------------

-- ----------------------------
-- Table structure for qrtz_triggers
-- ----------------------------
DROP TABLE IF EXISTS `qrtz_triggers`;
CREATE TABLE `qrtz_triggers` (
  `sched_name` varchar(120) NOT NULL COMMENT '调度名称',
  `trigger_name` varchar(200) NOT NULL COMMENT '触发器的名字',
  `trigger_group` varchar(200) NOT NULL COMMENT '触发器所属组的名字',
  `job_name` varchar(200) NOT NULL COMMENT 'qrtz_job_details表job_name的外键',
  `job_group` varchar(200) NOT NULL COMMENT 'qrtz_job_details表job_group的外键',
  `description` varchar(250) DEFAULT NULL COMMENT '相关介绍',
  `next_fire_time` bigint(13) DEFAULT NULL COMMENT '上一次触发时间（毫秒）',
  `prev_fire_time` bigint(13) DEFAULT NULL COMMENT '下一次触发时间（默认为-1表示不触发）',
  `priority` int(11) DEFAULT NULL COMMENT '优先级',
  `trigger_state` varchar(16) NOT NULL COMMENT '触发器状态',
  `trigger_type` varchar(8) NOT NULL COMMENT '触发器的类型',
  `start_time` bigint(13) NOT NULL COMMENT '开始时间',
  `end_time` bigint(13) DEFAULT NULL COMMENT '结束时间',
  `calendar_name` varchar(200) DEFAULT NULL COMMENT '日程表名称',
  `misfire_instr` smallint(2) DEFAULT NULL COMMENT '补偿执行的策略',
  `job_data` blob COMMENT '存放持久化job对象',
  PRIMARY KEY (`sched_name`,`trigger_name`,`trigger_group`),
  KEY `sched_name` (`sched_name`,`job_name`,`job_group`),
  CONSTRAINT `qrtz_triggers_ibfk_1` FOREIGN KEY (`sched_name`, `job_name`, `job_group`) REFERENCES `qrtz_job_details` (`sched_name`, `job_name`, `job_group`)
) ENGINE=InnoDB DEFAULT CHARSET=utf8mb4 COMMENT='触发器详细信息表';

-- ----------------------------
-- Records of qrtz_triggers
-- ----------------------------
INSERT INTO `qrtz_triggers` VALUES ('RuoyiScheduler', 'TASK_CLASS_NAME1', 'DEFAULT', 'TASK_CLASS_NAME1', 'DEFAULT', null, '1648108040000', '-1', '5', 'PAUSED', 'CRON', '1648108039000', '0', null, '2', '');
INSERT INTO `qrtz_triggers` VALUES ('RuoyiScheduler', 'TASK_CLASS_NAME2', 'DEFAULT', 'TASK_CLASS_NAME2', 'DEFAULT', null, '1648108050000', '-1', '5', 'PAUSED', 'CRON', '1648108040000', '0', null, '2', '');
INSERT INTO `qrtz_triggers` VALUES ('RuoyiScheduler', 'TASK_CLASS_NAME3', 'DEFAULT', 'TASK_CLASS_NAME3', 'DEFAULT', null, '1648108060000', '-1', '5', 'PAUSED', 'CRON', '1648108041000', '0', null, '2', '');

-- ----------------------------
-- Table structure for sys_config
-- ----------------------------
DROP TABLE IF EXISTS `sys_config`;
CREATE TABLE `sys_config` (
  `config_id` int(5) NOT NULL AUTO_INCREMENT COMMENT '参数主键',
  `config_name` varchar(100) DEFAULT '' COMMENT '参数名称',
  `config_key` varchar(100) DEFAULT '' COMMENT '参数键名',
  `config_value` varchar(500) DEFAULT '' COMMENT '参数键值',
  `config_type` char(1) DEFAULT 'N' COMMENT '系统内置（Y是 N否）',
  `create_by` varchar(64) DEFAULT '' COMMENT '创建者',
  `create_time` datetime DEFAULT NULL COMMENT '创建时间',
  `update_by` varchar(64) DEFAULT '' COMMENT '更新者',
  `update_time` datetime DEFAULT NULL COMMENT '更新时间',
  `remark` varchar(500) DEFAULT NULL COMMENT '备注',
  PRIMARY KEY (`config_id`)
) ENGINE=InnoDB AUTO_INCREMENT=6 DEFAULT CHARSET=utf8mb4 COMMENT='参数配置表';

-- ----------------------------
-- Records of sys_config
-- ----------------------------
INSERT INTO `sys_config` VALUES ('1', '主框架页-默认皮肤样式名称', 'sys.index.skinName', 'skin-blue', 'Y', 'admin', '2022-02-20 21:34:24', '', null, '蓝色 skin-blue、绿色 skin-green、紫色 skin-purple、红色 skin-red、黄色 skin-yellow');
INSERT INTO `sys_config` VALUES ('2', '用户管理-账号初始密码', 'sys.user.initPassword', '123456', 'Y', 'admin', '2022-02-20 21:34:24', '', null, '初始化密码 123456');
INSERT INTO `sys_config` VALUES ('3', '主框架页-侧边栏主题', 'sys.index.sideTheme', 'theme-dark', 'Y', 'admin', '2022-02-20 21:34:24', '', null, '深色主题theme-dark，浅色主题theme-light');
INSERT INTO `sys_config` VALUES ('4', '账号自助-验证码开关', 'sys.account.captchaOnOff', 'true', 'Y', 'admin', '2022-02-20 21:34:24', '', null, '是否开启验证码功能（true开启，false关闭）');
INSERT INTO `sys_config` VALUES ('5', '账号自助-是否开启用户注册功能', 'sys.account.registerUser', 'false', 'Y', 'admin', '2022-02-20 21:34:24', '', null, '是否开启注册用户功能（true开启，false关闭）');

-- ----------------------------
-- Table structure for sys_dept
-- ----------------------------
DROP TABLE IF EXISTS `sys_dept`;
CREATE TABLE `sys_dept` (
  `dept_id` bigint(20) NOT NULL AUTO_INCREMENT COMMENT '部门id',
  `parent_id` bigint(20) DEFAULT '0' COMMENT '父部门id',
  `ancestors` varchar(50) DEFAULT '' COMMENT '祖级列表',
  `dept_name` varchar(30) DEFAULT '' COMMENT '部门名称',
  `order_num` int(4) DEFAULT '0' COMMENT '显示顺序',
  `leader` varchar(20) DEFAULT NULL COMMENT '负责人',
  `phone` varchar(11) DEFAULT NULL COMMENT '联系电话',
  `email` varchar(50) DEFAULT NULL COMMENT '邮箱',
  `status` char(1) DEFAULT '0' COMMENT '部门状态（0正常 1停用）',
  `del_flag` char(1) DEFAULT '0' COMMENT '删除标志（0代表存在 2代表删除）',
  `create_by` varchar(64) DEFAULT '' COMMENT '创建者',
  `create_time` datetime DEFAULT NULL COMMENT '创建时间',
  `update_by` varchar(64) DEFAULT '' COMMENT '更新者',
  `update_time` datetime DEFAULT NULL COMMENT '更新时间',
  PRIMARY KEY (`dept_id`)
) ENGINE=InnoDB AUTO_INCREMENT=110 DEFAULT CHARSET=utf8mb4 COMMENT='部门表';

-- ----------------------------
-- Records of sys_dept
-- ----------------------------
INSERT INTO `sys_dept` VALUES ('100', '0', '0', '若依科技', '0', '若依', '15888888888', 'ry@qq.com', '0', '0', 'admin', '2022-02-20 21:34:24', '', null);
INSERT INTO `sys_dept` VALUES ('101', '100', '0,100', '深圳总公司', '1', '若依', '15888888888', 'ry@qq.com', '0', '0', 'admin', '2022-02-20 21:34:24', '', null);
INSERT INTO `sys_dept` VALUES ('102', '100', '0,100', '长沙分公司', '2', '若依', '15888888888', 'ry@qq.com', '0', '0', 'admin', '2022-02-20 21:34:24', '', null);
INSERT INTO `sys_dept` VALUES ('103', '101', '0,100,101', '研发部门', '1', '若依', '15888888888', 'ry@qq.com', '0', '0', 'admin', '2022-02-20 21:34:24', '', null);
INSERT INTO `sys_dept` VALUES ('104', '101', '0,100,101', '市场部门', '2', '若依', '15888888888', 'ry@qq.com', '0', '0', 'admin', '2022-02-20 21:34:24', '', null);
INSERT INTO `sys_dept` VALUES ('105', '101', '0,100,101', '测试部门', '3', '若依', '15888888888', 'ry@qq.com', '0', '0', 'admin', '2022-02-20 21:34:24', '', null);
INSERT INTO `sys_dept` VALUES ('106', '101', '0,100,101', '财务部门', '4', '若依', '15888888888', 'ry@qq.com', '0', '0', 'admin', '2022-02-20 21:34:24', '', null);
INSERT INTO `sys_dept` VALUES ('107', '101', '0,100,101', '运维部门', '5', '若依', '15888888888', 'ry@qq.com', '0', '0', 'admin', '2022-02-20 21:34:24', '', null);
INSERT INTO `sys_dept` VALUES ('108', '102', '0,100,102', '市场部门', '1', '若依', '15888888888', 'ry@qq.com', '0', '0', 'admin', '2022-02-20 21:34:24', '', null);
INSERT INTO `sys_dept` VALUES ('109', '102', '0,100,102', '财务部门', '2', '若依', '15888888888', 'ry@qq.com', '0', '0', 'admin', '2022-02-20 21:34:24', '', null);

-- ----------------------------
-- Table structure for sys_dict_data
-- ----------------------------
DROP TABLE IF EXISTS `sys_dict_data`;
CREATE TABLE `sys_dict_data` (
  `dict_code` bigint(20) NOT NULL AUTO_INCREMENT COMMENT '字典编码',
  `dict_sort` int(4) DEFAULT '0' COMMENT '字典排序',
  `dict_label` varchar(100) DEFAULT '' COMMENT '字典标签',
  `dict_value` varchar(100) DEFAULT '' COMMENT '字典键值',
  `dict_type` varchar(100) DEFAULT '' COMMENT '字典类型',
  `css_class` varchar(100) DEFAULT NULL COMMENT '样式属性（其他样式扩展）',
  `list_class` varchar(100) DEFAULT NULL COMMENT '表格回显样式',
  `is_default` char(1) DEFAULT 'N' COMMENT '是否默认（Y是 N否）',
  `status` char(1) DEFAULT '0' COMMENT '状态（0正常 1停用）',
  `create_by` varchar(64) DEFAULT '' COMMENT '创建者',
  `create_time` datetime DEFAULT NULL COMMENT '创建时间',
  `update_by` varchar(64) DEFAULT '' COMMENT '更新者',
  `update_time` datetime DEFAULT NULL COMMENT '更新时间',
  `remark` varchar(500) DEFAULT NULL COMMENT '备注',
  PRIMARY KEY (`dict_code`)
) ENGINE=InnoDB AUTO_INCREMENT=29 DEFAULT CHARSET=utf8mb4 COMMENT='字典数据表';

-- ----------------------------
-- Records of sys_dict_data
-- ----------------------------
INSERT INTO `sys_dict_data` VALUES ('1', '1', '男', '0', 'sys_user_sex', '', '', 'Y', '0', 'admin', '2022-02-20 21:34:24', '', null, '性别男');
INSERT INTO `sys_dict_data` VALUES ('2', '2', '女', '1', 'sys_user_sex', '', '', 'N', '0', 'admin', '2022-02-20 21:34:24', '', null, '性别女');
INSERT INTO `sys_dict_data` VALUES ('3', '3', '未知', '2', 'sys_user_sex', '', '', 'N', '0', 'admin', '2022-02-20 21:34:24', '', null, '性别未知');
INSERT INTO `sys_dict_data` VALUES ('4', '1', '显示', '0', 'sys_show_hide', '', 'primary', 'Y', '0', 'admin', '2022-02-20 21:34:24', '', null, '显示菜单');
INSERT INTO `sys_dict_data` VALUES ('5', '2', '隐藏', '1', 'sys_show_hide', '', 'danger', 'N', '0', 'admin', '2022-02-20 21:34:24', '', null, '隐藏菜单');
INSERT INTO `sys_dict_data` VALUES ('6', '1', '正常', '0', 'sys_normal_disable', '', 'primary', 'Y', '0', 'admin', '2022-02-20 21:34:24', '', null, '正常状态');
INSERT INTO `sys_dict_data` VALUES ('7', '2', '停用', '1', 'sys_normal_disable', '', 'danger', 'N', '0', 'admin', '2022-02-20 21:34:24', '', null, '停用状态');
INSERT INTO `sys_dict_data` VALUES ('8', '1', '正常', '0', 'sys_job_status', '', 'primary', 'Y', '0', 'admin', '2022-02-20 21:34:24', '', null, '正常状态');
INSERT INTO `sys_dict_data` VALUES ('9', '2', '暂停', '1', 'sys_job_status', '', 'danger', 'N', '0', 'admin', '2022-02-20 21:34:24', '', null, '停用状态');
INSERT INTO `sys_dict_data` VALUES ('10', '1', '默认', 'DEFAULT', 'sys_job_group', '', '', 'Y', '0', 'admin', '2022-02-20 21:34:24', '', null, '默认分组');
INSERT INTO `sys_dict_data` VALUES ('11', '2', '系统', 'SYSTEM', 'sys_job_group', '', '', 'N', '0', 'admin', '2022-02-20 21:34:24', '', null, '系统分组');
INSERT INTO `sys_dict_data` VALUES ('12', '1', '是', 'Y', 'sys_yes_no', '', 'primary', 'Y', '0', 'admin', '2022-02-20 21:34:24', '', null, '系统默认是');
INSERT INTO `sys_dict_data` VALUES ('13', '2', '否', 'N', 'sys_yes_no', '', 'danger', 'N', '0', 'admin', '2022-02-20 21:34:24', '', null, '系统默认否');
INSERT INTO `sys_dict_data` VALUES ('14', '1', '通知', '1', 'sys_notice_type', '', 'warning', 'Y', '0', 'admin', '2022-02-20 21:34:24', '', null, '通知');
INSERT INTO `sys_dict_data` VALUES ('15', '2', '公告', '2', 'sys_notice_type', '', 'success', 'N', '0', 'admin', '2022-02-20 21:34:24', '', null, '公告');
INSERT INTO `sys_dict_data` VALUES ('16', '1', '正常', '0', 'sys_notice_status', '', 'primary', 'Y', '0', 'admin', '2022-02-20 21:34:24', '', null, '正常状态');
INSERT INTO `sys_dict_data` VALUES ('17', '2', '关闭', '1', 'sys_notice_status', '', 'danger', 'N', '0', 'admin', '2022-02-20 21:34:24', '', null, '关闭状态');
INSERT INTO `sys_dict_data` VALUES ('18', '1', '新增', '1', 'sys_oper_type', '', 'info', 'N', '0', 'admin', '2022-02-20 21:34:24', '', null, '新增操作');
INSERT INTO `sys_dict_data` VALUES ('19', '2', '修改', '2', 'sys_oper_type', '', 'info', 'N', '0', 'admin', '2022-02-20 21:34:24', '', null, '修改操作');
INSERT INTO `sys_dict_data` VALUES ('20', '3', '删除', '3', 'sys_oper_type', '', 'danger', 'N', '0', 'admin', '2022-02-20 21:34:24', '', null, '删除操作');
INSERT INTO `sys_dict_data` VALUES ('21', '4', '授权', '4', 'sys_oper_type', '', 'primary', 'N', '0', 'admin', '2022-02-20 21:34:24', '', null, '授权操作');
INSERT INTO `sys_dict_data` VALUES ('22', '5', '导出', '5', 'sys_oper_type', '', 'warning', 'N', '0', 'admin', '2022-02-20 21:34:24', '', null, '导出操作');
INSERT INTO `sys_dict_data` VALUES ('23', '6', '导入', '6', 'sys_oper_type', '', 'warning', 'N', '0', 'admin', '2022-02-20 21:34:24', '', null, '导入操作');
INSERT INTO `sys_dict_data` VALUES ('24', '7', '强退', '7', 'sys_oper_type', '', 'danger', 'N', '0', 'admin', '2022-02-20 21:34:24', '', null, '强退操作');
INSERT INTO `sys_dict_data` VALUES ('25', '8', '生成代码', '8', 'sys_oper_type', '', 'warning', 'N', '0', 'admin', '2022-02-20 21:34:24', '', null, '生成操作');
INSERT INTO `sys_dict_data` VALUES ('26', '9', '清空数据', '9', 'sys_oper_type', '', 'danger', 'N', '0', 'admin', '2022-02-20 21:34:24', '', null, '清空操作');
INSERT INTO `sys_dict_data` VALUES ('27', '1', '成功', '0', 'sys_common_status', '', 'primary', 'N', '0', 'admin', '2022-02-20 21:34:24', '', null, '正常状态');
INSERT INTO `sys_dict_data` VALUES ('28', '2', '失败', '1', 'sys_common_status', '', 'danger', 'N', '0', 'admin', '2022-02-20 21:34:24', '', null, '停用状态');

-- ----------------------------
-- Table structure for sys_dict_type
-- ----------------------------
DROP TABLE IF EXISTS `sys_dict_type`;
CREATE TABLE `sys_dict_type` (
  `dict_id` bigint(20) NOT NULL AUTO_INCREMENT COMMENT '字典主键',
  `dict_name` varchar(100) DEFAULT '' COMMENT '字典名称',
  `dict_type` varchar(100) DEFAULT '' COMMENT '字典类型',
  `status` char(1) DEFAULT '0' COMMENT '状态（0正常 1停用）',
  `create_by` varchar(64) DEFAULT '' COMMENT '创建者',
  `create_time` datetime DEFAULT NULL COMMENT '创建时间',
  `update_by` varchar(64) DEFAULT '' COMMENT '更新者',
  `update_time` datetime DEFAULT NULL COMMENT '更新时间',
  `remark` varchar(500) DEFAULT NULL COMMENT '备注',
  PRIMARY KEY (`dict_id`),
  UNIQUE KEY `dict_type` (`dict_type`)
) ENGINE=InnoDB AUTO_INCREMENT=11 DEFAULT CHARSET=utf8mb4 COMMENT='字典类型表';

-- ----------------------------
-- Records of sys_dict_type
-- ----------------------------
INSERT INTO `sys_dict_type` VALUES ('1', '用户性别', 'sys_user_sex', '0', 'admin', '2022-02-20 21:34:24', '', null, '用户性别列表');
INSERT INTO `sys_dict_type` VALUES ('2', '菜单状态', 'sys_show_hide', '0', 'admin', '2022-02-20 21:34:24', '', null, '菜单状态列表');
INSERT INTO `sys_dict_type` VALUES ('3', '系统开关', 'sys_normal_disable', '0', 'admin', '2022-02-20 21:34:24', '', null, '系统开关列表');
INSERT INTO `sys_dict_type` VALUES ('4', '任务状态', 'sys_job_status', '0', 'admin', '2022-02-20 21:34:24', '', null, '任务状态列表');
INSERT INTO `sys_dict_type` VALUES ('5', '任务分组', 'sys_job_group', '0', 'admin', '2022-02-20 21:34:24', '', null, '任务分组列表');
INSERT INTO `sys_dict_type` VALUES ('6', '系统是否', 'sys_yes_no', '0', 'admin', '2022-02-20 21:34:24', '', null, '系统是否列表');
INSERT INTO `sys_dict_type` VALUES ('7', '通知类型', 'sys_notice_type', '0', 'admin', '2022-02-20 21:34:24', '', null, '通知类型列表');
INSERT INTO `sys_dict_type` VALUES ('8', '通知状态', 'sys_notice_status', '0', 'admin', '2022-02-20 21:34:24', '', null, '通知状态列表');
INSERT INTO `sys_dict_type` VALUES ('9', '操作类型', 'sys_oper_type', '0', 'admin', '2022-02-20 21:34:24', '', null, '操作类型列表');
INSERT INTO `sys_dict_type` VALUES ('10', '系统状态', 'sys_common_status', '0', 'admin', '2022-02-20 21:34:24', '', null, '登录状态列表');

-- ----------------------------
-- Table structure for sys_job
-- ----------------------------
DROP TABLE IF EXISTS `sys_job`;
CREATE TABLE `sys_job` (
  `job_id` bigint(20) NOT NULL AUTO_INCREMENT COMMENT '任务ID',
  `job_name` varchar(64) NOT NULL DEFAULT '' COMMENT '任务名称',
  `job_group` varchar(64) NOT NULL DEFAULT 'DEFAULT' COMMENT '任务组名',
  `invoke_target` varchar(500) NOT NULL COMMENT '调用目标字符串',
  `cron_expression` varchar(255) DEFAULT '' COMMENT 'cron执行表达式',
  `misfire_policy` varchar(20) DEFAULT '3' COMMENT '计划执行错误策略（1立即执行 2执行一次 3放弃执行）',
  `concurrent` char(1) DEFAULT '1' COMMENT '是否并发执行（0允许 1禁止）',
  `status` char(1) DEFAULT '0' COMMENT '状态（0正常 1暂停）',
  `create_by` varchar(64) DEFAULT '' COMMENT '创建者',
  `create_time` datetime DEFAULT NULL COMMENT '创建时间',
  `update_by` varchar(64) DEFAULT '' COMMENT '更新者',
  `update_time` datetime DEFAULT NULL COMMENT '更新时间',
  `remark` varchar(500) DEFAULT '' COMMENT '备注信息',
  PRIMARY KEY (`job_id`,`job_name`,`job_group`)
) ENGINE=InnoDB AUTO_INCREMENT=4 DEFAULT CHARSET=utf8mb4 COMMENT='定时任务调度表';

-- ----------------------------
-- Records of sys_job
-- ----------------------------
INSERT INTO `sys_job` VALUES ('1', '系统默认（无参）', 'DEFAULT', 'ryTask.ryNoParams', '0/10 * * * * ?', '3', '1', '1', 'admin', '2022-02-20 21:34:24', '', null, '');
INSERT INTO `sys_job` VALUES ('2', '系统默认（有参）', 'DEFAULT', 'ryTask.ryParams(\'ry\')', '0/15 * * * * ?', '3', '1', '1', 'admin', '2022-02-20 21:34:24', '', null, '');
INSERT INTO `sys_job` VALUES ('3', '系统默认（多参）', 'DEFAULT', 'ryTask.ryMultipleParams(\'ry\', true, 2000L, 316.50D, 100)', '0/20 * * * * ?', '3', '1', '1', 'admin', '2022-02-20 21:34:24', '', null, '');

-- ----------------------------
-- Table structure for sys_job_log
-- ----------------------------
DROP TABLE IF EXISTS `sys_job_log`;
CREATE TABLE `sys_job_log` (
  `job_log_id` bigint(20) NOT NULL AUTO_INCREMENT COMMENT '任务日志ID',
  `job_name` varchar(64) NOT NULL COMMENT '任务名称',
  `job_group` varchar(64) NOT NULL COMMENT '任务组名',
  `invoke_target` varchar(500) NOT NULL COMMENT '调用目标字符串',
  `job_message` varchar(500) DEFAULT NULL COMMENT '日志信息',
  `status` char(1) DEFAULT '0' COMMENT '执行状态（0正常 1失败）',
  `exception_info` varchar(2000) DEFAULT '' COMMENT '异常信息',
  `create_time` datetime DEFAULT NULL COMMENT '创建时间',
  PRIMARY KEY (`job_log_id`)
) ENGINE=InnoDB DEFAULT CHARSET=utf8mb4 COMMENT='定时任务调度日志表';

-- ----------------------------
-- Records of sys_job_log
-- ----------------------------

-- ----------------------------
-- Table structure for sys_logininfor
-- ----------------------------
DROP TABLE IF EXISTS `sys_logininfor`;
CREATE TABLE `sys_logininfor` (
  `info_id` bigint(20) NOT NULL AUTO_INCREMENT COMMENT '访问ID',
  `user_name` varchar(50) DEFAULT '' COMMENT '用户账号',
  `ipaddr` varchar(128) DEFAULT '' COMMENT '登录IP地址',
  `login_location` varchar(255) DEFAULT '' COMMENT '登录地点',
  `browser` varchar(50) DEFAULT '' COMMENT '浏览器类型',
  `os` varchar(50) DEFAULT '' COMMENT '操作系统',
  `status` char(1) DEFAULT '0' COMMENT '登录状态（0成功 1失败）',
  `msg` varchar(255) DEFAULT '' COMMENT '提示消息',
  `login_time` datetime DEFAULT NULL COMMENT '访问时间',
  PRIMARY KEY (`info_id`)
) ENGINE=InnoDB AUTO_INCREMENT=342 DEFAULT CHARSET=utf8mb4 COMMENT='系统访问记录';

-- ----------------------------
-- Records of sys_logininfor
-- ----------------------------
INSERT INTO `sys_logininfor` VALUES ('100', 'admin', '127.0.0.1', '内网IP', 'Chrome 9', 'Windows 10', '1', 'This object has not been built', '2022-02-20 22:01:08');
INSERT INTO `sys_logininfor` VALUES ('101', 'admin', '127.0.0.1', '内网IP', 'Chrome 9', 'Windows 10', '1', 'This object has not been built', '2022-02-20 22:01:12');
INSERT INTO `sys_logininfor` VALUES ('102', 'admin', '127.0.0.1', '内网IP', 'Chrome 9', 'Windows 10', '1', 'This object has not been built', '2022-02-20 22:01:23');
INSERT INTO `sys_logininfor` VALUES ('103', 'admin', '127.0.0.1', '内网IP', 'Chrome 9', 'Windows 10', '0', '登录成功', '2022-02-20 22:07:15');
INSERT INTO `sys_logininfor` VALUES ('104', 'admin', '127.0.0.1', '内网IP', 'Chrome 9', 'Windows 10', '0', '退出成功', '2022-02-20 22:13:27');
INSERT INTO `sys_logininfor` VALUES ('105', 'admin', '127.0.0.1', '内网IP', 'Chrome 9', 'Windows 10', '0', '登录成功', '2022-02-20 22:21:29');
INSERT INTO `sys_logininfor` VALUES ('106', 'admin', '127.0.0.1', '内网IP', 'Chrome 9', 'Windows 10', '0', '退出成功', '2022-02-20 22:23:36');
INSERT INTO `sys_logininfor` VALUES ('107', 'admin', '127.0.0.1', '内网IP', 'Chrome 9', 'Windows 10', '0', '登录成功', '2022-02-20 22:50:27');
INSERT INTO `sys_logininfor` VALUES ('108', 'admin', '127.0.0.1', '内网IP', 'Chrome 9', 'Windows 10', '0', '登录成功', '2022-02-21 17:49:04');
INSERT INTO `sys_logininfor` VALUES ('109', 'admin', '127.0.0.1', '内网IP', 'Chrome 9', 'Windows 10', '0', '退出成功', '2022-02-21 19:05:19');
INSERT INTO `sys_logininfor` VALUES ('110', 'admin', '127.0.0.1', '内网IP', 'Chrome 9', 'Windows 10', '0', '登录成功', '2022-02-21 19:05:23');
INSERT INTO `sys_logininfor` VALUES ('111', 'admin', '127.0.0.1', '内网IP', 'Chrome 9', 'Windows 10', '0', '登录成功', '2022-02-21 19:50:51');
INSERT INTO `sys_logininfor` VALUES ('112', 'admin', '127.0.0.1', '内网IP', 'Chrome 9', 'Windows 10', '0', '退出成功', '2022-02-21 19:55:58');
INSERT INTO `sys_logininfor` VALUES ('113', 'admin', '127.0.0.1', '内网IP', 'Chrome 9', 'Windows 10', '0', '登录成功', '2022-02-21 19:56:17');
INSERT INTO `sys_logininfor` VALUES ('114', 'admin', '127.0.0.1', '内网IP', 'Chrome 9', 'Windows 10', '0', '退出成功', '2022-02-21 20:11:57');
INSERT INTO `sys_logininfor` VALUES ('115', 'admin', '127.0.0.1', '内网IP', 'Chrome 9', 'Windows 10', '0', '登录成功', '2022-02-21 20:21:00');
INSERT INTO `sys_logininfor` VALUES ('116', 'admin', '127.0.0.1', '内网IP', 'Chrome 9', 'Windows 10', '0', '退出成功', '2022-02-21 21:07:06');
INSERT INTO `sys_logininfor` VALUES ('117', 'admin', '127.0.0.1', '内网IP', 'Chrome 9', 'Windows 10', '0', '登录成功', '2022-02-21 21:07:15');
INSERT INTO `sys_logininfor` VALUES ('118', 'admin', '127.0.0.1', '内网IP', 'Chrome 9', 'Windows 10', '0', '退出成功', '2022-02-21 21:41:32');
INSERT INTO `sys_logininfor` VALUES ('119', 'admin', '127.0.0.1', '内网IP', 'Chrome 9', 'Windows 10', '0', '登录成功', '2022-02-21 21:41:42');
INSERT INTO `sys_logininfor` VALUES ('120', 'admin', '127.0.0.1', '内网IP', 'Chrome 9', 'Windows 10', '0', '登录成功', '2022-02-22 18:02:03');
INSERT INTO `sys_logininfor` VALUES ('121', 'admin', '127.0.0.1', '内网IP', 'Chrome 9', 'Windows 10', '0', '退出成功', '2022-02-22 18:51:54');
INSERT INTO `sys_logininfor` VALUES ('122', 'admin', '127.0.0.1', '内网IP', 'Chrome 9', 'Windows 10', '1', '验证码已失效', '2022-02-22 19:00:36');
INSERT INTO `sys_logininfor` VALUES ('123', 'admin', '127.0.0.1', '内网IP', 'Chrome 9', 'Windows 10', '0', '登录成功', '2022-02-22 19:00:39');
INSERT INTO `sys_logininfor` VALUES ('124', 'admin', '127.0.0.1', '内网IP', 'Chrome 9', 'Windows 10', '0', '退出成功', '2022-02-22 20:30:53');
INSERT INTO `sys_logininfor` VALUES ('125', 'admin', '127.0.0.1', '内网IP', 'Chrome 9', 'Windows 10', '0', '登录成功', '2022-02-22 20:30:57');
INSERT INTO `sys_logininfor` VALUES ('126', 'admin', '192.168.225.63', '内网IP', 'Chrome Mobile', 'Android 1.x', '0', '登录成功', '2022-02-22 20:51:27');
INSERT INTO `sys_logininfor` VALUES ('127', 'admin', '127.0.0.1', '内网IP', 'Chrome 9', 'Windows 10', '0', '退出成功', '2022-02-22 21:00:51');
INSERT INTO `sys_logininfor` VALUES ('128', 'admin', '127.0.0.1', '内网IP', 'Chrome 9', 'Windows 10', '0', '登录成功', '2022-02-22 21:00:56');
INSERT INTO `sys_logininfor` VALUES ('129', 'admin', '127.0.0.1', '内网IP', 'Chrome 9', 'Windows 10', '0', '退出成功', '2022-02-22 21:26:27');
INSERT INTO `sys_logininfor` VALUES ('130', 'admin', '127.0.0.1', '内网IP', 'Chrome 9', 'Windows 10', '0', '登录成功', '2022-02-22 21:26:33');
INSERT INTO `sys_logininfor` VALUES ('131', 'admin', '127.0.0.1', '内网IP', 'Chrome 9', 'Windows 10', '0', '登录成功', '2022-02-22 22:56:32');
INSERT INTO `sys_logininfor` VALUES ('132', 'admin', '127.0.0.1', '内网IP', 'Chrome 9', 'Windows 10', '0', '登录成功', '2022-02-23 18:00:50');
INSERT INTO `sys_logininfor` VALUES ('133', 'admin', '127.0.0.1', '内网IP', 'Chrome 9', 'Windows 10', '0', '登录成功', '2022-02-23 18:14:52');
INSERT INTO `sys_logininfor` VALUES ('134', 'admin', '127.0.0.1', '内网IP', 'Chrome 9', 'Windows 10', '0', '登录成功', '2022-02-24 15:03:09');
INSERT INTO `sys_logininfor` VALUES ('135', 'ry', '127.0.0.1', '内网IP', 'Chrome 9', 'Windows 10', '0', '登录成功', '2022-02-24 15:03:43');
INSERT INTO `sys_logininfor` VALUES ('136', 'admin', '127.0.0.1', '内网IP', 'Chrome 9', 'Windows 10', '0', '登录成功', '2022-02-24 15:53:57');
INSERT INTO `sys_logininfor` VALUES ('137', 'admin', '127.0.0.1', '内网IP', 'Chrome 9', 'Windows 10', '0', '登录成功', '2022-02-24 18:29:28');
INSERT INTO `sys_logininfor` VALUES ('138', 'admin', '127.0.0.1', '内网IP', 'Chrome 9', 'Windows 10', '0', '登录成功', '2022-02-24 20:52:32');
INSERT INTO `sys_logininfor` VALUES ('139', 'admin', '127.0.0.1', '内网IP', 'Chrome 9', 'Windows 10', '0', '退出成功', '2022-02-24 21:28:24');
INSERT INTO `sys_logininfor` VALUES ('140', 'ry', '127.0.0.1', '内网IP', 'Chrome 9', 'Windows 10', '0', '登录成功', '2022-02-24 21:28:29');
INSERT INTO `sys_logininfor` VALUES ('141', 'ry', '127.0.0.1', '内网IP', 'Chrome 9', 'Windows 10', '0', '退出成功', '2022-02-24 21:55:03');
INSERT INTO `sys_logininfor` VALUES ('142', 'admin', '127.0.0.1', '内网IP', 'Chrome 9', 'Windows 10', '0', '登录成功', '2022-02-24 21:55:08');
INSERT INTO `sys_logininfor` VALUES ('143', 'admin', '127.0.0.1', '内网IP', 'Chrome 9', 'Windows 10', '1', '验证码错误', '2022-02-24 22:35:06');
INSERT INTO `sys_logininfor` VALUES ('144', 'admin', '127.0.0.1', '内网IP', 'Chrome 9', 'Windows 10', '0', '登录成功', '2022-02-24 22:35:10');
INSERT INTO `sys_logininfor` VALUES ('145', 'admin', '127.0.0.1', '内网IP', 'Chrome 9', 'Windows 10', '1', '验证码已失效', '2022-02-27 19:08:02');
INSERT INTO `sys_logininfor` VALUES ('146', 'admin', '127.0.0.1', '内网IP', 'Chrome 9', 'Windows 10', '0', '登录成功', '2022-02-27 19:08:05');
INSERT INTO `sys_logininfor` VALUES ('147', 'admin', '127.0.0.1', '内网IP', 'Chrome 9', 'Windows 10', '0', '退出成功', '2022-02-27 20:19:24');
INSERT INTO `sys_logininfor` VALUES ('148', 'admin', '127.0.0.1', '内网IP', 'Chrome 9', 'Windows 10', '0', '登录成功', '2022-02-27 20:23:12');
INSERT INTO `sys_logininfor` VALUES ('149', 'admin', '127.0.0.1', '内网IP', 'Chrome 9', 'Windows 10', '0', '登录成功', '2022-02-27 20:32:42');
INSERT INTO `sys_logininfor` VALUES ('150', 'admin', '127.0.0.1', '内网IP', 'Chrome 9', 'Windows 10', '0', '登录成功', '2022-02-27 20:35:01');
INSERT INTO `sys_logininfor` VALUES ('151', 'admin', '127.0.0.1', '内网IP', 'Chrome 9', 'Windows 10', '1', '验证码错误', '2022-02-27 20:36:01');
INSERT INTO `sys_logininfor` VALUES ('152', 'admin', '127.0.0.1', '内网IP', 'Chrome 9', 'Windows 10', '0', '登录成功', '2022-02-27 20:36:04');
INSERT INTO `sys_logininfor` VALUES ('153', 'admin', '127.0.0.1', '内网IP', 'Chrome 9', 'Windows 10', '0', '退出成功', '2022-02-27 20:36:14');
INSERT INTO `sys_logininfor` VALUES ('154', 'ry', '127.0.0.1', '内网IP', 'Chrome 9', 'Windows 10', '1', '验证码错误', '2022-02-27 20:36:21');
INSERT INTO `sys_logininfor` VALUES ('155', 'ry', '127.0.0.1', '内网IP', 'Chrome 9', 'Windows 10', '0', '登录成功', '2022-02-27 20:36:25');
INSERT INTO `sys_logininfor` VALUES ('156', 'admin', '127.0.0.1', '内网IP', 'Chrome 9', 'Windows 10', '0', '登录成功', '2022-02-27 21:06:37');
INSERT INTO `sys_logininfor` VALUES ('157', 'admin', '127.0.0.1', '内网IP', 'Chrome 9', 'Windows 10', '0', '退出成功', '2022-02-27 21:06:43');
INSERT INTO `sys_logininfor` VALUES ('158', 'ry', '127.0.0.1', '内网IP', 'Chrome 9', 'Windows 10', '0', '登录成功', '2022-02-27 21:06:49');
INSERT INTO `sys_logininfor` VALUES ('159', 'ry', '127.0.0.1', '内网IP', 'Chrome 9', 'Windows 10', '0', '登录成功', '2022-02-28 17:43:29');
INSERT INTO `sys_logininfor` VALUES ('160', 'ry', '127.0.0.1', '内网IP', 'Chrome 9', 'Windows 10', '0', '登录成功', '2022-02-28 18:51:07');
INSERT INTO `sys_logininfor` VALUES ('161', 'admin', '127.0.0.1', '内网IP', 'Chrome 9', 'Windows 10', '0', '登录成功', '2022-02-28 18:57:55');
INSERT INTO `sys_logininfor` VALUES ('162', 'admin', '127.0.0.1', '内网IP', 'Chrome 9', 'Windows 10', '0', '退出成功', '2022-02-28 19:07:06');
INSERT INTO `sys_logininfor` VALUES ('163', 'admin', '127.0.0.1', '内网IP', 'Chrome 9', 'Windows 10', '0', '登录成功', '2022-02-28 19:07:10');
INSERT INTO `sys_logininfor` VALUES ('164', 'ry', '127.0.0.1', '内网IP', 'Chrome 9', 'Windows 10', '0', '登录成功', '2022-02-28 19:36:06');
INSERT INTO `sys_logininfor` VALUES ('165', 'admin', '127.0.0.1', '内网IP', 'Chrome 9', 'Windows 10', '0', '登录成功', '2022-02-28 19:58:12');
INSERT INTO `sys_logininfor` VALUES ('166', 'ry', '127.0.0.1', '内网IP', 'Chrome 9', 'Windows 10', '0', '登录成功', '2022-02-28 21:13:55');
INSERT INTO `sys_logininfor` VALUES ('167', 'admin', '127.0.0.1', '内网IP', 'Chrome 9', 'Windows 10', '0', '登录成功', '2022-03-01 09:52:05');
INSERT INTO `sys_logininfor` VALUES ('168', 'admin', '127.0.0.1', '内网IP', 'Chrome 9', 'Windows 10', '0', '登录成功', '2022-03-01 13:30:51');
INSERT INTO `sys_logininfor` VALUES ('169', 'ry', '127.0.0.1', '内网IP', 'Chrome 9', 'Windows 10', '0', '登录成功', '2022-03-01 14:33:05');
INSERT INTO `sys_logininfor` VALUES ('170', 'admin', '127.0.0.1', '内网IP', 'Chrome 9', 'Windows 10', '0', '登录成功', '2022-03-01 15:00:56');
INSERT INTO `sys_logininfor` VALUES ('171', 'admin', '127.0.0.1', '内网IP', 'Chrome 9', 'Windows 10', '0', '登录成功', '2022-03-01 16:32:32');
INSERT INTO `sys_logininfor` VALUES ('172', 'ry', '127.0.0.1', '内网IP', 'Chrome 9', 'Windows 10', '0', '登录成功', '2022-03-01 19:49:08');
INSERT INTO `sys_logininfor` VALUES ('173', 'admin', '127.0.0.1', '内网IP', 'Chrome 9', 'Windows 10', '0', '登录成功', '2022-03-01 20:50:00');
INSERT INTO `sys_logininfor` VALUES ('174', 'ry', '127.0.0.1', '内网IP', 'Chrome 9', 'Windows 10', '0', '登录成功', '2022-03-01 21:30:21');
INSERT INTO `sys_logininfor` VALUES ('175', 'admin', '127.0.0.1', '内网IP', 'Chrome 9', 'Windows 10', '0', '登录成功', '2022-03-02 10:58:58');
INSERT INTO `sys_logininfor` VALUES ('176', 'ry', '127.0.0.1', '内网IP', 'Chrome 9', 'Windows 10', '0', '登录成功', '2022-03-02 10:59:27');
INSERT INTO `sys_logininfor` VALUES ('177', 'admin', '127.0.0.1', '内网IP', 'Chrome 9', 'Windows 10', '0', '登录成功', '2022-03-02 13:49:47');
INSERT INTO `sys_logininfor` VALUES ('178', 'ry', '127.0.0.1', '内网IP', 'Chrome 9', 'Windows 10', '0', '登录成功', '2022-03-02 13:50:07');
INSERT INTO `sys_logininfor` VALUES ('179', 'ry', '127.0.0.1', '内网IP', 'Chrome 9', 'Windows 10', '0', '登录成功', '2022-03-02 15:12:26');
INSERT INTO `sys_logininfor` VALUES ('180', 'admin', '127.0.0.1', '内网IP', 'Chrome 9', 'Windows 10', '0', '登录成功', '2022-03-02 15:12:51');
INSERT INTO `sys_logininfor` VALUES ('181', 'admin', '127.0.0.1', '内网IP', 'Chrome 9', 'Windows 10', '0', '登录成功', '2022-03-02 16:35:30');
INSERT INTO `sys_logininfor` VALUES ('182', 'admin', '127.0.0.1', '内网IP', 'Chrome 9', 'Windows 10', '0', '退出成功', '2022-03-02 16:53:06');
INSERT INTO `sys_logininfor` VALUES ('183', 'admin', '127.0.0.1', '内网IP', 'Chrome 9', 'Windows 10', '0', '登录成功', '2022-03-02 16:54:07');
INSERT INTO `sys_logininfor` VALUES ('184', 'admin', '127.0.0.1', '内网IP', 'Chrome 9', 'Windows 10', '0', '登录成功', '2022-03-02 18:46:21');
INSERT INTO `sys_logininfor` VALUES ('185', 'admin', '127.0.0.1', '内网IP', 'Chrome 9', 'Windows 10', '0', '登录成功', '2022-03-02 19:42:17');
INSERT INTO `sys_logininfor` VALUES ('186', 'ry', '127.0.0.1', '内网IP', 'Chrome 9', 'Windows 10', '0', '登录成功', '2022-03-02 19:42:43');
INSERT INTO `sys_logininfor` VALUES ('187', 'admin', '127.0.0.1', '内网IP', 'Chrome 9', 'Windows 10', '0', '登录成功', '2022-03-02 21:27:06');
INSERT INTO `sys_logininfor` VALUES ('188', 'ry', '127.0.0.1', '内网IP', 'Chrome 9', 'Windows 10', '0', '登录成功', '2022-03-02 21:58:38');
INSERT INTO `sys_logininfor` VALUES ('189', 'admin', '127.0.0.1', '内网IP', 'Chrome 9', 'Windows 10', '0', '登录成功', '2022-03-03 16:08:59');
INSERT INTO `sys_logininfor` VALUES ('190', 'ry', '127.0.0.1', '内网IP', 'Chrome 9', 'Windows 10', '0', '登录成功', '2022-03-03 16:32:37');
INSERT INTO `sys_logininfor` VALUES ('191', 'admin', '127.0.0.1', '内网IP', 'Chrome 9', 'Windows 10', '1', '验证码错误', '2022-03-03 18:31:32');
INSERT INTO `sys_logininfor` VALUES ('192', 'admin', '127.0.0.1', '内网IP', 'Chrome 9', 'Windows 10', '0', '登录成功', '2022-03-03 18:31:34');
INSERT INTO `sys_logininfor` VALUES ('193', 'admin', '127.0.0.1', '内网IP', 'Chrome 9', 'Windows 10', '0', '登录成功', '2022-03-03 19:54:04');
INSERT INTO `sys_logininfor` VALUES ('194', 'admin', '127.0.0.1', '内网IP', 'Chrome 9', 'Windows 10', '0', '登录成功', '2022-03-04 14:16:00');
INSERT INTO `sys_logininfor` VALUES ('195', 'admin', '127.0.0.1', '内网IP', 'Chrome 9', 'Windows 10', '0', '登录成功', '2022-03-07 20:31:41');
INSERT INTO `sys_logininfor` VALUES ('196', 'ry', '127.0.0.1', '内网IP', 'Chrome 9', 'Windows 10', '0', '登录成功', '2022-03-07 21:03:48');
INSERT INTO `sys_logininfor` VALUES ('197', 'admin', '127.0.0.1', '内网IP', 'Chrome 9', 'Windows 10', '0', '登录成功', '2022-03-07 21:53:18');
INSERT INTO `sys_logininfor` VALUES ('198', 'ry', '127.0.0.1', '内网IP', 'Chrome 9', 'Windows 10', '0', '登录成功', '2022-03-07 22:35:32');
INSERT INTO `sys_logininfor` VALUES ('199', 'admin', '127.0.0.1', '内网IP', 'Chrome 9', 'Windows 10', '0', '登录成功', '2022-03-09 15:33:13');
INSERT INTO `sys_logininfor` VALUES ('200', 'admin', '127.0.0.1', '内网IP', 'Chrome 9', 'Windows 10', '0', '登录成功', '2022-03-24 10:42:02');
INSERT INTO `sys_logininfor` VALUES ('201', 'admin', '127.0.0.1', '内网IP', 'Chrome 9', 'Windows 10', '0', '登录成功', '2022-03-24 13:24:07');
INSERT INTO `sys_logininfor` VALUES ('202', 'admin', '127.0.0.1', '内网IP', 'Chrome 9', 'Windows 10', '0', '登录成功', '2022-03-24 14:22:59');
INSERT INTO `sys_logininfor` VALUES ('203', 'ry', '127.0.0.1', '内网IP', 'Chrome 9', 'Windows 10', '0', '登录成功', '2022-03-24 15:11:01');
INSERT INTO `sys_logininfor` VALUES ('204', 'admin', '127.0.0.1', '内网IP', 'Chrome 9', 'Windows 10', '0', '退出成功', '2022-03-24 16:06:47');
INSERT INTO `sys_logininfor` VALUES ('205', 'admin', '127.0.0.1', '内网IP', 'Chrome 9', 'Windows 10', '0', '登录成功', '2022-03-24 16:06:52');
INSERT INTO `sys_logininfor` VALUES ('206', 'admin', '127.0.0.1', '内网IP', 'Chrome 9', 'Windows 10', '0', '登录成功', '2022-03-24 19:15:16');
INSERT INTO `sys_logininfor` VALUES ('207', 'admin', '127.0.0.1', '内网IP', 'Chrome 9', 'Windows 10', '0', '登录成功', '2022-03-24 21:14:30');
INSERT INTO `sys_logininfor` VALUES ('208', 'admin', '127.0.0.1', '内网IP', 'Chrome 9', 'Windows 10', '0', '登录成功', '2022-03-25 08:12:00');
INSERT INTO `sys_logininfor` VALUES ('209', 'admin', '127.0.0.1', '内网IP', 'Chrome 9', 'Windows 10', '0', '登录成功', '2022-03-29 08:34:05');
INSERT INTO `sys_logininfor` VALUES ('210', 'admin', '127.0.0.1', '内网IP', 'Chrome 9', 'Windows 10', '0', '登录成功', '2022-03-29 10:04:22');
INSERT INTO `sys_logininfor` VALUES ('211', 'admin', '127.0.0.1', '内网IP', 'Chrome 9', 'Windows 10', '0', '登录成功', '2022-03-29 10:57:40');
INSERT INTO `sys_logininfor` VALUES ('212', 'admin', '127.0.0.1', '内网IP', 'Chrome 9', 'Windows 10', '0', '登录成功', '2022-04-07 11:33:53');
INSERT INTO `sys_logininfor` VALUES ('213', 'admin', '127.0.0.1', '内网IP', 'Chrome 10', 'Windows 10', '0', '登录成功', '2022-04-14 20:31:58');
INSERT INTO `sys_logininfor` VALUES ('214', 'admin', '127.0.0.1', '内网IP', 'Chrome 10', 'Windows 10', '0', '退出成功', '2022-04-14 20:33:42');
INSERT INTO `sys_logininfor` VALUES ('215', 'admin', '127.0.0.1', '内网IP', 'Chrome 10', 'Windows 10', '0', '登录成功', '2022-04-14 20:34:18');
INSERT INTO `sys_logininfor` VALUES ('216', 'admin', '127.0.0.1', '内网IP', 'Chrome 10', 'Windows 10', '0', '登录成功', '2022-04-14 21:05:07');
INSERT INTO `sys_logininfor` VALUES ('217', 'admin', '127.0.0.1', '内网IP', 'Chrome 10', 'Windows 10', '0', '登录成功', '2022-04-14 21:07:17');
INSERT INTO `sys_logininfor` VALUES ('218', 'admin', '127.0.0.1', '内网IP', 'Chrome 10', 'Windows 10', '0', '登录成功', '2022-04-14 22:25:27');
INSERT INTO `sys_logininfor` VALUES ('219', 'admin', '127.0.0.1', '内网IP', 'Chrome 10', 'Windows 10', '0', '登录成功', '2022-04-15 08:22:12');
INSERT INTO `sys_logininfor` VALUES ('220', 'admin', '127.0.0.1', '内网IP', 'Chrome 10', 'Windows 10', '0', '登录成功', '2022-04-17 20:10:55');
INSERT INTO `sys_logininfor` VALUES ('221', 'admin', '192.168.112.171', '内网IP', 'Chrome Mobile', 'Android 1.x', '0', '登录成功', '2022-04-17 20:26:42');
INSERT INTO `sys_logininfor` VALUES ('222', 'admin', '127.0.0.1', '内网IP', 'Chrome 10', 'Windows 10', '0', '登录成功', '2022-04-17 22:21:49');
INSERT INTO `sys_logininfor` VALUES ('223', 'admin', '127.0.0.1', '内网IP', 'Chrome 10', 'Windows 10', '0', '登录成功', '2022-04-22 21:17:18');
INSERT INTO `sys_logininfor` VALUES ('224', 'admin', '127.0.0.1', '内网IP', 'Chrome 10', 'Windows 10', '0', '登录成功', '2022-04-22 23:11:33');
INSERT INTO `sys_logininfor` VALUES ('225', 'admin', '127.0.0.1', '内网IP', 'Chrome 10', 'Windows 10', '0', '登录成功', '2022-04-23 11:22:23');
INSERT INTO `sys_logininfor` VALUES ('226', 'admin', '127.0.0.1', '内网IP', 'Chrome 10', 'Windows 10', '0', '登录成功', '2022-04-23 19:21:55');
INSERT INTO `sys_logininfor` VALUES ('227', 'admin', '127.0.0.1', '内网IP', 'Chrome 10', 'Windows 10', '0', '登录成功', '2022-05-04 20:59:09');
INSERT INTO `sys_logininfor` VALUES ('228', 'admin', '127.0.0.1', '内网IP', 'Chrome 10', 'Windows 10', '0', '登录成功', '2022-05-05 08:19:26');
INSERT INTO `sys_logininfor` VALUES ('229', 'admin', '127.0.0.1', '内网IP', 'Chrome 10', 'Windows 10', '0', '登录成功', '2022-05-05 08:51:36');
INSERT INTO `sys_logininfor` VALUES ('230', 'admin', '127.0.0.1', '内网IP', 'Chrome 10', 'Windows 10', '0', '退出成功', '2022-05-05 08:55:26');
INSERT INTO `sys_logininfor` VALUES ('231', 'admin', '127.0.0.1', '内网IP', 'Chrome 10', 'Windows 10', '0', '登录成功', '2022-05-05 08:55:35');
INSERT INTO `sys_logininfor` VALUES ('232', 'admin', '192.168.3.52', '内网IP', 'Chrome Mobile', 'Android 1.x', '0', '登录成功', '2022-05-05 09:18:08');
INSERT INTO `sys_logininfor` VALUES ('233', 'admin', '127.0.0.1', '内网IP', 'Chrome 10', 'Windows 10', '0', '登录成功', '2022-05-05 17:10:47');
INSERT INTO `sys_logininfor` VALUES ('234', 'admin', '127.0.0.1', '内网IP', 'Chrome 10', 'Windows 10', '0', '登录成功', '2022-05-05 18:34:03');
INSERT INTO `sys_logininfor` VALUES ('235', 'admin', '127.0.0.1', '内网IP', 'Chrome 10', 'Windows 10', '0', '登录成功', '2022-05-08 19:14:38');
INSERT INTO `sys_logininfor` VALUES ('236', 'admin', '127.0.0.1', '内网IP', 'Chrome 10', 'Windows 10', '0', '登录成功', '2022-05-08 20:37:25');
INSERT INTO `sys_logininfor` VALUES ('237', 'admin', '127.0.0.1', '内网IP', 'Chrome 10', 'Windows 10', '0', '登录成功', '2022-05-08 21:23:11');
INSERT INTO `sys_logininfor` VALUES ('238', 'admin', '127.0.0.1', '内网IP', 'Chrome 10', 'Windows 10', '0', '登录成功', '2022-05-08 22:03:58');
INSERT INTO `sys_logininfor` VALUES ('239', 'admin', '127.0.0.1', '内网IP', 'Chrome 10', 'Windows 10', '0', '登录成功', '2022-05-09 18:16:43');
INSERT INTO `sys_logininfor` VALUES ('240', 'admin', '127.0.0.1', '内网IP', 'Chrome 10', 'Windows 10', '0', '登录成功', '2022-05-09 20:08:31');
INSERT INTO `sys_logininfor` VALUES ('241', 'admin', '127.0.0.1', '内网IP', 'Chrome 10', 'Windows 10', '0', '登录成功', '2022-05-09 20:19:25');
INSERT INTO `sys_logininfor` VALUES ('242', 'ry', '127.0.0.1', '内网IP', 'Chrome 10', 'Windows 10', '0', '登录成功', '2022-05-09 20:54:28');
INSERT INTO `sys_logininfor` VALUES ('243', 'ry', '127.0.0.1', '内网IP', 'Chrome 10', 'Windows 10', '0', '退出成功', '2022-05-09 20:55:04');
INSERT INTO `sys_logininfor` VALUES ('244', 'admin', '127.0.0.1', '内网IP', 'Chrome 10', 'Windows 10', '0', '登录成功', '2022-05-09 20:55:08');
INSERT INTO `sys_logininfor` VALUES ('245', 'admin', '127.0.0.1', '内网IP', 'Chrome 10', 'Windows 10', '0', '退出成功', '2022-05-09 20:56:16');
INSERT INTO `sys_logininfor` VALUES ('246', 'ry', '127.0.0.1', '内网IP', 'Chrome 10', 'Windows 10', '0', '登录成功', '2022-05-09 20:56:21');
INSERT INTO `sys_logininfor` VALUES ('247', 'ry', '127.0.0.1', '内网IP', 'Chrome 10', 'Windows 10', '0', '退出成功', '2022-05-09 21:05:11');
INSERT INTO `sys_logininfor` VALUES ('248', 'admin', '127.0.0.1', '内网IP', 'Chrome 10', 'Windows 10', '0', '登录成功', '2022-05-09 21:05:15');
INSERT INTO `sys_logininfor` VALUES ('249', 'admin', '127.0.0.1', '内网IP', 'Chrome 10', 'Windows 10', '0', '登录成功', '2022-05-10 08:24:39');
INSERT INTO `sys_logininfor` VALUES ('250', 'admin', '127.0.0.1', '内网IP', 'Chrome 10', 'Windows 10', '1', '验证码错误', '2022-05-10 09:47:47');
INSERT INTO `sys_logininfor` VALUES ('251', 'admin', '127.0.0.1', '内网IP', 'Chrome 10', 'Windows 10', '0', '登录成功', '2022-05-10 09:47:51');
INSERT INTO `sys_logininfor` VALUES ('252', 'admin', '127.0.0.1', '内网IP', 'Chrome 10', 'Windows 10', '0', '登录成功', '2022-05-10 18:39:50');
INSERT INTO `sys_logininfor` VALUES ('253', 'ry', '127.0.0.1', '内网IP', 'Chrome 10', 'Windows 10', '0', '登录成功', '2022-05-10 19:12:45');
INSERT INTO `sys_logininfor` VALUES ('254', 'admin', '127.0.0.1', '内网IP', 'Chrome 10', 'Windows 10', '0', '登录成功', '2022-05-10 20:05:08');
INSERT INTO `sys_logininfor` VALUES ('255', 'ry', '127.0.0.1', '内网IP', 'Chrome 10', 'Windows 10', '1', '验证码错误', '2022-05-10 20:06:21');
INSERT INTO `sys_logininfor` VALUES ('256', 'ry', '127.0.0.1', '内网IP', 'Chrome 10', 'Windows 10', '0', '登录成功', '2022-05-10 20:06:26');
INSERT INTO `sys_logininfor` VALUES ('257', 'admin', '127.0.0.1', '内网IP', 'Chrome 10', 'Windows 10', '0', '登录成功', '2022-05-10 20:57:41');
INSERT INTO `sys_logininfor` VALUES ('258', 'admin', '127.0.0.1', '内网IP', 'Chrome 10', 'Windows 10', '1', '验证码错误', '2022-05-12 19:44:17');
INSERT INTO `sys_logininfor` VALUES ('259', 'admin', '127.0.0.1', '内网IP', 'Chrome 10', 'Windows 10', '0', '登录成功', '2022-05-12 19:44:19');
INSERT INTO `sys_logininfor` VALUES ('260', 'admin', '127.0.0.1', '内网IP', 'Chrome 10', 'Windows 10', '0', '登录成功', '2022-05-14 17:45:57');
INSERT INTO `sys_logininfor` VALUES ('261', 'admin', '127.0.0.1', '内网IP', 'Chrome 10', 'Windows 10', '0', '登录成功', '2022-05-18 19:39:43');
INSERT INTO `sys_logininfor` VALUES ('262', 'admin', '127.0.0.1', '内网IP', 'Chrome 10', 'Windows 10', '0', '登录成功', '2022-05-18 19:41:01');
INSERT INTO `sys_logininfor` VALUES ('263', 'admin', '127.0.0.1', '内网IP', 'Chrome 10', 'Windows 10', '0', '登录成功', '2022-05-18 20:21:45');
INSERT INTO `sys_logininfor` VALUES ('264', 'ry', '127.0.0.1', '内网IP', 'Chrome 10', 'Windows 10', '0', '登录成功', '2022-05-18 21:28:36');
INSERT INTO `sys_logininfor` VALUES ('265', 'admin', '127.0.0.1', '内网IP', 'Chrome 10', 'Windows 10', '0', '登录成功', '2022-05-19 19:39:39');
INSERT INTO `sys_logininfor` VALUES ('266', 'admin', '127.0.0.1', '内网IP', 'Chrome 10', 'Windows 10', '0', '登录成功', '2022-05-19 22:07:21');
INSERT INTO `sys_logininfor` VALUES ('267', 'admin', '127.0.0.1', '内网IP', 'Chrome 10', 'Windows 10', '0', '登录成功', '2022-05-20 21:16:40');
INSERT INTO `sys_logininfor` VALUES ('268', 'ry', '127.0.0.1', '内网IP', 'Chrome 10', 'Windows 10', '0', '登录成功', '2022-05-20 22:42:01');
INSERT INTO `sys_logininfor` VALUES ('269', 'ry', '127.0.0.1', '内网IP', 'Chrome 10', 'Windows 10', '0', '退出成功', '2022-05-20 23:07:42');
INSERT INTO `sys_logininfor` VALUES ('270', 'dlxh', '127.0.0.1', '内网IP', 'Chrome 10', 'Windows 10', '0', '登录成功', '2022-05-20 23:07:50');
INSERT INTO `sys_logininfor` VALUES ('271', 'dlxh', '127.0.0.1', '内网IP', 'Chrome 10', 'Windows 10', '0', '退出成功', '2022-05-20 23:25:15');
INSERT INTO `sys_logininfor` VALUES ('272', 'ry', '127.0.0.1', '内网IP', 'Chrome 10', 'Windows 10', '0', '登录成功', '2022-05-20 23:25:21');
INSERT INTO `sys_logininfor` VALUES ('273', 'admin', '127.0.0.1', '内网IP', 'Chrome 10', 'Windows 10', '0', '登录成功', '2022-05-21 10:17:16');
INSERT INTO `sys_logininfor` VALUES ('274', 'admin', '127.0.0.1', '内网IP', 'Chrome 10', 'Windows 10', '0', '登录成功', '2022-05-21 21:27:49');
INSERT INTO `sys_logininfor` VALUES ('275', 'admin', '127.0.0.1', '内网IP', 'Chrome 10', 'Windows 10', '0', '登录成功', '2022-05-21 22:25:53');
INSERT INTO `sys_logininfor` VALUES ('276', 'admin', '127.0.0.1', '内网IP', 'Chrome 10', 'Windows 10', '0', '退出成功', '2022-05-21 22:38:08');
INSERT INTO `sys_logininfor` VALUES ('277', 'ry', '127.0.0.1', '内网IP', 'Chrome 10', 'Windows 10', '0', '登录成功', '2022-05-21 22:38:15');
INSERT INTO `sys_logininfor` VALUES ('278', 'admin', '127.0.0.1', '内网IP', 'Chrome 10', 'Windows 10', '0', '登录成功', '2022-05-22 17:13:22');
INSERT INTO `sys_logininfor` VALUES ('279', 'admin', '127.0.0.1', '内网IP', 'Chrome 10', 'Windows 10', '0', '登录成功', '2022-05-22 18:24:24');
INSERT INTO `sys_logininfor` VALUES ('280', 'admin', '127.0.0.1', '内网IP', 'Chrome 10', 'Windows 10', '0', '登录成功', '2022-05-22 20:59:09');
INSERT INTO `sys_logininfor` VALUES ('281', 'admin', '127.0.0.1', '内网IP', 'Chrome 10', 'Windows 10', '0', '登录成功', '2022-06-25 18:17:54');
INSERT INTO `sys_logininfor` VALUES ('282', 'admin', '127.0.0.1', '内网IP', 'Chrome 10', 'Windows 10', '0', '登录成功', '2022-06-25 19:57:00');
INSERT INTO `sys_logininfor` VALUES ('283', 'admin', '127.0.0.1', '内网IP', 'Chrome 10', 'Windows 10', '0', '登录成功', '2022-06-25 21:45:06');
INSERT INTO `sys_logininfor` VALUES ('284', 'admin', '127.0.0.1', '内网IP', 'Chrome 10', 'Windows 10', '0', '登录成功', '2022-06-26 10:13:23');
INSERT INTO `sys_logininfor` VALUES ('285', 'admin', '127.0.0.1', '内网IP', 'Chrome 10', 'Windows 10', '0', '登录成功', '2022-06-29 20:52:07');
INSERT INTO `sys_logininfor` VALUES ('286', 'ry', '127.0.0.1', '内网IP', 'Chrome 10', 'Windows 10', '0', '登录成功', '2022-06-29 21:04:42');
INSERT INTO `sys_logininfor` VALUES ('287', 'admin', '127.0.0.1', '内网IP', 'Chrome 10', 'Windows 10', '0', '登录成功', '2022-06-30 18:52:42');
INSERT INTO `sys_logininfor` VALUES ('288', 'admin', '127.0.0.1', '内网IP', 'Chrome 10', 'Windows 10', '0', '退出成功', '2022-06-30 18:52:45');
INSERT INTO `sys_logininfor` VALUES ('289', 'ry', '127.0.0.1', '内网IP', 'Chrome 10', 'Windows 10', '0', '登录成功', '2022-06-30 18:52:50');
INSERT INTO `sys_logininfor` VALUES ('290', 'admin', '127.0.0.1', '内网IP', 'Chrome 10', 'Windows 10', '0', '登录成功', '2022-06-30 18:53:14');
INSERT INTO `sys_logininfor` VALUES ('291', 'admin', '127.0.0.1', '内网IP', 'Chrome 10', 'Windows 10', '0', '登录成功', '2022-06-30 20:17:13');
INSERT INTO `sys_logininfor` VALUES ('292', 'admin', '127.0.0.1', '内网IP', 'Chrome 10', 'Windows 10', '0', '登录成功', '2022-07-01 18:33:03');
INSERT INTO `sys_logininfor` VALUES ('293', 'ry', '127.0.0.1', '内网IP', 'Chrome 10', 'Windows 10', '0', '登录成功', '2022-07-01 18:46:39');
INSERT INTO `sys_logininfor` VALUES ('294', 'ry', '127.0.0.1', '内网IP', 'Chrome 10', 'Windows 10', '0', '退出成功', '2022-07-01 18:47:00');
INSERT INTO `sys_logininfor` VALUES ('295', 'dlxh', '127.0.0.1', '内网IP', 'Chrome 10', 'Windows 10', '0', '登录成功', '2022-07-01 18:47:06');
INSERT INTO `sys_logininfor` VALUES ('296', 'admin', '127.0.0.1', '内网IP', 'Chrome 10', 'Windows 10', '0', '退出成功', '2022-07-01 19:59:46');
INSERT INTO `sys_logininfor` VALUES ('297', 'admin', '127.0.0.1', '内网IP', 'Chrome 10', 'Windows 10', '1', '验证码已失效', '2022-07-01 20:02:57');
INSERT INTO `sys_logininfor` VALUES ('298', 'admin', '127.0.0.1', '内网IP', 'Chrome 10', 'Windows 10', '0', '登录成功', '2022-07-01 20:03:00');
INSERT INTO `sys_logininfor` VALUES ('299', 'admin', '127.0.0.1', '内网IP', 'Chrome 10', 'Windows 10', '0', '登录成功', '2022-07-01 20:56:53');
INSERT INTO `sys_logininfor` VALUES ('300', 'admin', '127.0.0.1', '内网IP', 'Chrome 10', 'Windows 10', '0', '登录成功', '2022-07-01 22:32:01');
INSERT INTO `sys_logininfor` VALUES ('301', 'admin', '127.0.0.1', '内网IP', 'Chrome 10', 'Windows 10', '0', '登录成功', '2022-07-01 23:04:43');
INSERT INTO `sys_logininfor` VALUES ('302', 'ry', '127.0.0.1', '内网IP', 'Chrome 10', 'Windows 10', '0', '登录成功', '2022-07-01 23:28:15');
INSERT INTO `sys_logininfor` VALUES ('303', 'admin', '127.0.0.1', '内网IP', 'Chrome 10', 'Windows 10', '0', '登录成功', '2022-07-02 09:28:47');
INSERT INTO `sys_logininfor` VALUES ('304', 'dlxh', '127.0.0.1', '内网IP', 'Chrome 10', 'Windows 10', '0', '登录成功', '2022-07-02 09:41:10');
INSERT INTO `sys_logininfor` VALUES ('305', 'dlxh', '127.0.0.1', '内网IP', 'Chrome 10', 'Windows 10', '0', '登录成功', '2022-07-02 09:46:41');
INSERT INTO `sys_logininfor` VALUES ('306', 'dlxh', '127.0.0.1', '内网IP', 'Chrome 10', 'Windows 10', '0', '登录成功', '2022-07-02 09:50:55');
INSERT INTO `sys_logininfor` VALUES ('307', 'dlxh', '127.0.0.1', '内网IP', 'Chrome 10', 'Windows 10', '0', '退出成功', '2022-07-02 09:54:42');
INSERT INTO `sys_logininfor` VALUES ('308', 'admin', '127.0.0.1', '内网IP', 'Chrome 10', 'Windows 10', '0', '登录成功', '2022-07-02 09:54:46');
INSERT INTO `sys_logininfor` VALUES ('309', 'admin', '127.0.0.1', '内网IP', 'Chrome 10', 'Windows 10', '0', '登录成功', '2022-07-02 12:24:39');
INSERT INTO `sys_logininfor` VALUES ('310', 'admin', '127.0.0.1', '内网IP', 'Chrome 10', 'Windows 10', '0', '登录成功', '2022-07-07 21:48:20');
INSERT INTO `sys_logininfor` VALUES ('311', 'admin', '127.0.0.1', '内网IP', 'Chrome 10', 'Windows 10', '0', '登录成功', '2022-07-08 08:25:22');
INSERT INTO `sys_logininfor` VALUES ('312', 'admin', '127.0.0.1', '内网IP', 'Chrome 10', 'Windows 10', '1', '验证码已失效', '2022-07-08 22:20:56');
INSERT INTO `sys_logininfor` VALUES ('313', 'admin', '127.0.0.1', '内网IP', 'Chrome 10', 'Windows 10', '0', '登录成功', '2022-07-08 22:20:58');
INSERT INTO `sys_logininfor` VALUES ('314', 'admin', '127.0.0.1', '内网IP', 'Chrome 10', 'Windows 10', '0', '登录成功', '2022-07-08 22:53:20');
INSERT INTO `sys_logininfor` VALUES ('315', 'admin', '127.0.0.1', '内网IP', 'Chrome 10', 'Windows 10', '0', '登录成功', '2022-07-09 08:53:34');
INSERT INTO `sys_logininfor` VALUES ('316', 'admin', '127.0.0.1', '内网IP', 'Chrome 10', 'Windows 10', '0', '登录成功', '2022-07-09 09:29:45');
INSERT INTO `sys_logininfor` VALUES ('317', 'admin', '127.0.0.1', '内网IP', 'Chrome 10', 'Windows 10', '0', '退出成功', '2022-07-09 09:59:22');
INSERT INTO `sys_logininfor` VALUES ('318', 'admin', '127.0.0.1', '内网IP', 'Chrome 10', 'Windows 10', '0', '登录成功', '2022-07-09 09:59:31');
INSERT INTO `sys_logininfor` VALUES ('319', 'admin', '127.0.0.1', '内网IP', 'Chrome 10', 'Windows 10', '1', '验证码错误', '2022-07-09 11:32:16');
INSERT INTO `sys_logininfor` VALUES ('320', 'admin', '127.0.0.1', '内网IP', 'Chrome 10', 'Windows 10', '0', '登录成功', '2022-07-09 11:32:18');
INSERT INTO `sys_logininfor` VALUES ('321', 'admin', '127.0.0.1', '内网IP', 'Chrome 10', 'Windows 10', '0', '登录成功', '2022-07-09 13:44:17');
INSERT INTO `sys_logininfor` VALUES ('322', 'admin', '127.0.0.1', '内网IP', 'Chrome 10', 'Windows 10', '0', '登录成功', '2022-07-09 16:07:07');
INSERT INTO `sys_logininfor` VALUES ('323', 'admin', '127.0.0.1', '内网IP', 'Chrome 10', 'Windows 10', '0', '登录成功', '2022-07-09 17:54:16');
INSERT INTO `sys_logininfor` VALUES ('324', 'admin', '127.0.0.1', '内网IP', 'Chrome 10', 'Windows 10', '0', '登录成功', '2022-07-09 21:55:35');
INSERT INTO `sys_logininfor` VALUES ('325', 'admin', '127.0.0.1', '内网IP', 'Chrome 10', 'Windows 10', '0', '登录成功', '2022-07-10 10:56:30');
INSERT INTO `sys_logininfor` VALUES ('326', 'admin', '127.0.0.1', '内网IP', 'Chrome 10', 'Windows 10', '0', '登录成功', '2022-07-10 12:03:13');
INSERT INTO `sys_logininfor` VALUES ('327', 'admin', '127.0.0.1', '内网IP', 'Chrome 10', 'Windows 10', '0', '登录成功', '2022-07-10 18:43:12');
INSERT INTO `sys_logininfor` VALUES ('328', 'admin', '127.0.0.1', '内网IP', 'Chrome 10', 'Windows 10', '0', '登录成功', '2022-07-10 20:12:26');
INSERT INTO `sys_logininfor` VALUES ('329', 'admin', '127.0.0.1', '内网IP', 'Chrome 10', 'Windows 10', '0', '登录成功', '2022-07-16 21:58:00');
INSERT INTO `sys_logininfor` VALUES ('330', 'ry', '127.0.0.1', '内网IP', 'Chrome 10', 'Windows 10', '0', '登录成功', '2022-07-16 21:58:10');
INSERT INTO `sys_logininfor` VALUES ('331', 'ry', '127.0.0.1', '内网IP', 'Chrome 10', 'Windows 10', '0', '退出成功', '2022-07-16 21:58:15');
INSERT INTO `sys_logininfor` VALUES ('332', 'ry', '127.0.0.1', '内网IP', 'Chrome 10', 'Windows 10', '0', '登录成功', '2022-07-16 22:04:26');
INSERT INTO `sys_logininfor` VALUES ('333', 'ry', '127.0.0.1', '内网IP', 'Chrome 10', 'Windows 10', '0', '退出成功', '2022-07-16 22:05:39');
INSERT INTO `sys_logininfor` VALUES ('334', 'admin', '127.0.0.1', '内网IP', 'Chrome 10', 'Windows 10', '0', '退出成功', '2022-07-16 22:05:54');
INSERT INTO `sys_logininfor` VALUES ('335', 'admin', '127.0.0.1', '内网IP', 'Chrome 10', 'Windows 10', '0', '登录成功', '2022-07-16 22:06:00');
INSERT INTO `sys_logininfor` VALUES ('336', 'ry', '127.0.0.1', '内网IP', 'Chrome 10', 'Windows 10', '0', '登录成功', '2022-07-16 22:08:27');
INSERT INTO `sys_logininfor` VALUES ('337', 'admin', '127.0.0.1', '内网IP', 'Chrome 10', 'Windows 10', '0', '登录成功', '2022-07-16 22:38:47');
INSERT INTO `sys_logininfor` VALUES ('338', 'admin', '127.0.0.1', '内网IP', 'Chrome 10', 'Windows 10', '0', '登录成功', '2022-08-01 19:10:40');
INSERT INTO `sys_logininfor` VALUES ('339', 'admin', '127.0.0.1', '内网IP', 'Chrome 10', 'Windows 10', '0', '登录成功', '2022-08-01 21:10:58');
INSERT INTO `sys_logininfor` VALUES ('340', 'admin', '127.0.0.1', '内网IP', 'Chrome 10', 'Windows 10', '1', '验证码已失效', '2022-09-11 21:43:23');
INSERT INTO `sys_logininfor` VALUES ('341', 'admin', '127.0.0.1', '内网IP', 'Chrome 10', 'Windows 10', '0', '登录成功', '2022-09-11 21:43:26');

-- ----------------------------
-- Table structure for sys_menu
-- ----------------------------
DROP TABLE IF EXISTS `sys_menu`;
CREATE TABLE `sys_menu` (
  `menu_id` bigint(20) NOT NULL AUTO_INCREMENT COMMENT '菜单ID',
  `menu_name` varchar(50) NOT NULL COMMENT '菜单名称',
  `parent_id` bigint(20) DEFAULT '0' COMMENT '父菜单ID',
  `order_num` int(4) DEFAULT '0' COMMENT '显示顺序',
  `path` varchar(200) DEFAULT '' COMMENT '路由地址',
  `component` varchar(255) DEFAULT NULL COMMENT '组件路径',
  `query` varchar(255) DEFAULT NULL COMMENT '路由参数',
  `is_frame` int(1) DEFAULT '1' COMMENT '是否为外链（0是 1否）',
  `is_cache` int(1) DEFAULT '0' COMMENT '是否缓存（0缓存 1不缓存）',
  `menu_type` char(1) DEFAULT '' COMMENT '菜单类型（M目录 C菜单 F按钮）',
  `visible` char(1) DEFAULT '0' COMMENT '菜单状态（0显示 1隐藏）',
  `status` char(1) DEFAULT '0' COMMENT '菜单状态（0正常 1停用）',
  `perms` varchar(100) DEFAULT NULL COMMENT '权限标识',
  `icon` varchar(100) DEFAULT '#' COMMENT '菜单图标',
  `create_by` varchar(64) DEFAULT '' COMMENT '创建者',
  `create_time` datetime DEFAULT NULL COMMENT '创建时间',
  `update_by` varchar(64) DEFAULT '' COMMENT '更新者',
  `update_time` datetime DEFAULT NULL COMMENT '更新时间',
  `remark` varchar(500) DEFAULT '' COMMENT '备注',
  PRIMARY KEY (`menu_id`)
) ENGINE=InnoDB AUTO_INCREMENT=1100 DEFAULT CHARSET=utf8mb4 COMMENT='菜单权限表';

-- ----------------------------
-- Records of sys_menu
-- ----------------------------
INSERT INTO `sys_menu` VALUES ('1', '系统管理', '0', '1', 'system', null, '', '1', '0', 'M', '0', '0', '', 'system', 'admin', '2022-02-20 21:34:24', '', null, '系统管理目录');
INSERT INTO `sys_menu` VALUES ('2', '系统监控', '0', '2', 'monitor', null, '', '1', '0', 'M', '0', '0', '', 'monitor', 'admin', '2022-02-20 21:34:24', '', null, '系统监控目录');
INSERT INTO `sys_menu` VALUES ('3', '系统工具', '0', '3', 'tool', null, '', '1', '0', 'M', '0', '0', '', 'tool', 'admin', '2022-02-20 21:34:24', '', null, '系统工具目录');
INSERT INTO `sys_menu` VALUES ('4', '若依官网', '0', '4', 'http://ruoyi.vip', null, '', '0', '0', 'M', '1', '0', '', 'guide', 'admin', '2022-02-20 21:34:24', 'admin', '2022-02-21 20:28:02', '若依官网地址');
INSERT INTO `sys_menu` VALUES ('100', '用户管理', '1', '1', 'user', 'system/user/index', '', '1', '0', 'C', '0', '0', 'system:user:list', 'user', 'admin', '2022-02-20 21:34:24', '', null, '用户管理菜单');
INSERT INTO `sys_menu` VALUES ('101', '角色管理', '1', '2', 'role', 'system/role/index', '', '1', '0', 'C', '0', '0', 'system:role:list', 'peoples', 'admin', '2022-02-20 21:34:24', '', null, '角色管理菜单');
INSERT INTO `sys_menu` VALUES ('102', '菜单管理', '1', '3', 'menu', 'system/menu/index', '', '1', '0', 'C', '0', '0', 'system:menu:list', 'tree-table', 'admin', '2022-02-20 21:34:24', '', null, '菜单管理菜单');
INSERT INTO `sys_menu` VALUES ('103', '部门管理', '1', '4', 'dept', 'system/dept/index', '', '1', '0', 'C', '0', '0', 'system:dept:list', 'tree', 'admin', '2022-02-20 21:34:24', '', null, '部门管理菜单');
INSERT INTO `sys_menu` VALUES ('104', '岗位管理', '1', '5', 'post', 'system/post/index', '', '1', '0', 'C', '0', '0', 'system:post:list', 'post', 'admin', '2022-02-20 21:34:24', '', null, '岗位管理菜单');
INSERT INTO `sys_menu` VALUES ('105', '字典管理', '1', '6', 'dict', 'system/dict/index', '', '1', '0', 'C', '0', '0', 'system:dict:list', 'dict', 'admin', '2022-02-20 21:34:24', '', null, '字典管理菜单');
INSERT INTO `sys_menu` VALUES ('106', '参数设置', '1', '7', 'config', 'system/config/index', '', '1', '0', 'C', '0', '0', 'system:config:list', 'edit', 'admin', '2022-02-20 21:34:24', '', null, '参数设置菜单');
INSERT INTO `sys_menu` VALUES ('107', '通知公告', '1', '8', 'notice', 'system/notice/index', '', '1', '0', 'C', '0', '0', 'system:notice:list', 'message', 'admin', '2022-02-20 21:34:24', '', null, '通知公告菜单');
INSERT INTO `sys_menu` VALUES ('108', '日志管理', '1', '9', 'log', '', '', '1', '0', 'M', '0', '0', '', 'log', 'admin', '2022-02-20 21:34:24', '', null, '日志管理菜单');
INSERT INTO `sys_menu` VALUES ('109', '在线用户', '2', '1', 'online', 'monitor/online/index', '', '1', '0', 'C', '0', '0', 'monitor:online:list', 'online', 'admin', '2022-02-20 21:34:24', '', null, '在线用户菜单');
INSERT INTO `sys_menu` VALUES ('110', '定时任务', '2', '2', 'job', 'monitor/job/index', '', '1', '0', 'C', '0', '0', 'monitor:job:list', 'job', 'admin', '2022-02-20 21:34:24', '', null, '定时任务菜单');
INSERT INTO `sys_menu` VALUES ('111', '数据监控', '2', '3', 'druid', 'monitor/druid/index', '', '1', '0', 'C', '0', '0', 'monitor:druid:list', 'druid', 'admin', '2022-02-20 21:34:24', '', null, '数据监控菜单');
INSERT INTO `sys_menu` VALUES ('112', '服务监控', '2', '4', 'server', 'monitor/server/index', '', '1', '0', 'C', '0', '0', 'monitor:server:list', 'server', 'admin', '2022-02-20 21:34:24', '', null, '服务监控菜单');
INSERT INTO `sys_menu` VALUES ('113', '缓存监控', '2', '5', 'cache', 'monitor/cache/index', '', '1', '0', 'C', '0', '0', 'monitor:cache:list', 'redis', 'admin', '2022-02-20 21:34:24', '', null, '缓存监控菜单');
INSERT INTO `sys_menu` VALUES ('114', '表单构建', '3', '1', 'build', 'tool/build/index', '', '1', '0', 'C', '0', '0', 'tool:build:list', 'build', 'admin', '2022-02-20 21:34:24', '', null, '表单构建菜单');
INSERT INTO `sys_menu` VALUES ('115', '代码生成', '3', '2', 'gen', 'tool/gen/index', '', '1', '0', 'C', '0', '0', 'tool:gen:list', 'code', 'admin', '2022-02-20 21:34:24', '', null, '代码生成菜单');
INSERT INTO `sys_menu` VALUES ('116', '系统接口', '3', '3', 'swagger', 'tool/swagger/index', '', '1', '0', 'C', '0', '0', 'tool:swagger:list', 'swagger', 'admin', '2022-02-20 21:34:24', '', null, '系统接口菜单');
INSERT INTO `sys_menu` VALUES ('500', '操作日志', '108', '1', 'operlog', 'monitor/operlog/index', '', '1', '0', 'C', '0', '0', 'monitor:operlog:list', 'form', 'admin', '2022-02-20 21:34:24', '', null, '操作日志菜单');
INSERT INTO `sys_menu` VALUES ('501', '登录日志', '108', '2', 'logininfor', 'monitor/logininfor/index', '', '1', '0', 'C', '0', '0', 'monitor:logininfor:list', 'logininfor', 'admin', '2022-02-20 21:34:24', '', null, '登录日志菜单');
INSERT INTO `sys_menu` VALUES ('1001', '用户查询', '100', '1', '', '', '', '1', '0', 'F', '0', '0', 'system:user:query', '#', 'admin', '2022-02-20 21:34:24', '', null, '');
INSERT INTO `sys_menu` VALUES ('1002', '用户新增', '100', '2', '', '', '', '1', '0', 'F', '0', '0', 'system:user:add', '#', 'admin', '2022-02-20 21:34:24', '', null, '');
INSERT INTO `sys_menu` VALUES ('1003', '用户修改', '100', '3', '', '', '', '1', '0', 'F', '0', '0', 'system:user:edit', '#', 'admin', '2022-02-20 21:34:24', '', null, '');
INSERT INTO `sys_menu` VALUES ('1004', '用户删除', '100', '4', '', '', '', '1', '0', 'F', '0', '0', 'system:user:remove', '#', 'admin', '2022-02-20 21:34:24', '', null, '');
INSERT INTO `sys_menu` VALUES ('1005', '用户导出', '100', '5', '', '', '', '1', '0', 'F', '0', '0', 'system:user:export', '#', 'admin', '2022-02-20 21:34:24', '', null, '');
INSERT INTO `sys_menu` VALUES ('1006', '用户导入', '100', '6', '', '', '', '1', '0', 'F', '0', '0', 'system:user:import', '#', 'admin', '2022-02-20 21:34:24', '', null, '');
INSERT INTO `sys_menu` VALUES ('1007', '重置密码', '100', '7', '', '', '', '1', '0', 'F', '0', '0', 'system:user:resetPwd', '#', 'admin', '2022-02-20 21:34:24', '', null, '');
INSERT INTO `sys_menu` VALUES ('1008', '角色查询', '101', '1', '', '', '', '1', '0', 'F', '0', '0', 'system:role:query', '#', 'admin', '2022-02-20 21:34:24', '', null, '');
INSERT INTO `sys_menu` VALUES ('1009', '角色新增', '101', '2', '', '', '', '1', '0', 'F', '0', '0', 'system:role:add', '#', 'admin', '2022-02-20 21:34:24', '', null, '');
INSERT INTO `sys_menu` VALUES ('1010', '角色修改', '101', '3', '', '', '', '1', '0', 'F', '0', '0', 'system:role:edit', '#', 'admin', '2022-02-20 21:34:24', '', null, '');
INSERT INTO `sys_menu` VALUES ('1011', '角色删除', '101', '4', '', '', '', '1', '0', 'F', '0', '0', 'system:role:remove', '#', 'admin', '2022-02-20 21:34:24', '', null, '');
INSERT INTO `sys_menu` VALUES ('1012', '角色导出', '101', '5', '', '', '', '1', '0', 'F', '0', '0', 'system:role:export', '#', 'admin', '2022-02-20 21:34:24', '', null, '');
INSERT INTO `sys_menu` VALUES ('1013', '菜单查询', '102', '1', '', '', '', '1', '0', 'F', '0', '0', 'system:menu:query', '#', 'admin', '2022-02-20 21:34:24', '', null, '');
INSERT INTO `sys_menu` VALUES ('1014', '菜单新增', '102', '2', '', '', '', '1', '0', 'F', '0', '0', 'system:menu:add', '#', 'admin', '2022-02-20 21:34:24', '', null, '');
INSERT INTO `sys_menu` VALUES ('1015', '菜单修改', '102', '3', '', '', '', '1', '0', 'F', '0', '0', 'system:menu:edit', '#', 'admin', '2022-02-20 21:34:24', '', null, '');
INSERT INTO `sys_menu` VALUES ('1016', '菜单删除', '102', '4', '', '', '', '1', '0', 'F', '0', '0', 'system:menu:remove', '#', 'admin', '2022-02-20 21:34:24', '', null, '');
INSERT INTO `sys_menu` VALUES ('1017', '部门查询', '103', '1', '', '', '', '1', '0', 'F', '0', '0', 'system:dept:query', '#', 'admin', '2022-02-20 21:34:24', '', null, '');
INSERT INTO `sys_menu` VALUES ('1018', '部门新增', '103', '2', '', '', '', '1', '0', 'F', '0', '0', 'system:dept:add', '#', 'admin', '2022-02-20 21:34:24', '', null, '');
INSERT INTO `sys_menu` VALUES ('1019', '部门修改', '103', '3', '', '', '', '1', '0', 'F', '0', '0', 'system:dept:edit', '#', 'admin', '2022-02-20 21:34:24', '', null, '');
INSERT INTO `sys_menu` VALUES ('1020', '部门删除', '103', '4', '', '', '', '1', '0', 'F', '0', '0', 'system:dept:remove', '#', 'admin', '2022-02-20 21:34:24', '', null, '');
INSERT INTO `sys_menu` VALUES ('1021', '岗位查询', '104', '1', '', '', '', '1', '0', 'F', '0', '0', 'system:post:query', '#', 'admin', '2022-02-20 21:34:24', '', null, '');
INSERT INTO `sys_menu` VALUES ('1022', '岗位新增', '104', '2', '', '', '', '1', '0', 'F', '0', '0', 'system:post:add', '#', 'admin', '2022-02-20 21:34:24', '', null, '');
INSERT INTO `sys_menu` VALUES ('1023', '岗位修改', '104', '3', '', '', '', '1', '0', 'F', '0', '0', 'system:post:edit', '#', 'admin', '2022-02-20 21:34:24', '', null, '');
INSERT INTO `sys_menu` VALUES ('1024', '岗位删除', '104', '4', '', '', '', '1', '0', 'F', '0', '0', 'system:post:remove', '#', 'admin', '2022-02-20 21:34:24', '', null, '');
INSERT INTO `sys_menu` VALUES ('1025', '岗位导出', '104', '5', '', '', '', '1', '0', 'F', '0', '0', 'system:post:export', '#', 'admin', '2022-02-20 21:34:24', '', null, '');
INSERT INTO `sys_menu` VALUES ('1026', '字典查询', '105', '1', '#', '', '', '1', '0', 'F', '0', '0', 'system:dict:query', '#', 'admin', '2022-02-20 21:34:24', '', null, '');
INSERT INTO `sys_menu` VALUES ('1027', '字典新增', '105', '2', '#', '', '', '1', '0', 'F', '0', '0', 'system:dict:add', '#', 'admin', '2022-02-20 21:34:24', '', null, '');
INSERT INTO `sys_menu` VALUES ('1028', '字典修改', '105', '3', '#', '', '', '1', '0', 'F', '0', '0', 'system:dict:edit', '#', 'admin', '2022-02-20 21:34:24', '', null, '');
INSERT INTO `sys_menu` VALUES ('1029', '字典删除', '105', '4', '#', '', '', '1', '0', 'F', '0', '0', 'system:dict:remove', '#', 'admin', '2022-02-20 21:34:24', '', null, '');
INSERT INTO `sys_menu` VALUES ('1030', '字典导出', '105', '5', '#', '', '', '1', '0', 'F', '0', '0', 'system:dict:export', '#', 'admin', '2022-02-20 21:34:24', '', null, '');
INSERT INTO `sys_menu` VALUES ('1031', '参数查询', '106', '1', '#', '', '', '1', '0', 'F', '0', '0', 'system:config:query', '#', 'admin', '2022-02-20 21:34:24', '', null, '');
INSERT INTO `sys_menu` VALUES ('1032', '参数新增', '106', '2', '#', '', '', '1', '0', 'F', '0', '0', 'system:config:add', '#', 'admin', '2022-02-20 21:34:24', '', null, '');
INSERT INTO `sys_menu` VALUES ('1033', '参数修改', '106', '3', '#', '', '', '1', '0', 'F', '0', '0', 'system:config:edit', '#', 'admin', '2022-02-20 21:34:24', '', null, '');
INSERT INTO `sys_menu` VALUES ('1034', '参数删除', '106', '4', '#', '', '', '1', '0', 'F', '0', '0', 'system:config:remove', '#', 'admin', '2022-02-20 21:34:24', '', null, '');
INSERT INTO `sys_menu` VALUES ('1035', '参数导出', '106', '5', '#', '', '', '1', '0', 'F', '0', '0', 'system:config:export', '#', 'admin', '2022-02-20 21:34:24', '', null, '');
INSERT INTO `sys_menu` VALUES ('1036', '公告查询', '107', '1', '#', '', '', '1', '0', 'F', '0', '0', 'system:notice:query', '#', 'admin', '2022-02-20 21:34:24', '', null, '');
INSERT INTO `sys_menu` VALUES ('1037', '公告新增', '107', '2', '#', '', '', '1', '0', 'F', '0', '0', 'system:notice:add', '#', 'admin', '2022-02-20 21:34:24', '', null, '');
INSERT INTO `sys_menu` VALUES ('1038', '公告修改', '107', '3', '#', '', '', '1', '0', 'F', '0', '0', 'system:notice:edit', '#', 'admin', '2022-02-20 21:34:24', '', null, '');
INSERT INTO `sys_menu` VALUES ('1039', '公告删除', '107', '4', '#', '', '', '1', '0', 'F', '0', '0', 'system:notice:remove', '#', 'admin', '2022-02-20 21:34:24', '', null, '');
INSERT INTO `sys_menu` VALUES ('1040', '操作查询', '500', '1', '#', '', '', '1', '0', 'F', '0', '0', 'monitor:operlog:query', '#', 'admin', '2022-02-20 21:34:24', '', null, '');
INSERT INTO `sys_menu` VALUES ('1041', '操作删除', '500', '2', '#', '', '', '1', '0', 'F', '0', '0', 'monitor:operlog:remove', '#', 'admin', '2022-02-20 21:34:24', '', null, '');
INSERT INTO `sys_menu` VALUES ('1042', '日志导出', '500', '4', '#', '', '', '1', '0', 'F', '0', '0', 'monitor:operlog:export', '#', 'admin', '2022-02-20 21:34:24', '', null, '');
INSERT INTO `sys_menu` VALUES ('1043', '登录查询', '501', '1', '#', '', '', '1', '0', 'F', '0', '0', 'monitor:logininfor:query', '#', 'admin', '2022-02-20 21:34:24', '', null, '');
INSERT INTO `sys_menu` VALUES ('1044', '登录删除', '501', '2', '#', '', '', '1', '0', 'F', '0', '0', 'monitor:logininfor:remove', '#', 'admin', '2022-02-20 21:34:24', '', null, '');
INSERT INTO `sys_menu` VALUES ('1045', '日志导出', '501', '3', '#', '', '', '1', '0', 'F', '0', '0', 'monitor:logininfor:export', '#', 'admin', '2022-02-20 21:34:24', '', null, '');
INSERT INTO `sys_menu` VALUES ('1046', '在线查询', '109', '1', '#', '', '', '1', '0', 'F', '0', '0', 'monitor:online:query', '#', 'admin', '2022-02-20 21:34:24', '', null, '');
INSERT INTO `sys_menu` VALUES ('1047', '批量强退', '109', '2', '#', '', '', '1', '0', 'F', '0', '0', 'monitor:online:batchLogout', '#', 'admin', '2022-02-20 21:34:24', '', null, '');
INSERT INTO `sys_menu` VALUES ('1048', '单条强退', '109', '3', '#', '', '', '1', '0', 'F', '0', '0', 'monitor:online:forceLogout', '#', 'admin', '2022-02-20 21:34:24', '', null, '');
INSERT INTO `sys_menu` VALUES ('1049', '任务查询', '110', '1', '#', '', '', '1', '0', 'F', '0', '0', 'monitor:job:query', '#', 'admin', '2022-02-20 21:34:24', '', null, '');
INSERT INTO `sys_menu` VALUES ('1050', '任务新增', '110', '2', '#', '', '', '1', '0', 'F', '0', '0', 'monitor:job:add', '#', 'admin', '2022-02-20 21:34:24', '', null, '');
INSERT INTO `sys_menu` VALUES ('1051', '任务修改', '110', '3', '#', '', '', '1', '0', 'F', '0', '0', 'monitor:job:edit', '#', 'admin', '2022-02-20 21:34:24', '', null, '');
INSERT INTO `sys_menu` VALUES ('1052', '任务删除', '110', '4', '#', '', '', '1', '0', 'F', '0', '0', 'monitor:job:remove', '#', 'admin', '2022-02-20 21:34:24', '', null, '');
INSERT INTO `sys_menu` VALUES ('1053', '状态修改', '110', '5', '#', '', '', '1', '0', 'F', '0', '0', 'monitor:job:changeStatus', '#', 'admin', '2022-02-20 21:34:24', '', null, '');
INSERT INTO `sys_menu` VALUES ('1054', '任务导出', '110', '7', '#', '', '', '1', '0', 'F', '0', '0', 'monitor:job:export', '#', 'admin', '2022-02-20 21:34:24', '', null, '');
INSERT INTO `sys_menu` VALUES ('1055', '生成查询', '115', '1', '#', '', '', '1', '0', 'F', '0', '0', 'tool:gen:query', '#', 'admin', '2022-02-20 21:34:24', '', null, '');
INSERT INTO `sys_menu` VALUES ('1056', '生成修改', '115', '2', '#', '', '', '1', '0', 'F', '0', '0', 'tool:gen:edit', '#', 'admin', '2022-02-20 21:34:24', '', null, '');
INSERT INTO `sys_menu` VALUES ('1057', '生成删除', '115', '3', '#', '', '', '1', '0', 'F', '0', '0', 'tool:gen:remove', '#', 'admin', '2022-02-20 21:34:24', '', null, '');
INSERT INTO `sys_menu` VALUES ('1058', '导入代码', '115', '2', '#', '', '', '1', '0', 'F', '0', '0', 'tool:gen:import', '#', 'admin', '2022-02-20 21:34:24', '', null, '');
INSERT INTO `sys_menu` VALUES ('1059', '预览代码', '115', '4', '#', '', '', '1', '0', 'F', '0', '0', 'tool:gen:preview', '#', 'admin', '2022-02-20 21:34:24', '', null, '');
INSERT INTO `sys_menu` VALUES ('1060', '生成代码', '115', '5', '#', '', '', '1', '0', 'F', '0', '0', 'tool:gen:code', '#', 'admin', '2022-02-20 21:34:24', '', null, '');
INSERT INTO `sys_menu` VALUES ('1061', '业务菜单', '0', '5', 'business', null, null, '1', '0', 'M', '0', '0', '', 'peoples', 'admin', '2022-02-21 20:31:13', 'admin', '2022-02-23 18:57:31', '');
INSERT INTO `sys_menu` VALUES ('1062', '工作流系统', '0', '99', 'workflow', null, null, '1', '0', 'M', '0', '0', '', 'cascader', 'admin', '2022-02-21 20:32:03', 'admin', '2022-03-02 18:51:00', '');
INSERT INTO `sys_menu` VALUES ('1063', '门户首页', '1062', '7', 'http://localhost/dev-api/portal/portlet.html', null, null, '0', '1', 'C', '0', '0', '', 'international', 'admin', '2022-02-21 20:33:23', 'admin', '2022-05-04 21:01:54', '');
INSERT INTO `sys_menu` VALUES ('1064', '基础信息', '1062', '1', 'http://localhost/dev-api/basedata/list2.html', null, null, '1', '0', 'C', '0', '0', '', 'build', 'admin', '2022-02-21 20:40:17', 'admin', '2022-02-24 18:52:21', '');
INSERT INTO `sys_menu` VALUES ('1065', '流程分类', '1062', '2', 'http://localhost/dev-api/category/list.html', null, null, '1', '0', 'C', '0', '0', null, 'cascader', 'admin', '2022-02-22 21:48:23', '', null, '');
INSERT INTO `sys_menu` VALUES ('1066', '流程模型', '1062', '3', 'http://localhost/dev-api/modeler/list.html', null, '', '1', '0', 'C', '0', '0', '', 'tool', 'admin', '2022-02-22 22:59:01', 'admin', '2022-03-24 17:03:13', '');
INSERT INTO `sys_menu` VALUES ('1067', '流程定义', '1062', '4', 'http://localhost/dev-api/definition/list.html', null, null, '1', '0', 'C', '0', '0', '', 'edit', 'admin', '2022-02-22 23:54:06', 'admin', '2022-03-02 18:52:36', '');
INSERT INTO `sys_menu` VALUES ('1068', '员工请假', '1061', '1', 'leave', 'business/leave/index', null, '1', '0', 'C', '0', '0', 'business:leave:list', 'user', 'admin', '2022-02-23 18:52:55', 'admin', '2022-02-23 18:55:59', '员工请假菜单');
INSERT INTO `sys_menu` VALUES ('1069', '员工请假查询', '1068', '1', '#', '', null, '1', '0', 'F', '0', '0', 'business:leave:query', '#', 'admin', '2022-02-23 18:52:55', '', null, '');
INSERT INTO `sys_menu` VALUES ('1070', '员工请假新增', '1068', '2', '#', '', null, '1', '0', 'F', '0', '0', 'business:leave:add', '#', 'admin', '2022-02-23 18:52:55', '', null, '');
INSERT INTO `sys_menu` VALUES ('1071', '员工请假修改', '1068', '3', '#', '', null, '1', '0', 'F', '0', '0', 'business:leave:edit', '#', 'admin', '2022-02-23 18:52:55', '', null, '');
INSERT INTO `sys_menu` VALUES ('1072', '员工请假删除', '1068', '4', '#', '', null, '1', '0', 'F', '0', '0', 'business:leave:remove', '#', 'admin', '2022-02-23 18:52:55', '', null, '');
INSERT INTO `sys_menu` VALUES ('1073', '员工请假导出', '1068', '5', '#', '', null, '1', '0', 'F', '0', '0', 'business:leave:export', '#', 'admin', '2022-02-23 18:52:55', '', null, '');
INSERT INTO `sys_menu` VALUES ('1074', '流程中心', '1062', '5', 'http://localhost/dev-api/portal/center.html', null, null, '1', '0', 'C', '0', '0', '', 'example', 'admin', '2022-02-24 16:02:45', 'admin', '2022-05-09 20:15:41', '');
INSERT INTO `sys_menu` VALUES ('1075', '流程实例', '1062', '6', 'http://localhost/dev-api/instance/list.html', null, null, '1', '0', 'C', '0', '0', '', 'component', 'admin', '2022-02-24 22:36:21', 'admin', '2022-05-04 21:00:05', '');
INSERT INTO `sys_menu` VALUES ('1076', '消息中心', '1062', '8', 'http://localhost/dev-api/message/list.html', null, null, '1', '0', 'C', '0', '0', null, 'email', 'admin', '2022-02-24 22:37:47', '', null, '');
INSERT INTO `sys_menu` VALUES ('1080', '权限增强', '1062', '9', 'power', null, null, '1', '0', 'M', '0', '0', null, 'documentation', 'admin', '2022-03-02 18:53:02', '', null, '');
INSERT INTO `sys_menu` VALUES ('1081', '用户管理', '1080', '1', 'user', 'system/user/index', null, '1', '0', 'C', '0', '0', null, 'peoples', 'admin', '2022-03-02 18:54:03', '', null, '');
INSERT INTO `sys_menu` VALUES ('1082', '角色管理', '1080', '2', 'role', 'system/role/index', null, '1', '0', 'C', '0', '0', null, 'people', 'admin', '2022-03-02 19:00:29', '', null, '');
INSERT INTO `sys_menu` VALUES ('1083', '部门管理', '1080', '3', 'http://localhost/dev-api/dept/list.html', '', null, '1', '0', 'C', '0', '0', '', 'list', 'admin', '2022-03-02 19:10:53', 'admin', '2022-03-02 19:13:28', '');
INSERT INTO `sys_menu` VALUES ('1084', '岗位管理', '1080', '4', 'http://localhost/dev-api/post/list.html', '', null, '1', '0', 'C', '0', '0', '', 'email', 'admin', '2022-03-02 19:11:35', 'admin', '2022-03-02 19:13:08', '');
INSERT INTO `sys_menu` VALUES ('1085', '岗位汇报关系', '1080', '5', 'http://localhost/dev-api/postRelation/list.html', null, null, '1', '0', 'C', '0', '0', null, 'cascader', 'admin', '2022-03-02 19:12:41', '', null, '');
INSERT INTO `sys_menu` VALUES ('1086', '用户组', '1080', '8', 'http://localhost/dev-api/userGroup/list.html', null, null, '1', '0', 'C', '0', '0', '', 'peoples', 'admin', '2022-03-02 20:54:49', 'admin', '2022-03-24 19:57:44', '');
INSERT INTO `sys_menu` VALUES ('1087', '基础增强', '1062', '10', 'base', null, null, '1', '0', 'M', '0', '0', null, 'system', 'admin', '2022-03-24 19:46:56', '', null, '');
INSERT INTO `sys_menu` VALUES ('1088', '流程标题配置', '1087', '1', 'http://localhost/dev-api/title/list.html', null, null, '1', '0', 'C', '0', '0', null, 'edit', 'admin', '2022-03-24 19:47:46', '', null, '');
INSERT INTO `sys_menu` VALUES ('1089', '附件上传配置', '1087', '2', 'http://localhost/dev-api/oss/list.html', null, null, '1', '0', 'C', '0', '0', null, 'upload', 'admin', '2022-03-24 19:48:22', '', null, '');
INSERT INTO `sys_menu` VALUES ('1090', '在线表单', '1062', '11', 'online', null, null, '1', '0', 'M', '0', '0', null, 'documentation', 'admin', '2022-03-24 19:49:29', '', null, '');
INSERT INTO `sys_menu` VALUES ('1091', '表单设计', '1090', '1', 'http://localhost:8082', null, null, '1', '0', 'C', '0', '0', null, 'edit', 'admin', '2022-03-24 19:50:02', '', null, '');
INSERT INTO `sys_menu` VALUES ('1092', '表单列表', '1090', '2', 'http://localhost/dev-api/form/list.html', null, null, '1', '0', 'C', '0', '0', '', 'list', 'admin', '2022-03-24 19:50:34', 'admin', '2022-03-24 19:53:10', '');
INSERT INTO `sys_menu` VALUES ('1093', '发起申请', '1090', '3', 'http://localhost/dev-api/apply/list.html', null, null, '1', '0', 'C', '0', '0', null, 'log', 'admin', '2022-03-24 19:51:14', '', null, '');
INSERT INTO `sys_menu` VALUES ('1094', '岗位成员', '1080', '6', 'http://localhost/dev-api/userPost/list.html', null, null, '1', '0', 'C', '0', '0', '', 'peoples', 'admin', '2022-03-24 19:58:30', 'admin', '2022-03-24 20:04:44', '');
INSERT INTO `sys_menu` VALUES ('1095', '部门成员', '1080', '7', 'http://localhost/dev-api/userDept/list.html', null, null, '1', '0', 'C', '0', '0', null, 'tree', 'admin', '2022-03-24 19:59:19', '', null, '');
INSERT INTO `sys_menu` VALUES ('1096', '功能按钮', '1080', '9', 'http://localhost/dev-api/funBtn/list.html', null, null, '1', '0', 'C', '0', '0', '', 'button', 'admin', '2022-03-24 20:00:05', 'admin', '2022-03-24 20:05:37', '');
INSERT INTO `sys_menu` VALUES ('1097', '发起权限', '1080', '10', 'http://localhost/dev-api/applyAuth/list.html', null, null, '1', '0', 'C', '0', '0', null, 'guide', 'admin', '2022-03-24 20:00:40', '', null, '');
INSERT INTO `sys_menu` VALUES ('1098', '流程代理', '1080', '11', 'http://localhost/dev-api/delegate/list.html', null, null, '1', '0', 'C', '0', '0', null, 'people', 'admin', '2022-03-24 20:01:18', '', null, '');
INSERT INTO `sys_menu` VALUES ('1099', '代理记录', '1062', '8', 'http://localhost/dev-api/delegateHistory/list.html', null, null, '1', '0', 'C', '0', '0', null, 'log', 'admin', '2022-03-24 20:02:57', '', null, '');

-- ----------------------------
-- Table structure for sys_notice
-- ----------------------------
DROP TABLE IF EXISTS `sys_notice`;
CREATE TABLE `sys_notice` (
  `notice_id` int(4) NOT NULL AUTO_INCREMENT COMMENT '公告ID',
  `notice_title` varchar(50) NOT NULL COMMENT '公告标题',
  `notice_type` char(1) NOT NULL COMMENT '公告类型（1通知 2公告）',
  `notice_content` longblob COMMENT '公告内容',
  `status` char(1) DEFAULT '0' COMMENT '公告状态（0正常 1关闭）',
  `create_by` varchar(64) DEFAULT '' COMMENT '创建者',
  `create_time` datetime DEFAULT NULL COMMENT '创建时间',
  `update_by` varchar(64) DEFAULT '' COMMENT '更新者',
  `update_time` datetime DEFAULT NULL COMMENT '更新时间',
  `remark` varchar(255) DEFAULT NULL COMMENT '备注',
  PRIMARY KEY (`notice_id`)
) ENGINE=InnoDB AUTO_INCREMENT=3 DEFAULT CHARSET=utf8mb4 COMMENT='通知公告表';

-- ----------------------------
-- Records of sys_notice
-- ----------------------------
INSERT INTO `sys_notice` VALUES ('1', '温馨提醒：2018-07-01 若依新版本发布啦', '2', 0xE696B0E78988E69CACE58685E5AEB9, '0', 'admin', '2022-02-20 21:34:24', '', null, '管理员');
INSERT INTO `sys_notice` VALUES ('2', '维护通知：2018-07-01 若依系统凌晨维护', '1', 0xE7BBB4E68AA4E58685E5AEB9, '0', 'admin', '2022-02-20 21:34:24', '', null, '管理员');

-- ----------------------------
-- Table structure for sys_oper_log
-- ----------------------------
DROP TABLE IF EXISTS `sys_oper_log`;
CREATE TABLE `sys_oper_log` (
  `oper_id` bigint(20) NOT NULL AUTO_INCREMENT COMMENT '日志主键',
  `title` varchar(50) DEFAULT '' COMMENT '模块标题',
  `business_type` int(2) DEFAULT '0' COMMENT '业务类型（0其它 1新增 2修改 3删除）',
  `method` varchar(100) DEFAULT '' COMMENT '方法名称',
  `request_method` varchar(10) DEFAULT '' COMMENT '请求方式',
  `operator_type` int(1) DEFAULT '0' COMMENT '操作类别（0其它 1后台用户 2手机端用户）',
  `oper_name` varchar(50) DEFAULT '' COMMENT '操作人员',
  `dept_name` varchar(50) DEFAULT '' COMMENT '部门名称',
  `oper_url` varchar(255) DEFAULT '' COMMENT '请求URL',
  `oper_ip` varchar(128) DEFAULT '' COMMENT '主机地址',
  `oper_location` varchar(255) DEFAULT '' COMMENT '操作地点',
  `oper_param` varchar(2000) DEFAULT '' COMMENT '请求参数',
  `json_result` varchar(2000) DEFAULT '' COMMENT '返回参数',
  `status` int(1) DEFAULT '0' COMMENT '操作状态（0正常 1异常）',
  `error_msg` varchar(2000) DEFAULT '' COMMENT '错误消息',
  `oper_time` datetime DEFAULT NULL COMMENT '操作时间',
  PRIMARY KEY (`oper_id`)
) ENGINE=InnoDB AUTO_INCREMENT=100 DEFAULT CHARSET=utf8mb4 COMMENT='操作日志记录';

-- ----------------------------
-- Records of sys_oper_log
-- ----------------------------
INSERT INTO `sys_oper_log` VALUES ('1', '菜单管理', '2', 'com.ruoyi.web.controller.system.SysMenuController.edit()', 'PUT', '1', 'admin', null, '/system/menu', '127.0.0.1', '内网IP', '{\"visible\":\"1\",\"query\":\"\",\"icon\":\"guide\",\"orderNum\":4,\"menuName\":\"若依官网\",\"params\":{},\"parentId\":0,\"isCache\":\"0\",\"path\":\"http://ruoyi.vip\",\"children\":[],\"createTime\":1645364064000,\"updateBy\":\"admin\",\"isFrame\":\"0\",\"menuId\":4,\"menuType\":\"M\",\"perms\":\"\",\"status\":\"0\"}', '{\"msg\":\"操作成功\",\"code\":200}', '0', null, '2022-02-21 20:28:02');
INSERT INTO `sys_oper_log` VALUES ('2', '菜单管理', '1', 'com.ruoyi.web.controller.system.SysMenuController.add()', 'POST', '1', 'admin', null, '/system/menu', '127.0.0.1', '内网IP', '{\"visible\":\"0\",\"icon\":\"peoples\",\"orderNum\":5,\"menuName\":\"业务菜单\",\"params\":{},\"parentId\":0,\"isCache\":\"0\",\"path\":\"#\",\"createBy\":\"admin\",\"children\":[],\"isFrame\":\"1\",\"menuType\":\"M\",\"status\":\"0\"}', '{\"msg\":\"操作成功\",\"code\":200}', '0', null, '2022-02-21 20:31:13');
INSERT INTO `sys_oper_log` VALUES ('3', '菜单管理', '1', 'com.ruoyi.web.controller.system.SysMenuController.add()', 'POST', '1', 'admin', null, '/system/menu', '127.0.0.1', '内网IP', '{\"visible\":\"0\",\"icon\":\"cascader\",\"orderNum\":99,\"menuName\":\"工作流系统\",\"params\":{},\"parentId\":0,\"isCache\":\"0\",\"path\":\"#\",\"createBy\":\"admin\",\"children\":[],\"isFrame\":\"1\",\"menuType\":\"M\",\"status\":\"0\"}', '{\"msg\":\"操作成功\",\"code\":200}', '0', null, '2022-02-21 20:32:03');
INSERT INTO `sys_oper_log` VALUES ('4', '菜单管理', '1', 'com.ruoyi.web.controller.system.SysMenuController.add()', 'POST', '1', 'admin', null, '/system/menu', '127.0.0.1', '内网IP', '{\"visible\":\"0\",\"icon\":\"international\",\"orderNum\":7,\"menuName\":\"门户首页\",\"params\":{},\"parentId\":1062,\"isCache\":\"1\",\"path\":\"/portal/portlet.html\",\"createBy\":\"admin\",\"children\":[],\"isFrame\":\"1\",\"menuType\":\"C\",\"status\":\"0\"}', '{\"msg\":\"操作成功\",\"code\":200}', '0', null, '2022-02-21 20:33:23');
INSERT INTO `sys_oper_log` VALUES ('5', '菜单管理', '2', 'com.ruoyi.web.controller.system.SysMenuController.edit()', 'PUT', '1', 'admin', null, '/system/menu', '127.0.0.1', '内网IP', '{\"visible\":\"0\",\"icon\":\"international\",\"orderNum\":7,\"menuName\":\"门户首页\",\"params\":{},\"parentId\":1062,\"isCache\":\"1\",\"path\":\"/portal/portlet.html\",\"children\":[],\"createTime\":1645446803000,\"isFrame\":\"0\",\"menuId\":1063,\"menuType\":\"C\",\"perms\":\"\",\"status\":\"0\"}', '{\"msg\":\"修改菜单\'门户首页\'失败，地址必须以http(s)://开头\",\"code\":500}', '0', null, '2022-02-21 20:34:36');
INSERT INTO `sys_oper_log` VALUES ('6', '菜单管理', '2', 'com.ruoyi.web.controller.system.SysMenuController.edit()', 'PUT', '1', 'admin', null, '/system/menu', '127.0.0.1', '内网IP', '{\"visible\":\"0\",\"icon\":\"international\",\"orderNum\":7,\"menuName\":\"门户首页\",\"params\":{},\"parentId\":1062,\"isCache\":\"1\",\"path\":\"http://localhost/dev-api/portal/portlet.html\",\"children\":[],\"createTime\":1645446803000,\"updateBy\":\"admin\",\"isFrame\":\"0\",\"menuId\":1063,\"menuType\":\"C\",\"perms\":\"\",\"status\":\"0\"}', '{\"msg\":\"操作成功\",\"code\":200}', '0', null, '2022-02-21 20:34:59');
INSERT INTO `sys_oper_log` VALUES ('7', '菜单管理', '1', 'com.ruoyi.web.controller.system.SysMenuController.add()', 'POST', '1', 'admin', null, '/system/menu', '127.0.0.1', '内网IP', '{\"visible\":\"0\",\"icon\":\"build\",\"orderNum\":1,\"menuName\":\"基础信息\",\"params\":{},\"parentId\":1062,\"isCache\":\"1\",\"path\":\"http://localhost/dev-api/basedata/list.html\",\"createBy\":\"admin\",\"children\":[],\"isFrame\":\"0\",\"menuType\":\"C\",\"status\":\"0\"}', '{\"msg\":\"操作成功\",\"code\":200}', '0', null, '2022-02-21 20:40:17');
INSERT INTO `sys_oper_log` VALUES ('8', '菜单管理', '2', 'com.ruoyi.web.controller.system.SysMenuController.edit()', 'PUT', '1', 'admin', null, '/system/menu', '127.0.0.1', '内网IP', '{\"visible\":\"0\",\"icon\":\"build\",\"orderNum\":1,\"menuName\":\"基础信息\",\"params\":{},\"parentId\":1062,\"isCache\":\"1\",\"path\":\"http://localhost/dev-api/basedata/list.html\",\"children\":[],\"createTime\":1645447217000,\"updateBy\":\"admin\",\"isFrame\":\"1\",\"menuId\":1064,\"menuType\":\"C\",\"perms\":\"\",\"status\":\"0\"}', '{\"msg\":\"操作成功\",\"code\":200}', '0', null, '2022-02-21 20:49:38');
INSERT INTO `sys_oper_log` VALUES ('9', '菜单管理', '2', 'com.ruoyi.web.controller.system.SysMenuController.edit()', 'PUT', '1', 'admin', null, '/system/menu', '127.0.0.1', '内网IP', '{\"visible\":\"0\",\"icon\":\"build\",\"orderNum\":1,\"menuName\":\"基础信息\",\"params\":{},\"parentId\":1062,\"isCache\":\"0\",\"path\":\"http://localhost/dev-api/basedata/list.html\",\"children\":[],\"createTime\":1645447217000,\"updateBy\":\"admin\",\"isFrame\":\"1\",\"menuId\":1064,\"menuType\":\"C\",\"perms\":\"\",\"status\":\"0\"}', '{\"msg\":\"操作成功\",\"code\":200}', '0', null, '2022-02-21 21:20:09');
INSERT INTO `sys_oper_log` VALUES ('10', '菜单管理', '2', 'com.ruoyi.web.controller.system.SysMenuController.edit()', 'PUT', '1', 'admin', null, '/system/menu', '127.0.0.1', '内网IP', '{\"visible\":\"0\",\"icon\":\"build\",\"orderNum\":1,\"menuName\":\"基础信息\",\"params\":{},\"parentId\":1062,\"isCache\":\"0\",\"path\":\"http://dev-api/basedata/list.html\",\"children\":[],\"createTime\":1645447217000,\"updateBy\":\"admin\",\"isFrame\":\"1\",\"menuId\":1064,\"menuType\":\"C\",\"perms\":\"\",\"status\":\"0\"}', '{\"msg\":\"操作成功\",\"code\":200}', '0', null, '2022-02-21 21:42:14');
INSERT INTO `sys_oper_log` VALUES ('11', '菜单管理', '2', 'com.ruoyi.web.controller.system.SysMenuController.edit()', 'PUT', '1', 'admin', null, '/system/menu', '127.0.0.1', '内网IP', '{\"visible\":\"0\",\"icon\":\"build\",\"orderNum\":1,\"menuName\":\"基础信息\",\"params\":{},\"parentId\":1062,\"isCache\":\"0\",\"path\":\"http:///dev-api/basedata/list.html\",\"children\":[],\"createTime\":1645447217000,\"updateBy\":\"admin\",\"isFrame\":\"1\",\"menuId\":1064,\"menuType\":\"C\",\"perms\":\"\",\"status\":\"0\"}', '{\"msg\":\"操作成功\",\"code\":200}', '0', null, '2022-02-21 21:42:56');
INSERT INTO `sys_oper_log` VALUES ('12', '菜单管理', '2', 'com.ruoyi.web.controller.system.SysMenuController.edit()', 'PUT', '1', 'admin', null, '/system/menu', '127.0.0.1', '内网IP', '{\"visible\":\"0\",\"icon\":\"build\",\"orderNum\":1,\"menuName\":\"基础信息\",\"params\":{},\"parentId\":1062,\"isCache\":\"0\",\"path\":\"http://localhost/dev-api/basedata/list.html\",\"children\":[],\"createTime\":1645447217000,\"updateBy\":\"admin\",\"isFrame\":\"1\",\"menuId\":1064,\"menuType\":\"C\",\"perms\":\"\",\"status\":\"0\"}', '{\"msg\":\"操作成功\",\"code\":200}', '0', null, '2022-02-21 21:43:25');
INSERT INTO `sys_oper_log` VALUES ('13', '菜单管理', '2', 'com.ruoyi.web.controller.system.SysMenuController.edit()', 'PUT', '1', 'admin', null, '/system/menu', '127.0.0.1', '内网IP', '{\"visible\":\"0\",\"icon\":\"build\",\"orderNum\":1,\"menuName\":\"基础信息\",\"params\":{},\"parentId\":1062,\"isCache\":\"0\",\"path\":\"http://basedata/list.html\",\"children\":[],\"createTime\":1645447217000,\"updateBy\":\"admin\",\"isFrame\":\"1\",\"menuId\":1064,\"menuType\":\"C\",\"perms\":\"\",\"status\":\"0\"}', '{\"msg\":\"操作成功\",\"code\":200}', '0', null, '2022-02-22 21:36:54');
INSERT INTO `sys_oper_log` VALUES ('14', '菜单管理', '2', 'com.ruoyi.web.controller.system.SysMenuController.edit()', 'PUT', '1', 'admin', null, '/system/menu', '127.0.0.1', '内网IP', '{\"visible\":\"0\",\"icon\":\"build\",\"orderNum\":1,\"menuName\":\"基础信息\",\"params\":{},\"parentId\":1062,\"isCache\":\"0\",\"path\":\"http://dev-api/basedata/list.html\",\"children\":[],\"createTime\":1645447217000,\"updateBy\":\"admin\",\"isFrame\":\"1\",\"menuId\":1064,\"menuType\":\"C\",\"perms\":\"\",\"status\":\"0\"}', '{\"msg\":\"操作成功\",\"code\":200}', '0', null, '2022-02-22 21:37:32');
INSERT INTO `sys_oper_log` VALUES ('15', '菜单管理', '2', 'com.ruoyi.web.controller.system.SysMenuController.edit()', 'PUT', '1', 'admin', null, '/system/menu', '127.0.0.1', '内网IP', '{\"visible\":\"0\",\"icon\":\"build\",\"orderNum\":1,\"menuName\":\"基础信息\",\"params\":{},\"parentId\":1062,\"isCache\":\"0\",\"path\":\"http://localhost/dev-api/basedata/list.html\",\"children\":[],\"createTime\":1645447217000,\"updateBy\":\"admin\",\"isFrame\":\"1\",\"menuId\":1064,\"menuType\":\"C\",\"perms\":\"\",\"status\":\"0\"}', '{\"msg\":\"操作成功\",\"code\":200}', '0', null, '2022-02-22 21:39:32');
INSERT INTO `sys_oper_log` VALUES ('16', '菜单管理', '1', 'com.ruoyi.web.controller.system.SysMenuController.add()', 'POST', '1', 'admin', null, '/system/menu', '127.0.0.1', '内网IP', '{\"visible\":\"0\",\"icon\":\"cascader\",\"orderNum\":2,\"menuName\":\"流程分类\",\"params\":{},\"parentId\":1062,\"isCache\":\"0\",\"path\":\"http://localhost/dev-api/category/list.html\",\"createBy\":\"admin\",\"children\":[],\"isFrame\":\"1\",\"menuType\":\"C\",\"status\":\"0\"}', '{\"msg\":\"操作成功\",\"code\":200}', '0', null, '2022-02-22 21:48:23');
INSERT INTO `sys_oper_log` VALUES ('17', '菜单管理', '1', 'com.ruoyi.web.controller.system.SysMenuController.add()', 'POST', '1', 'admin', null, '/system/menu', '127.0.0.1', '内网IP', '{\"visible\":\"0\",\"icon\":\"tool\",\"orderNum\":3,\"menuName\":\"流程模型\",\"params\":{},\"parentId\":1062,\"isCache\":\"0\",\"path\":\"http://localhost/dev-api/modeler/list.html?category=0\",\"createBy\":\"admin\",\"children\":[],\"isFrame\":\"1\",\"menuType\":\"C\",\"status\":\"0\"}', '{\"msg\":\"操作成功\",\"code\":200}', '0', null, '2022-02-22 22:59:01');
INSERT INTO `sys_oper_log` VALUES ('18', '菜单管理', '2', 'com.ruoyi.web.controller.system.SysMenuController.edit()', 'PUT', '1', 'admin', null, '/system/menu', '127.0.0.1', '内网IP', '{\"visible\":\"0\",\"icon\":\"tool\",\"orderNum\":3,\"menuName\":\"流程模型\",\"params\":{},\"parentId\":1062,\"isCache\":\"0\",\"path\":\"http://localhost/dev-api/modeler/list.html\",\"children\":[],\"createTime\":1645541941000,\"updateBy\":\"admin\",\"isFrame\":\"1\",\"menuId\":1066,\"menuType\":\"C\",\"perms\":\"\",\"status\":\"0\"}', '{\"msg\":\"操作成功\",\"code\":200}', '0', null, '2022-02-22 23:05:53');
INSERT INTO `sys_oper_log` VALUES ('19', '菜单管理', '2', 'com.ruoyi.web.controller.system.SysMenuController.edit()', 'PUT', '1', 'admin', null, '/system/menu', '127.0.0.1', '内网IP', '{\"visible\":\"0\",\"icon\":\"tool\",\"orderNum\":3,\"menuName\":\"流程模型\",\"params\":{},\"parentId\":1062,\"isCache\":\"0\",\"path\":\"http://localhost/dev-api/modeler/list.html?category=0\",\"children\":[],\"createTime\":1645541941000,\"updateBy\":\"admin\",\"isFrame\":\"1\",\"menuId\":1066,\"menuType\":\"C\",\"perms\":\"\",\"status\":\"0\"}', '{\"msg\":\"操作成功\",\"code\":200}', '0', null, '2022-02-22 23:12:11');
INSERT INTO `sys_oper_log` VALUES ('20', '菜单管理', '2', 'com.ruoyi.web.controller.system.SysMenuController.edit()', 'PUT', '1', 'admin', null, '/system/menu', '127.0.0.1', '内网IP', '{\"visible\":\"0\",\"icon\":\"tool\",\"orderNum\":3,\"menuName\":\"流程模型\",\"params\":{},\"parentId\":1062,\"isCache\":\"0\",\"path\":\"http://localhost/dev-api/modeler/list.html\",\"children\":[],\"createTime\":1645541941000,\"updateBy\":\"admin\",\"isFrame\":\"1\",\"menuId\":1066,\"menuType\":\"C\",\"perms\":\"\",\"status\":\"0\"}', '{\"msg\":\"操作成功\",\"code\":200}', '0', null, '2022-02-22 23:13:06');
INSERT INTO `sys_oper_log` VALUES ('21', '菜单管理', '1', 'com.ruoyi.web.controller.system.SysMenuController.add()', 'POST', '1', 'admin', null, '/system/menu', '127.0.0.1', '内网IP', '{\"visible\":\"0\",\"icon\":\"edit\",\"orderNum\":4,\"menuName\":\"流程定义\",\"params\":{},\"parentId\":1062,\"isCache\":\"0\",\"path\":\"http://localhost/dev-api/definition/list.html\",\"createBy\":\"admin\",\"children\":[],\"isFrame\":\"1\",\"menuType\":\"C\",\"status\":\"0\"}', '{\"msg\":\"操作成功\",\"code\":200}', '0', null, '2022-02-22 23:54:06');
INSERT INTO `sys_oper_log` VALUES ('22', '代码生成', '6', 'com.ruoyi.generator.controller.GenController.importTableSave()', 'POST', '1', 'admin', null, '/tool/gen/importTable', '127.0.0.1', '内网IP', 'biz_leave', '{\"msg\":\"操作成功\",\"code\":200}', '0', null, '2022-02-23 18:46:28');
INSERT INTO `sys_oper_log` VALUES ('23', '代码生成', '2', 'com.ruoyi.generator.controller.GenController.editSave()', 'PUT', '1', 'admin', null, '/tool/gen', '127.0.0.1', '内网IP', '{\"sub\":false,\"functionAuthor\":\"一只闲鹿\",\"columns\":[{\"capJavaField\":\"Id\",\"usableColumn\":false,\"columnId\":1,\"isIncrement\":\"1\",\"increment\":true,\"insert\":true,\"dictType\":\"\",\"required\":false,\"superColumn\":false,\"updateBy\":\"\",\"isInsert\":\"1\",\"javaField\":\"id\",\"htmlType\":\"input\",\"edit\":false,\"query\":false,\"columnComment\":\"主键ID\",\"sort\":1,\"list\":false,\"params\":{},\"javaType\":\"Long\",\"queryType\":\"EQ\",\"columnType\":\"bigint(20)\",\"createBy\":\"admin\",\"isPk\":\"1\",\"createTime\":1645613188000,\"tableId\":1,\"pk\":true,\"columnName\":\"id\"},{\"capJavaField\":\"Type\",\"usableColumn\":false,\"columnId\":2,\"isIncrement\":\"0\",\"increment\":false,\"insert\":true,\"isList\":\"1\",\"dictType\":\"\",\"required\":false,\"superColumn\":false,\"updateBy\":\"\",\"isInsert\":\"1\",\"javaField\":\"type\",\"htmlType\":\"select\",\"edit\":true,\"query\":true,\"columnComment\":\"请假类型\",\"isQuery\":\"1\",\"sort\":2,\"list\":true,\"params\":{},\"javaType\":\"String\",\"queryType\":\"EQ\",\"columnType\":\"char(20)\",\"createBy\":\"admin\",\"isPk\":\"0\",\"createTime\":1645613188000,\"isEdit\":\"1\",\"tableId\":1,\"pk\":false,\"columnName\":\"type\"},{\"capJavaField\":\"Title\",\"usableColumn\":false,\"columnId\":3,\"isIncrement\":\"0\",\"increment\":false,\"insert\":true,\"isList\":\"1\",\"dictType\":\"\",\"required\":false,\"superColumn\":false,\"updateBy\":\"\",\"isInsert\":\"1\",\"javaField\":\"title\",\"htmlType\":\"input\",\"edit\":true,\"query\":true,\"columnComment\":\"标题\",\"isQuery\":\"1\",\"sort\":3,\"list\":true,\"params\":{},\"javaType\":\"String\",\"queryType\":\"EQ\",\"columnType\":\"varchar(100)\",\"createBy\":\"admin\",\"isPk\":\"0\",\"createTime\":1645613188000,\"isEdit\":\"1\",\"tableId\":1,\"pk\":false,\"columnName\":\"title\"},{\"capJavaField\":\"Reason\",\"usableColumn\":false,\"columnId\":4,\"isIncrement\":\"0\",\"increment\":false,\"insert\":true,\"isList\":\"1\",\"dictType\":\"\",\"required\":false,\"superColumn\":false,\"updateBy\":\"\",\"isInsert\":\"1\",\"javaField\":\"reason\",\"htmlType\":\"textarea\",\"edit\":true,\"query\":true,\"columnComment\":\"原因\",\"isQuery\":\"1\",\"sort\":4,\"list\":true,\"params\":{},\"javaType\":\"String\",\"queryType\":\"EQ\",\"columnType\":\"varchar(500)\",\"createBy\":\"admin\",\"isPk\":\"0\",\"createTime\":1645613188000,\"isEdit', '{\"msg\":\"操作成功\",\"code\":200}', '0', null, '2022-02-23 18:49:19');
INSERT INTO `sys_oper_log` VALUES ('24', '代码生成', '8', 'com.ruoyi.generator.controller.GenController.batchGenCode()', 'GET', '1', 'admin', null, '/tool/gen/batchGenCode', '127.0.0.1', '内网IP', '{}', null, '0', null, '2022-02-23 18:49:23');
INSERT INTO `sys_oper_log` VALUES ('25', '菜单管理', '2', 'com.ruoyi.web.controller.system.SysMenuController.edit()', 'PUT', '1', 'admin', null, '/system/menu', '127.0.0.1', '内网IP', '{\"visible\":\"0\",\"icon\":\"user\",\"orderNum\":1,\"menuName\":\"员工请假\",\"params\":{},\"parentId\":1061,\"isCache\":\"0\",\"path\":\"leave\",\"component\":\"business/leave/index\",\"children\":[],\"createTime\":1645613575000,\"updateBy\":\"admin\",\"isFrame\":\"1\",\"menuId\":1068,\"menuType\":\"C\",\"perms\":\"business:leave:list\",\"status\":\"0\"}', '{\"msg\":\"操作成功\",\"code\":200}', '0', null, '2022-02-23 18:55:59');
INSERT INTO `sys_oper_log` VALUES ('26', '菜单管理', '2', 'com.ruoyi.web.controller.system.SysMenuController.edit()', 'PUT', '1', 'admin', null, '/system/menu', '127.0.0.1', '内网IP', '{\"visible\":\"0\",\"icon\":\"peoples\",\"orderNum\":5,\"menuName\":\"业务菜单\",\"params\":{},\"parentId\":0,\"isCache\":\"0\",\"path\":\"business\",\"children\":[],\"createTime\":1645446673000,\"updateBy\":\"admin\",\"isFrame\":\"1\",\"menuId\":1061,\"menuType\":\"M\",\"perms\":\"\",\"status\":\"0\"}', '{\"msg\":\"操作成功\",\"code\":200}', '0', null, '2022-02-23 18:57:31');
INSERT INTO `sys_oper_log` VALUES ('27', '员工请假', '1', 'com.ruoyi.business.controller.BizLeaveController.add()', 'POST', '1', 'admin', null, '/business/leave', '127.0.0.1', '内网IP', '{\"reason\":\"还没想好\",\"totalTime\":100,\"params\":{},\"title\":\"我想请假\",\"createTime\":1645614000262,\"startTime\":1645545600000,\"endTime\":1645977600000,\"id\":1}', '{\"msg\":\"操作成功\",\"code\":200}', '0', null, '2022-02-23 19:00:00');
INSERT INTO `sys_oper_log` VALUES ('28', '员工请假', '1', 'com.ruoyi.business.controller.BizLeaveController.add()', 'POST', '1', 'admin', null, '/business/leave', '127.0.0.1', '内网IP', '{\"reason\":\"嘤嘤嘤\",\"params\":{},\"title\":\"又想请假\",\"createTime\":1645622387914,\"id\":2}', '{\"msg\":\"操作成功\",\"code\":200}', '0', null, '2022-02-23 21:19:47');
INSERT INTO `sys_oper_log` VALUES ('29', '员工请假', '1', 'com.ruoyi.business.controller.BizLeaveController.add()', 'POST', '1', 'admin', null, '/business/leave', '127.0.0.1', '内网IP', '{\"reason\":\"2\",\"params\":{},\"title\":\"1\",\"createTime\":1645622394784,\"id\":3}', '{\"msg\":\"操作成功\",\"code\":200}', '0', null, '2022-02-23 21:19:54');
INSERT INTO `sys_oper_log` VALUES ('30', '个人信息', '2', 'com.ruoyi.web.controller.system.SysProfileController.updateProfile()', 'PUT', '1', 'admin', null, '/system/user/profile', '127.0.0.1', '内网IP', '{\"roles\":[{\"flag\":false,\"roleId\":1,\"admin\":true,\"dataScope\":\"1\",\"params\":{},\"roleSort\":\"1\",\"deptCheckStrictly\":false,\"menuCheckStrictly\":false,\"roleKey\":\"admin\",\"roleName\":\"超级管理员\",\"status\":\"0\"}],\"phonenumber\":\"15888888888\",\"admin\":true,\"loginDate\":1645610451000,\"remark\":\"管理员\",\"delFlag\":\"0\",\"loginIp\":\"127.0.0.1\",\"email\":\"ry@163.com\",\"nickName\":\"管理员1\",\"sex\":\"1\",\"deptId\":103,\"avatar\":\"\",\"dept\":{\"deptName\":\"研发部门\",\"leader\":\"若依\",\"deptId\":103,\"orderNum\":\"1\",\"params\":{},\"parentId\":101,\"children\":[],\"status\":\"0\"},\"params\":{},\"userName\":\"admin\",\"userId\":1,\"createBy\":\"admin\",\"createTime\":1645364064000,\"status\":\"0\"}', '{\"msg\":\"操作成功\",\"code\":200}', '0', null, '2022-02-23 22:16:45');
INSERT INTO `sys_oper_log` VALUES ('31', '个人信息', '2', 'com.ruoyi.web.controller.system.SysProfileController.updateProfile()', 'PUT', '1', 'admin', null, '/system/user/profile', '127.0.0.1', '内网IP', '{\"roles\":[{\"flag\":false,\"roleId\":1,\"admin\":true,\"dataScope\":\"1\",\"params\":{},\"roleSort\":\"1\",\"deptCheckStrictly\":false,\"menuCheckStrictly\":false,\"roleKey\":\"admin\",\"roleName\":\"超级管理员\",\"status\":\"0\"}],\"phonenumber\":\"15888888888\",\"admin\":true,\"loginDate\":1645610451000,\"remark\":\"管理员\",\"delFlag\":\"0\",\"loginIp\":\"127.0.0.1\",\"email\":\"ry@163.com\",\"nickName\":\"管理员\",\"sex\":\"1\",\"deptId\":103,\"avatar\":\"\",\"dept\":{\"deptName\":\"研发部门\",\"leader\":\"若依\",\"deptId\":103,\"orderNum\":\"1\",\"params\":{},\"parentId\":101,\"children\":[],\"status\":\"0\"},\"params\":{},\"userName\":\"admin\",\"userId\":1,\"createBy\":\"admin\",\"createTime\":1645364064000,\"status\":\"0\"}', '{\"msg\":\"操作成功\",\"code\":200}', '0', null, '2022-02-23 22:17:01');
INSERT INTO `sys_oper_log` VALUES ('32', '角色管理', '2', 'com.ruoyi.web.controller.system.SysRoleController.edit()', 'PUT', '1', 'admin', null, '/system/role', '127.0.0.1', '内网IP', '{\"flag\":false,\"roleId\":2,\"admin\":false,\"remark\":\"普通角色\",\"dataScope\":\"2\",\"delFlag\":\"0\",\"params\":{},\"roleSort\":\"2\",\"deptCheckStrictly\":true,\"createTime\":1645364064000,\"updateBy\":\"admin\",\"menuCheckStrictly\":true,\"roleKey\":\"common\",\"roleName\":\"普通角色\",\"menuIds\":[1062,1,100,1001,1002,1003,1004,1005,1006,1007,101,1008,1009,1010,1011,1012,102,1013,1014,1015,1016,103,1017,1018,1019,1020,104,1021,1022,1023,1024,1025,105,1026,1027,1028,1029,1030,106,1031,1032,1033,1034,1035,107,1036,1037,1038,1039,108,500,1040,1041,1042,501,1043,1044,1045,2,109,1046,1047,1048,110,1049,1050,1051,1052,1053,1054,111,112,113,3,114,115,1055,1056,1058,1057,1059,1060,116,4,1061,1068,1069,1070,1071,1072,1073,1063],\"status\":\"0\"}', '{\"msg\":\"操作成功\",\"code\":200}', '0', null, '2022-02-24 15:04:20');
INSERT INTO `sys_oper_log` VALUES ('33', '菜单管理', '1', 'com.ruoyi.web.controller.system.SysMenuController.add()', 'POST', '1', 'admin', null, '/system/menu', '127.0.0.1', '内网IP', '{\"visible\":\"0\",\"icon\":\"example\",\"orderNum\":5,\"menuName\":\"流程中心\",\"params\":{},\"parentId\":1062,\"isCache\":\"0\",\"path\":\"http://localhost/portal/center.html\",\"createBy\":\"admin\",\"children\":[],\"isFrame\":\"1\",\"menuType\":\"C\",\"status\":\"0\"}', '{\"msg\":\"操作成功\",\"code\":200}', '0', null, '2022-02-24 16:02:45');
INSERT INTO `sys_oper_log` VALUES ('34', '菜单管理', '2', 'com.ruoyi.web.controller.system.SysMenuController.edit()', 'PUT', '1', 'admin', null, '/system/menu', '127.0.0.1', '内网IP', '{\"visible\":\"0\",\"icon\":\"example\",\"orderNum\":5,\"menuName\":\"流程中心\",\"params\":{},\"parentId\":1062,\"isCache\":\"0\",\"path\":\"http://localhost/dev-api/portal/center.html\",\"children\":[],\"createTime\":1645689765000,\"updateBy\":\"admin\",\"isFrame\":\"1\",\"menuId\":1074,\"menuType\":\"C\",\"perms\":\"\",\"status\":\"0\"}', '{\"msg\":\"操作成功\",\"code\":200}', '0', null, '2022-02-24 16:03:03');
INSERT INTO `sys_oper_log` VALUES ('35', '菜单管理', '2', 'com.ruoyi.web.controller.system.SysMenuController.edit()', 'PUT', '1', 'admin', null, '/system/menu', '127.0.0.1', '内网IP', '{\"visible\":\"0\",\"icon\":\"build\",\"orderNum\":1,\"menuName\":\"基础信息\",\"params\":{},\"parentId\":1062,\"isCache\":\"0\",\"path\":\"http://localhost/dev-api/basedata/list2.html\",\"children\":[],\"createTime\":1645447217000,\"updateBy\":\"admin\",\"isFrame\":\"1\",\"menuId\":1064,\"menuType\":\"C\",\"perms\":\"\",\"status\":\"0\"}', '{\"msg\":\"操作成功\",\"code\":200}', '0', null, '2022-02-24 18:52:21');
INSERT INTO `sys_oper_log` VALUES ('36', '菜单管理', '1', 'com.ruoyi.web.controller.system.SysMenuController.add()', 'POST', '1', 'admin', null, '/system/menu', '127.0.0.1', '内网IP', '{\"visible\":\"0\",\"icon\":\"component\",\"orderNum\":6,\"menuName\":\"流程实例\",\"params\":{},\"parentId\":1062,\"isCache\":\"0\",\"path\":\"http://localhost/dev-api/instance/list.html\",\"createBy\":\"admin\",\"children\":[],\"isFrame\":\"1\",\"menuType\":\"C\",\"status\":\"0\"}', '{\"msg\":\"操作成功\",\"code\":200}', '0', null, '2022-02-24 22:36:21');
INSERT INTO `sys_oper_log` VALUES ('37', '菜单管理', '2', 'com.ruoyi.web.controller.system.SysMenuController.edit()', 'PUT', '1', 'admin', null, '/system/menu', '127.0.0.1', '内网IP', '{\"visible\":\"0\",\"icon\":\"international\",\"orderNum\":7,\"menuName\":\"门户首页\",\"params\":{},\"parentId\":1062,\"isCache\":\"1\",\"path\":\"http://localhost/dev-api/portal/portlet2.html\",\"children\":[],\"createTime\":1645446803000,\"updateBy\":\"admin\",\"isFrame\":\"0\",\"menuId\":1063,\"menuType\":\"C\",\"perms\":\"\",\"status\":\"0\"}', '{\"msg\":\"操作成功\",\"code\":200}', '0', null, '2022-02-24 22:36:53');
INSERT INTO `sys_oper_log` VALUES ('38', '菜单管理', '1', 'com.ruoyi.web.controller.system.SysMenuController.add()', 'POST', '1', 'admin', null, '/system/menu', '127.0.0.1', '内网IP', '{\"visible\":\"0\",\"icon\":\"email\",\"orderNum\":8,\"menuName\":\"消息中心\",\"params\":{},\"parentId\":1062,\"isCache\":\"0\",\"path\":\"http://localhost/dev-api/message/list.html\",\"createBy\":\"admin\",\"children\":[],\"isFrame\":\"1\",\"menuType\":\"C\",\"status\":\"0\"}', '{\"msg\":\"操作成功\",\"code\":200}', '0', null, '2022-02-24 22:37:47');
INSERT INTO `sys_oper_log` VALUES ('39', '菜单管理', '2', 'com.ruoyi.web.controller.system.SysMenuController.edit()', 'PUT', '1', 'admin', null, '/system/menu', '127.0.0.1', '内网IP', '{\"visible\":\"0\",\"icon\":\"tool\",\"orderNum\":3,\"menuName\":\"流程模型\",\"params\":{},\"parentId\":1062,\"isCache\":\"0\",\"path\":\"http://localhost/dev-api/modeler/list.html?category=0\",\"children\":[],\"createTime\":1645541941000,\"updateBy\":\"admin\",\"isFrame\":\"1\",\"menuId\":1066,\"menuType\":\"C\",\"perms\":\"\",\"status\":\"0\"}', '{\"msg\":\"操作成功\",\"code\":200}', '0', null, '2022-02-24 22:53:47');
INSERT INTO `sys_oper_log` VALUES ('40', '菜单管理', '2', 'com.ruoyi.web.controller.system.SysMenuController.edit()', 'PUT', '1', 'admin', null, '/system/menu', '127.0.0.1', '内网IP', '{\"visible\":\"0\",\"icon\":\"tool\",\"orderNum\":3,\"menuName\":\"流程模型\",\"params\":{},\"parentId\":1062,\"isCache\":\"0\",\"path\":\"http://localhost/dev-api/modeler/list.html/?category=0\",\"children\":[],\"createTime\":1645541941000,\"updateBy\":\"admin\",\"isFrame\":\"1\",\"menuId\":1066,\"menuType\":\"C\",\"perms\":\"\",\"status\":\"0\"}', '{\"msg\":\"操作成功\",\"code\":200}', '0', null, '2022-02-24 22:57:09');
INSERT INTO `sys_oper_log` VALUES ('41', '菜单管理', '2', 'com.ruoyi.web.controller.system.SysMenuController.edit()', 'PUT', '1', 'admin', null, '/system/menu', '127.0.0.1', '内网IP', '{\"visible\":\"0\",\"icon\":\"tool\",\"orderNum\":3,\"menuName\":\"流程模型\",\"params\":{},\"parentId\":1062,\"isCache\":\"0\",\"path\":\"http://localhost/dev-api/modeler/list.html\",\"children\":[],\"createTime\":1645541941000,\"updateBy\":\"admin\",\"isFrame\":\"1\",\"menuId\":1066,\"menuType\":\"C\",\"perms\":\"\",\"status\":\"0\"}', '{\"msg\":\"操作成功\",\"code\":200}', '0', null, '2022-02-24 22:57:59');
INSERT INTO `sys_oper_log` VALUES ('42', '菜单管理', '1', 'com.ruoyi.web.controller.system.SysMenuController.add()', 'POST', '1', 'admin', null, '/system/menu', '127.0.0.1', '内网IP', '{\"visible\":\"0\",\"icon\":\"clipboard\",\"orderNum\":9,\"menuName\":\"权限增强\",\"params\":{},\"parentId\":1062,\"isCache\":\"0\",\"path\":\"#\",\"createBy\":\"admin\",\"children\":[],\"isFrame\":\"1\",\"menuType\":\"M\",\"status\":\"0\"}', '{\"msg\":\"操作成功\",\"code\":200}', '0', null, '2022-02-28 19:02:58');
INSERT INTO `sys_oper_log` VALUES ('43', '菜单管理', '1', 'com.ruoyi.web.controller.system.SysMenuController.add()', 'POST', '1', 'admin', null, '/system/menu', '127.0.0.1', '内网IP', '{\"visible\":\"0\",\"icon\":\"peoples\",\"orderNum\":1,\"menuName\":\"用户管理\",\"params\":{},\"parentId\":1077,\"isCache\":\"0\",\"path\":\"/system/user/index\",\"component\":\"system/user/index\",\"createBy\":\"admin\",\"children\":[],\"isFrame\":\"1\",\"menuType\":\"C\",\"status\":\"0\"}', '{\"msg\":\"操作成功\",\"code\":200}', '0', null, '2022-02-28 19:04:55');
INSERT INTO `sys_oper_log` VALUES ('44', '菜单管理', '2', 'com.ruoyi.web.controller.system.SysMenuController.edit()', 'PUT', '1', 'admin', null, '/system/menu', '127.0.0.1', '内网IP', '{\"visible\":\"0\",\"icon\":\"peoples\",\"orderNum\":1,\"menuName\":\"用户管理\",\"params\":{},\"parentId\":1077,\"isCache\":\"0\",\"path\":\"/system/user\",\"component\":\"system/user/index\",\"children\":[],\"createTime\":1646046295000,\"updateBy\":\"admin\",\"isFrame\":\"1\",\"menuId\":1078,\"menuType\":\"C\",\"perms\":\"\",\"status\":\"0\"}', '{\"msg\":\"操作成功\",\"code\":200}', '0', null, '2022-02-28 19:05:16');
INSERT INTO `sys_oper_log` VALUES ('45', '菜单管理', '3', 'com.ruoyi.web.controller.system.SysMenuController.remove()', 'DELETE', '1', 'admin', null, '/system/menu/1077', '127.0.0.1', '内网IP', '{menuId=1077}', '{\"msg\":\"存在子菜单,不允许删除\",\"code\":500}', '0', null, '2022-02-28 19:07:27');
INSERT INTO `sys_oper_log` VALUES ('46', '菜单管理', '3', 'com.ruoyi.web.controller.system.SysMenuController.remove()', 'DELETE', '1', 'admin', null, '/system/menu/1078', '127.0.0.1', '内网IP', '{menuId=1078}', '{\"msg\":\"操作成功\",\"code\":200}', '0', null, '2022-02-28 19:07:33');
INSERT INTO `sys_oper_log` VALUES ('47', '菜单管理', '1', 'com.ruoyi.web.controller.system.SysMenuController.add()', 'POST', '1', 'admin', null, '/system/menu', '127.0.0.1', '内网IP', '{\"visible\":\"0\",\"icon\":\"build\",\"orderNum\":4,\"menuName\":\"流程定义2\",\"params\":{},\"parentId\":1062,\"isCache\":\"0\",\"path\":\"http://localhost/dev-api/definition/list.html?category=0\",\"createBy\":\"admin\",\"children\":[],\"isFrame\":\"0\",\"menuType\":\"C\",\"status\":\"0\"}', '{\"msg\":\"操作成功\",\"code\":200}', '0', null, '2022-03-02 13:52:35');
INSERT INTO `sys_oper_log` VALUES ('48', '菜单管理', '2', 'com.ruoyi.web.controller.system.SysMenuController.edit()', 'PUT', '1', 'admin', null, '/system/menu', '127.0.0.1', '内网IP', '{\"visible\":\"0\",\"icon\":\"build\",\"orderNum\":4,\"menuName\":\"流程定义[外链]\",\"params\":{},\"parentId\":1062,\"isCache\":\"0\",\"path\":\"http://localhost/dev-api/definition/list.html?category=0\",\"children\":[],\"createTime\":1646200354000,\"updateBy\":\"admin\",\"isFrame\":\"0\",\"menuId\":1079,\"menuType\":\"C\",\"perms\":\"\",\"status\":\"0\"}', '{\"msg\":\"操作成功\",\"code\":200}', '0', null, '2022-03-02 13:55:16');
INSERT INTO `sys_oper_log` VALUES ('49', '菜单管理', '2', 'com.ruoyi.web.controller.system.SysMenuController.edit()', 'PUT', '1', 'admin', null, '/system/menu', '127.0.0.1', '内网IP', '{\"visible\":\"0\",\"icon\":\"example\",\"orderNum\":5,\"menuName\":\"流程中心\",\"params\":{},\"parentId\":1062,\"isCache\":\"0\",\"path\":\"http://localhost/dev-api/portal/center2.html\",\"children\":[],\"createTime\":1645689765000,\"updateBy\":\"admin\",\"isFrame\":\"1\",\"menuId\":1074,\"menuType\":\"C\",\"perms\":\"\",\"status\":\"0\"}', '{\"msg\":\"操作成功\",\"code\":200}', '0', null, '2022-03-02 16:05:47');
INSERT INTO `sys_oper_log` VALUES ('50', '角色管理', '2', 'com.ruoyi.web.controller.system.SysRoleController.edit()', 'PUT', '1', 'admin', null, '/system/role', '127.0.0.1', '内网IP', '{\"flag\":false,\"roleId\":2,\"admin\":false,\"remark\":\"普通角色\",\"dataScope\":\"2\",\"delFlag\":\"0\",\"params\":{},\"roleSort\":\"2\",\"deptCheckStrictly\":true,\"createTime\":1645364064000,\"updateBy\":\"admin\",\"menuCheckStrictly\":true,\"roleKey\":\"common\",\"roleName\":\"普通角色\",\"menuIds\":[1062,1,100,1001,1002,1003,1004,1005,1006,1007,101,1008,1009,1010,1011,1012,102,1013,1014,1015,1016,103,1017,1018,1019,1020,104,1021,1022,1023,1024,1025,105,1026,1027,1028,1029,1030,106,1031,1032,1033,1034,1035,107,1036,1037,1038,1039,108,500,1040,1041,1042,501,1043,1044,1045,2,109,1046,1047,1048,110,1049,1050,1051,1052,1053,1054,111,112,113,3,114,115,1055,1056,1058,1057,1059,1060,116,4,1061,1068,1069,1070,1071,1072,1073,1074,1063,1076],\"status\":\"0\"}', '{\"msg\":\"操作成功\",\"code\":200}', '0', null, '2022-03-02 16:06:46');
INSERT INTO `sys_oper_log` VALUES ('51', '菜单管理', '2', 'com.ruoyi.web.controller.system.SysMenuController.edit()', 'PUT', '1', 'admin', null, '/system/menu', '127.0.0.1', '内网IP', '{\"visible\":\"0\",\"icon\":\"component\",\"orderNum\":6,\"menuName\":\"流程实例\",\"params\":{},\"parentId\":1062,\"isCache\":\"0\",\"path\":\"http://localhost/dev-api/instance/list2.html\",\"children\":[],\"createTime\":1645713381000,\"updateBy\":\"admin\",\"isFrame\":\"1\",\"menuId\":1075,\"menuType\":\"C\",\"perms\":\"\",\"status\":\"0\"}', '{\"msg\":\"操作成功\",\"code\":200}', '0', null, '2022-03-02 16:35:58');
INSERT INTO `sys_oper_log` VALUES ('52', '菜单管理', '2', 'com.ruoyi.web.controller.system.SysMenuController.edit()', 'PUT', '1', 'admin', null, '/system/menu', '127.0.0.1', '内网IP', '{\"visible\":\"0\",\"icon\":\"cascader\",\"orderNum\":99,\"menuName\":\"工作流系统\",\"params\":{},\"parentId\":0,\"isCache\":\"0\",\"path\":\"workflow\",\"children\":[],\"createTime\":1645446723000,\"updateBy\":\"admin\",\"isFrame\":\"1\",\"menuId\":1062,\"menuType\":\"M\",\"perms\":\"\",\"status\":\"0\"}', '{\"msg\":\"操作成功\",\"code\":200}', '0', null, '2022-03-02 18:51:00');
INSERT INTO `sys_oper_log` VALUES ('53', '菜单管理', '2', 'com.ruoyi.web.controller.system.SysMenuController.edit()', 'PUT', '1', 'admin', null, '/system/menu', '127.0.0.1', '内网IP', '{\"visible\":\"0\",\"icon\":\"edit\",\"orderNum\":4,\"menuName\":\"流程定义\",\"params\":{},\"parentId\":1062,\"isCache\":\"0\",\"path\":\"http://localhost/dev-api/definition/list.html?category=0\",\"children\":[],\"createTime\":1645545246000,\"updateBy\":\"admin\",\"isFrame\":\"1\",\"menuId\":1067,\"menuType\":\"C\",\"perms\":\"\",\"status\":\"0\"}', '{\"msg\":\"操作成功\",\"code\":200}', '0', null, '2022-03-02 18:51:55');
INSERT INTO `sys_oper_log` VALUES ('54', '菜单管理', '2', 'com.ruoyi.web.controller.system.SysMenuController.edit()', 'PUT', '1', 'admin', null, '/system/menu', '127.0.0.1', '内网IP', '{\"visible\":\"0\",\"icon\":\"edit\",\"orderNum\":4,\"menuName\":\"流程定义\",\"params\":{},\"parentId\":1062,\"isCache\":\"0\",\"path\":\"http://localhost/dev-api/definition/list.html\",\"children\":[],\"createTime\":1645545246000,\"updateBy\":\"admin\",\"isFrame\":\"1\",\"menuId\":1067,\"menuType\":\"C\",\"perms\":\"\",\"status\":\"0\"}', '{\"msg\":\"操作成功\",\"code\":200}', '0', null, '2022-03-02 18:52:36');
INSERT INTO `sys_oper_log` VALUES ('55', '菜单管理', '1', 'com.ruoyi.web.controller.system.SysMenuController.add()', 'POST', '1', 'admin', null, '/system/menu', '127.0.0.1', '内网IP', '{\"visible\":\"0\",\"icon\":\"documentation\",\"orderNum\":9,\"menuName\":\"权限增强\",\"params\":{},\"parentId\":1062,\"isCache\":\"0\",\"path\":\"power\",\"createBy\":\"admin\",\"children\":[],\"isFrame\":\"1\",\"menuType\":\"M\",\"status\":\"0\"}', '{\"msg\":\"操作成功\",\"code\":200}', '0', null, '2022-03-02 18:53:02');
INSERT INTO `sys_oper_log` VALUES ('56', '菜单管理', '1', 'com.ruoyi.web.controller.system.SysMenuController.add()', 'POST', '1', 'admin', null, '/system/menu', '127.0.0.1', '内网IP', '{\"visible\":\"0\",\"icon\":\"peoples\",\"orderNum\":1,\"menuName\":\"用户管理\",\"params\":{},\"parentId\":1080,\"isCache\":\"0\",\"path\":\"user\",\"component\":\"system/user/index\",\"createBy\":\"admin\",\"children\":[],\"isFrame\":\"1\",\"menuType\":\"C\",\"status\":\"0\"}', '{\"msg\":\"操作成功\",\"code\":200}', '0', null, '2022-03-02 18:54:03');
INSERT INTO `sys_oper_log` VALUES ('57', '菜单管理', '1', 'com.ruoyi.web.controller.system.SysMenuController.add()', 'POST', '1', 'admin', null, '/system/menu', '127.0.0.1', '内网IP', '{\"visible\":\"0\",\"icon\":\"people\",\"orderNum\":2,\"menuName\":\"角色管理\",\"params\":{},\"parentId\":1080,\"isCache\":\"0\",\"path\":\"role\",\"component\":\"system/role/index\",\"createBy\":\"admin\",\"children\":[],\"isFrame\":\"1\",\"menuType\":\"C\",\"status\":\"0\"}', '{\"msg\":\"操作成功\",\"code\":200}', '0', null, '2022-03-02 19:00:29');
INSERT INTO `sys_oper_log` VALUES ('58', '菜单管理', '1', 'com.ruoyi.web.controller.system.SysMenuController.add()', 'POST', '1', 'admin', null, '/system/menu', '127.0.0.1', '内网IP', '{\"visible\":\"0\",\"icon\":\"list\",\"orderNum\":3,\"menuName\":\"部门管理\",\"params\":{},\"parentId\":1080,\"isCache\":\"0\",\"path\":\"dept\",\"component\":\"system/dept/index\",\"createBy\":\"admin\",\"children\":[],\"isFrame\":\"1\",\"menuType\":\"C\",\"status\":\"0\"}', '{\"msg\":\"操作成功\",\"code\":200}', '0', null, '2022-03-02 19:10:53');
INSERT INTO `sys_oper_log` VALUES ('59', '菜单管理', '1', 'com.ruoyi.web.controller.system.SysMenuController.add()', 'POST', '1', 'admin', null, '/system/menu', '127.0.0.1', '内网IP', '{\"visible\":\"0\",\"icon\":\"email\",\"orderNum\":4,\"menuName\":\"岗位管理\",\"params\":{},\"parentId\":1080,\"isCache\":\"0\",\"path\":\"post\",\"component\":\"system/post/index\",\"createBy\":\"admin\",\"children\":[],\"isFrame\":\"1\",\"menuType\":\"C\",\"status\":\"0\"}', '{\"msg\":\"操作成功\",\"code\":200}', '0', null, '2022-03-02 19:11:35');
INSERT INTO `sys_oper_log` VALUES ('60', '菜单管理', '1', 'com.ruoyi.web.controller.system.SysMenuController.add()', 'POST', '1', 'admin', null, '/system/menu', '127.0.0.1', '内网IP', '{\"visible\":\"0\",\"icon\":\"cascader\",\"orderNum\":5,\"menuName\":\"岗位汇报关系\",\"params\":{},\"parentId\":1080,\"isCache\":\"0\",\"path\":\"http://localhost/dev-api/postRelation/list.html\",\"createBy\":\"admin\",\"children\":[],\"isFrame\":\"1\",\"menuType\":\"C\",\"status\":\"0\"}', '{\"msg\":\"操作成功\",\"code\":200}', '0', null, '2022-03-02 19:12:41');
INSERT INTO `sys_oper_log` VALUES ('61', '菜单管理', '2', 'com.ruoyi.web.controller.system.SysMenuController.edit()', 'PUT', '1', 'admin', null, '/system/menu', '127.0.0.1', '内网IP', '{\"visible\":\"0\",\"icon\":\"email\",\"orderNum\":4,\"menuName\":\"岗位管理\",\"params\":{},\"parentId\":1080,\"isCache\":\"0\",\"path\":\"http://localhost/dev-api/post/list.html\",\"component\":\"\",\"children\":[],\"createTime\":1646219495000,\"updateBy\":\"admin\",\"isFrame\":\"1\",\"menuId\":1084,\"menuType\":\"C\",\"perms\":\"\",\"status\":\"0\"}', '{\"msg\":\"操作成功\",\"code\":200}', '0', null, '2022-03-02 19:13:08');
INSERT INTO `sys_oper_log` VALUES ('62', '菜单管理', '2', 'com.ruoyi.web.controller.system.SysMenuController.edit()', 'PUT', '1', 'admin', null, '/system/menu', '127.0.0.1', '内网IP', '{\"visible\":\"0\",\"icon\":\"list\",\"orderNum\":3,\"menuName\":\"部门管理\",\"params\":{},\"parentId\":1080,\"isCache\":\"0\",\"path\":\"http://localhost/dev-api/dept/list.html\",\"component\":\"\",\"children\":[],\"createTime\":1646219453000,\"updateBy\":\"admin\",\"isFrame\":\"1\",\"menuId\":1083,\"menuType\":\"C\",\"perms\":\"\",\"status\":\"0\"}', '{\"msg\":\"操作成功\",\"code\":200}', '0', null, '2022-03-02 19:13:28');
INSERT INTO `sys_oper_log` VALUES ('63', '菜单管理', '2', 'com.ruoyi.web.controller.system.SysMenuController.edit()', 'PUT', '1', 'admin', null, '/system/menu', '127.0.0.1', '内网IP', '{\"visible\":\"1\",\"icon\":\"build\",\"orderNum\":4,\"menuName\":\"流程定义[外链]\",\"params\":{},\"parentId\":1062,\"isCache\":\"0\",\"path\":\"http://localhost/dev-api/definition/list.html?category=0\",\"children\":[],\"createTime\":1646200354000,\"updateBy\":\"admin\",\"isFrame\":\"0\",\"menuId\":1079,\"menuType\":\"C\",\"perms\":\"\",\"status\":\"0\"}', '{\"msg\":\"操作成功\",\"code\":200}', '0', null, '2022-03-02 19:51:17');
INSERT INTO `sys_oper_log` VALUES ('64', '菜单管理', '1', 'com.ruoyi.web.controller.system.SysMenuController.add()', 'POST', '1', 'admin', null, '/system/menu', '127.0.0.1', '内网IP', '{\"visible\":\"0\",\"icon\":\"peoples\",\"orderNum\":6,\"menuName\":\"用户组\",\"params\":{},\"parentId\":1080,\"isCache\":\"0\",\"path\":\"http://localhost/dev-api/userGroup/list.html\",\"createBy\":\"admin\",\"children\":[],\"isFrame\":\"1\",\"menuType\":\"C\",\"status\":\"0\"}', '{\"msg\":\"操作成功\",\"code\":200}', '0', null, '2022-03-02 20:54:49');
INSERT INTO `sys_oper_log` VALUES ('65', '菜单管理', '2', 'com.ruoyi.web.controller.system.SysMenuController.edit()', 'PUT', '1', 'admin', null, '/system/menu', '127.0.0.1', '内网IP', '{\"visible\":\"0\",\"query\":\"{\\\"category\\\":0}\",\"icon\":\"tool\",\"orderNum\":3,\"menuName\":\"流程模型\",\"params\":{},\"parentId\":1062,\"isCache\":\"0\",\"path\":\"http://localhost/dev-api/modeler/list.html\",\"children\":[],\"createTime\":1645541941000,\"updateBy\":\"admin\",\"isFrame\":\"1\",\"menuId\":1066,\"menuType\":\"C\",\"perms\":\"\",\"status\":\"0\"}', '{\"msg\":\"操作成功\",\"code\":200}', '0', null, '2022-03-24 15:19:57');
INSERT INTO `sys_oper_log` VALUES ('66', '菜单管理', '2', 'com.ruoyi.web.controller.system.SysMenuController.edit()', 'PUT', '1', 'admin', null, '/system/menu', '127.0.0.1', '内网IP', '{\"visible\":\"0\",\"query\":\"{\\\"category\\\":0}\",\"icon\":\"tool\",\"orderNum\":3,\"menuName\":\"流程模型\",\"params\":{},\"parentId\":1062,\"isCache\":\"0\",\"path\":\"http://localhost/dev-api/modeler/list.html#category=0\",\"children\":[],\"createTime\":1645541941000,\"updateBy\":\"admin\",\"isFrame\":\"1\",\"menuId\":1066,\"menuType\":\"C\",\"perms\":\"\",\"status\":\"0\"}', '{\"msg\":\"操作成功\",\"code\":200}', '0', null, '2022-03-24 16:20:56');
INSERT INTO `sys_oper_log` VALUES ('67', '菜单管理', '2', 'com.ruoyi.web.controller.system.SysMenuController.edit()', 'PUT', '1', 'admin', null, '/system/menu', '127.0.0.1', '内网IP', '{\"visible\":\"0\",\"query\":\"{\\\"category\\\":0}\",\"icon\":\"tool\",\"orderNum\":3,\"menuName\":\"流程模型\",\"params\":{},\"parentId\":1062,\"isCache\":\"0\",\"path\":\"http://localhost/dev-api/modeler/list.html/category=0\",\"children\":[],\"createTime\":1645541941000,\"updateBy\":\"admin\",\"isFrame\":\"1\",\"menuId\":1066,\"menuType\":\"C\",\"perms\":\"\",\"status\":\"0\"}', '{\"msg\":\"操作成功\",\"code\":200}', '0', null, '2022-03-24 16:21:38');
INSERT INTO `sys_oper_log` VALUES ('68', '菜单管理', '2', 'com.ruoyi.web.controller.system.SysMenuController.edit()', 'PUT', '1', 'admin', null, '/system/menu', '127.0.0.1', '内网IP', '{\"visible\":\"0\",\"query\":\"{\\\"category\\\":0}\",\"icon\":\"tool\",\"orderNum\":3,\"menuName\":\"流程模型\",\"params\":{},\"parentId\":1062,\"isCache\":\"0\",\"path\":\"http://localhost/dev-api/modeler/list.html?category_0\",\"children\":[],\"createTime\":1645541941000,\"updateBy\":\"admin\",\"isFrame\":\"1\",\"menuId\":1066,\"menuType\":\"C\",\"perms\":\"\",\"status\":\"0\"}', '{\"msg\":\"操作成功\",\"code\":200}', '0', null, '2022-03-24 16:23:07');
INSERT INTO `sys_oper_log` VALUES ('69', '菜单管理', '2', 'com.ruoyi.web.controller.system.SysMenuController.edit()', 'PUT', '1', 'admin', null, '/system/menu', '127.0.0.1', '内网IP', '{\"visible\":\"0\",\"query\":\"\",\"icon\":\"tool\",\"orderNum\":3,\"menuName\":\"流程模型\",\"params\":{},\"parentId\":1062,\"isCache\":\"0\",\"path\":\"http://localhost/dev-api/modeler/list.html\",\"children\":[],\"createTime\":1645541941000,\"updateBy\":\"admin\",\"isFrame\":\"1\",\"menuId\":1066,\"menuType\":\"C\",\"perms\":\"\",\"status\":\"0\"}', '{\"msg\":\"操作成功\",\"code\":200}', '0', null, '2022-03-24 17:03:13');
INSERT INTO `sys_oper_log` VALUES ('70', '菜单管理', '1', 'com.ruoyi.web.controller.system.SysMenuController.add()', 'POST', '1', 'admin', null, '/system/menu', '127.0.0.1', '内网IP', '{\"visible\":\"0\",\"icon\":\"system\",\"orderNum\":10,\"menuName\":\"基础增强\",\"params\":{},\"parentId\":1062,\"isCache\":\"0\",\"path\":\"base\",\"createBy\":\"admin\",\"children\":[],\"isFrame\":\"1\",\"menuType\":\"M\",\"status\":\"0\"}', '{\"msg\":\"操作成功\",\"code\":200}', '0', null, '2022-03-24 19:46:56');
INSERT INTO `sys_oper_log` VALUES ('71', '菜单管理', '1', 'com.ruoyi.web.controller.system.SysMenuController.add()', 'POST', '1', 'admin', null, '/system/menu', '127.0.0.1', '内网IP', '{\"visible\":\"0\",\"icon\":\"edit\",\"orderNum\":1,\"menuName\":\"流程标题配置\",\"params\":{},\"parentId\":1087,\"isCache\":\"0\",\"path\":\"http://localhost/dev-api/title/list.html\",\"createBy\":\"admin\",\"children\":[],\"isFrame\":\"1\",\"menuType\":\"C\",\"status\":\"0\"}', '{\"msg\":\"操作成功\",\"code\":200}', '0', null, '2022-03-24 19:47:46');
INSERT INTO `sys_oper_log` VALUES ('72', '菜单管理', '1', 'com.ruoyi.web.controller.system.SysMenuController.add()', 'POST', '1', 'admin', null, '/system/menu', '127.0.0.1', '内网IP', '{\"visible\":\"0\",\"icon\":\"upload\",\"orderNum\":2,\"menuName\":\"附件上传配置\",\"params\":{},\"parentId\":1087,\"isCache\":\"0\",\"path\":\"http://localhost/dev-api/oss/list.html\",\"createBy\":\"admin\",\"children\":[],\"isFrame\":\"1\",\"menuType\":\"C\",\"status\":\"0\"}', '{\"msg\":\"操作成功\",\"code\":200}', '0', null, '2022-03-24 19:48:22');
INSERT INTO `sys_oper_log` VALUES ('73', '菜单管理', '1', 'com.ruoyi.web.controller.system.SysMenuController.add()', 'POST', '1', 'admin', null, '/system/menu', '127.0.0.1', '内网IP', '{\"visible\":\"0\",\"icon\":\"documentation\",\"orderNum\":11,\"menuName\":\"在线表单\",\"params\":{},\"parentId\":1062,\"isCache\":\"0\",\"path\":\"online\",\"createBy\":\"admin\",\"children\":[],\"isFrame\":\"1\",\"menuType\":\"M\",\"status\":\"0\"}', '{\"msg\":\"操作成功\",\"code\":200}', '0', null, '2022-03-24 19:49:29');
INSERT INTO `sys_oper_log` VALUES ('74', '菜单管理', '1', 'com.ruoyi.web.controller.system.SysMenuController.add()', 'POST', '1', 'admin', null, '/system/menu', '127.0.0.1', '内网IP', '{\"visible\":\"0\",\"icon\":\"edit\",\"orderNum\":1,\"menuName\":\"表单设计\",\"params\":{},\"parentId\":1090,\"isCache\":\"0\",\"path\":\"http://localhost:8082\",\"createBy\":\"admin\",\"children\":[],\"isFrame\":\"1\",\"menuType\":\"C\",\"status\":\"0\"}', '{\"msg\":\"操作成功\",\"code\":200}', '0', null, '2022-03-24 19:50:02');
INSERT INTO `sys_oper_log` VALUES ('75', '菜单管理', '1', 'com.ruoyi.web.controller.system.SysMenuController.add()', 'POST', '1', 'admin', null, '/system/menu', '127.0.0.1', '内网IP', '{\"visible\":\"0\",\"icon\":\"list\",\"orderNum\":2,\"menuName\":\"表单列表\",\"params\":{},\"parentId\":1090,\"isCache\":\"0\",\"path\":\"http://localhost/form/list.html\",\"createBy\":\"admin\",\"children\":[],\"isFrame\":\"1\",\"menuType\":\"C\",\"status\":\"0\"}', '{\"msg\":\"操作成功\",\"code\":200}', '0', null, '2022-03-24 19:50:34');
INSERT INTO `sys_oper_log` VALUES ('76', '菜单管理', '1', 'com.ruoyi.web.controller.system.SysMenuController.add()', 'POST', '1', 'admin', null, '/system/menu', '127.0.0.1', '内网IP', '{\"visible\":\"0\",\"icon\":\"log\",\"orderNum\":3,\"menuName\":\"发起申请\",\"params\":{},\"parentId\":1090,\"isCache\":\"0\",\"path\":\"http://localhost/dev-api/apply/list.html\",\"createBy\":\"admin\",\"children\":[],\"isFrame\":\"1\",\"menuType\":\"C\",\"status\":\"0\"}', '{\"msg\":\"操作成功\",\"code\":200}', '0', null, '2022-03-24 19:51:14');
INSERT INTO `sys_oper_log` VALUES ('77', '菜单管理', '2', 'com.ruoyi.web.controller.system.SysMenuController.edit()', 'PUT', '1', 'admin', null, '/system/menu', '127.0.0.1', '内网IP', '{\"visible\":\"0\",\"icon\":\"list\",\"orderNum\":2,\"menuName\":\"表单列表\",\"params\":{},\"parentId\":1090,\"isCache\":\"0\",\"path\":\"http://localhost/dev-api/form/list.html\",\"children\":[],\"createTime\":1648122634000,\"updateBy\":\"admin\",\"isFrame\":\"1\",\"menuId\":1092,\"menuType\":\"C\",\"perms\":\"\",\"status\":\"0\"}', '{\"msg\":\"操作成功\",\"code\":200}', '0', null, '2022-03-24 19:53:10');
INSERT INTO `sys_oper_log` VALUES ('78', '菜单管理', '2', 'com.ruoyi.web.controller.system.SysMenuController.edit()', 'PUT', '1', 'admin', null, '/system/menu', '127.0.0.1', '内网IP', '{\"visible\":\"0\",\"icon\":\"peoples\",\"orderNum\":8,\"menuName\":\"用户组\",\"params\":{},\"parentId\":1080,\"isCache\":\"0\",\"path\":\"http://localhost/dev-api/userGroup/list.html\",\"children\":[],\"createTime\":1646225689000,\"updateBy\":\"admin\",\"isFrame\":\"1\",\"menuId\":1086,\"menuType\":\"C\",\"perms\":\"\",\"status\":\"0\"}', '{\"msg\":\"操作成功\",\"code\":200}', '0', null, '2022-03-24 19:57:44');
INSERT INTO `sys_oper_log` VALUES ('79', '菜单管理', '1', 'com.ruoyi.web.controller.system.SysMenuController.add()', 'POST', '1', 'admin', null, '/system/menu', '127.0.0.1', '内网IP', '{\"visible\":\"0\",\"icon\":\"peoples\",\"orderNum\":6,\"menuName\":\"岗位成员\",\"params\":{},\"parentId\":1080,\"isCache\":\"0\",\"path\":\"http://localhost/dev-api/userPost.html\",\"createBy\":\"admin\",\"children\":[],\"isFrame\":\"1\",\"menuType\":\"C\",\"status\":\"0\"}', '{\"msg\":\"操作成功\",\"code\":200}', '0', null, '2022-03-24 19:58:30');
INSERT INTO `sys_oper_log` VALUES ('80', '菜单管理', '1', 'com.ruoyi.web.controller.system.SysMenuController.add()', 'POST', '1', 'admin', null, '/system/menu', '127.0.0.1', '内网IP', '{\"visible\":\"0\",\"icon\":\"tree\",\"orderNum\":7,\"menuName\":\"部门成员\",\"params\":{},\"parentId\":1080,\"isCache\":\"0\",\"path\":\"http://localhost/dev-api/userDept/list.html\",\"createBy\":\"admin\",\"children\":[],\"isFrame\":\"1\",\"menuType\":\"C\",\"status\":\"0\"}', '{\"msg\":\"操作成功\",\"code\":200}', '0', null, '2022-03-24 19:59:19');
INSERT INTO `sys_oper_log` VALUES ('81', '菜单管理', '1', 'com.ruoyi.web.controller.system.SysMenuController.add()', 'POST', '1', 'admin', null, '/system/menu', '127.0.0.1', '内网IP', '{\"visible\":\"0\",\"icon\":\"button\",\"orderNum\":9,\"menuName\":\"功能按钮\",\"params\":{},\"parentId\":1080,\"isCache\":\"0\",\"path\":\"http://localhost/dev-api/funBtn.html\",\"createBy\":\"admin\",\"children\":[],\"isFrame\":\"1\",\"menuType\":\"C\",\"status\":\"0\"}', '{\"msg\":\"操作成功\",\"code\":200}', '0', null, '2022-03-24 20:00:05');
INSERT INTO `sys_oper_log` VALUES ('82', '菜单管理', '1', 'com.ruoyi.web.controller.system.SysMenuController.add()', 'POST', '1', 'admin', null, '/system/menu', '127.0.0.1', '内网IP', '{\"visible\":\"0\",\"icon\":\"guide\",\"orderNum\":10,\"menuName\":\"发起权限\",\"params\":{},\"parentId\":1080,\"isCache\":\"0\",\"path\":\"http://localhost/dev-api/applyAuth/list.html\",\"createBy\":\"admin\",\"children\":[],\"isFrame\":\"1\",\"menuType\":\"C\",\"status\":\"0\"}', '{\"msg\":\"操作成功\",\"code\":200}', '0', null, '2022-03-24 20:00:40');
INSERT INTO `sys_oper_log` VALUES ('83', '菜单管理', '1', 'com.ruoyi.web.controller.system.SysMenuController.add()', 'POST', '1', 'admin', null, '/system/menu', '127.0.0.1', '内网IP', '{\"visible\":\"0\",\"icon\":\"people\",\"orderNum\":11,\"menuName\":\"流程代理\",\"params\":{},\"parentId\":1080,\"isCache\":\"0\",\"path\":\"http://localhost/dev-api/delegate/list.html\",\"createBy\":\"admin\",\"children\":[],\"isFrame\":\"1\",\"menuType\":\"C\",\"status\":\"0\"}', '{\"msg\":\"操作成功\",\"code\":200}', '0', null, '2022-03-24 20:01:18');
INSERT INTO `sys_oper_log` VALUES ('84', '菜单管理', '1', 'com.ruoyi.web.controller.system.SysMenuController.add()', 'POST', '1', 'admin', null, '/system/menu', '127.0.0.1', '内网IP', '{\"visible\":\"0\",\"icon\":\"log\",\"orderNum\":8,\"menuName\":\"代理记录\",\"params\":{},\"parentId\":1062,\"isCache\":\"0\",\"path\":\"http://localhost/dev-api/delegateHistory/list.html\",\"createBy\":\"admin\",\"children\":[],\"isFrame\":\"1\",\"menuType\":\"C\",\"status\":\"0\"}', '{\"msg\":\"操作成功\",\"code\":200}', '0', null, '2022-03-24 20:02:57');
INSERT INTO `sys_oper_log` VALUES ('85', '菜单管理', '2', 'com.ruoyi.web.controller.system.SysMenuController.edit()', 'PUT', '1', 'admin', null, '/system/menu', '127.0.0.1', '内网IP', '{\"visible\":\"0\",\"icon\":\"peoples\",\"orderNum\":6,\"menuName\":\"岗位成员\",\"params\":{},\"parentId\":1080,\"isCache\":\"0\",\"path\":\"http://localhost/dev-api/userPost/list.html\",\"children\":[],\"createTime\":1648123110000,\"updateBy\":\"admin\",\"isFrame\":\"1\",\"menuId\":1094,\"menuType\":\"C\",\"perms\":\"\",\"status\":\"0\"}', '{\"msg\":\"操作成功\",\"code\":200}', '0', null, '2022-03-24 20:04:44');
INSERT INTO `sys_oper_log` VALUES ('86', '菜单管理', '2', 'com.ruoyi.web.controller.system.SysMenuController.edit()', 'PUT', '1', 'admin', null, '/system/menu', '127.0.0.1', '内网IP', '{\"visible\":\"0\",\"icon\":\"button\",\"orderNum\":9,\"menuName\":\"功能按钮\",\"params\":{},\"parentId\":1080,\"isCache\":\"0\",\"path\":\"http://localhost/dev-api/funBtn/list.html\",\"children\":[],\"createTime\":1648123205000,\"updateBy\":\"admin\",\"isFrame\":\"1\",\"menuId\":1096,\"menuType\":\"C\",\"perms\":\"\",\"status\":\"0\"}', '{\"msg\":\"操作成功\",\"code\":200}', '0', null, '2022-03-24 20:05:37');
INSERT INTO `sys_oper_log` VALUES ('87', '菜单管理', '3', 'com.ruoyi.web.controller.system.SysMenuController.remove()', 'DELETE', '1', 'admin', null, '/system/menu/1079', '127.0.0.1', '内网IP', '{menuId=1079}', '{\"msg\":\"操作成功\",\"code\":200}', '0', null, '2022-04-14 22:36:35');
INSERT INTO `sys_oper_log` VALUES ('88', '菜单管理', '2', 'com.ruoyi.web.controller.system.SysMenuController.edit()', 'PUT', '1', 'admin', null, '/system/menu', '127.0.0.1', '内网IP', '{\"visible\":\"0\",\"icon\":\"component\",\"orderNum\":6,\"menuName\":\"流程实例\",\"params\":{},\"parentId\":1062,\"isCache\":\"0\",\"path\":\"http://localhost/dev-api/instance/list.html\",\"children\":[],\"createTime\":1645713381000,\"updateBy\":\"admin\",\"isFrame\":\"1\",\"menuId\":1075,\"menuType\":\"C\",\"perms\":\"\",\"status\":\"0\"}', '{\"msg\":\"操作成功\",\"code\":200}', '0', null, '2022-05-04 21:00:05');
INSERT INTO `sys_oper_log` VALUES ('89', '菜单管理', '2', 'com.ruoyi.web.controller.system.SysMenuController.edit()', 'PUT', '1', 'admin', null, '/system/menu', '127.0.0.1', '内网IP', '{\"visible\":\"0\",\"icon\":\"example\",\"orderNum\":5,\"menuName\":\"流程中心\",\"params\":{},\"parentId\":1062,\"isCache\":\"0\",\"path\":\"http://localhost/dev-api/portal/center.html\",\"children\":[],\"createTime\":1645689765000,\"updateBy\":\"admin\",\"isFrame\":\"1\",\"menuId\":1074,\"menuType\":\"C\",\"perms\":\"\",\"status\":\"0\"}', '{\"msg\":\"操作成功\",\"code\":200}', '0', null, '2022-05-04 21:00:15');
INSERT INTO `sys_oper_log` VALUES ('90', '菜单管理', '2', 'com.ruoyi.web.controller.system.SysMenuController.edit()', 'PUT', '1', 'admin', null, '/system/menu', '127.0.0.1', '内网IP', '{\"visible\":\"0\",\"icon\":\"international\",\"orderNum\":7,\"menuName\":\"门户首页\",\"params\":{},\"parentId\":1062,\"isCache\":\"1\",\"path\":\"http://localhost/dev-api/portal/portlet.html\",\"children\":[],\"createTime\":1645446803000,\"updateBy\":\"admin\",\"isFrame\":\"0\",\"menuId\":1063,\"menuType\":\"C\",\"perms\":\"\",\"status\":\"0\"}', '{\"msg\":\"操作成功\",\"code\":200}', '0', null, '2022-05-04 21:01:54');
INSERT INTO `sys_oper_log` VALUES ('91', '员工请假', '1', 'com.ruoyi.business.controller.BizLeaveController.add()', 'POST', '1', 'admin', null, '/business/leave', '127.0.0.1', '内网IP', '{\"params\":{},\"title\":\"2\",\"createTime\":1651746887230,\"id\":4}', '{\"msg\":\"操作成功\",\"code\":200}', '0', null, '2022-05-05 18:34:47');
INSERT INTO `sys_oper_log` VALUES ('92', '菜单管理', '2', 'com.ruoyi.web.controller.system.SysMenuController.edit()', 'PUT', '1', 'admin', null, '/system/menu', '127.0.0.1', '内网IP', '{\"visible\":\"0\",\"icon\":\"example\",\"orderNum\":5,\"menuName\":\"流程中心\",\"params\":{},\"parentId\":1062,\"isCache\":\"0\",\"path\":\"http://localhost/dev-api/portal/center.html?category=-1\",\"children\":[],\"createTime\":1645689765000,\"updateBy\":\"admin\",\"isFrame\":\"1\",\"menuId\":1074,\"menuType\":\"C\",\"perms\":\"\",\"status\":\"0\"}', '{\"msg\":\"操作成功\",\"code\":200}', '0', null, '2022-05-09 20:15:04');
INSERT INTO `sys_oper_log` VALUES ('93', '菜单管理', '2', 'com.ruoyi.web.controller.system.SysMenuController.edit()', 'PUT', '1', 'admin', null, '/system/menu', '127.0.0.1', '内网IP', '{\"visible\":\"0\",\"icon\":\"example\",\"orderNum\":5,\"menuName\":\"流程中心\",\"params\":{},\"parentId\":1062,\"isCache\":\"0\",\"path\":\"http://localhost/dev-api/portal/center.html\",\"children\":[],\"createTime\":1645689765000,\"updateBy\":\"admin\",\"isFrame\":\"1\",\"menuId\":1074,\"menuType\":\"C\",\"perms\":\"\",\"status\":\"0\"}', '{\"msg\":\"操作成功\",\"code\":200}', '0', null, '2022-05-09 20:15:41');
INSERT INTO `sys_oper_log` VALUES ('94', '用户管理', '1', 'com.ruoyi.web.controller.system.SysUserController.add()', 'POST', '1', 'admin', null, '/system/user', '127.0.0.1', '内网IP', '{\"admin\":false,\"password\":\"$2a$10$.BHSiTiS6MYD6yPFi5ABxe/lDsywDb3WYo960wAq0nxqJGgb3h1qi\",\"postIds\":[],\"nickName\":\"代理小黄\",\"params\":{},\"userName\":\"dlxh\",\"userId\":3,\"createBy\":\"admin\",\"roleIds\":[2],\"status\":\"0\"}', '{\"msg\":\"操作成功\",\"code\":200}', '0', null, '2022-05-20 23:07:15');
INSERT INTO `sys_oper_log` VALUES ('95', '用户管理', '1', 'com.ruoyi.web.controller.system.SysUserController.add()', 'POST', '1', 'admin', null, '/system/user', '127.0.0.1', '内网IP', '{\"admin\":false,\"password\":\"$2a$10$hBiHnIndSfey7eOvgyhu0eg/wWxETuoYjNlXQb4jj9juXk4WFwo4a\",\"postIds\":[],\"nickName\":\"代理小王\",\"params\":{},\"userName\":\"dlxw\",\"userId\":4,\"createBy\":\"admin\",\"roleIds\":[2],\"status\":\"0\"}', '{\"msg\":\"操作成功\",\"code\":200}', '0', null, '2022-05-20 23:07:32');
INSERT INTO `sys_oper_log` VALUES ('96', '角色管理', '2', 'com.ruoyi.web.controller.system.SysRoleController.edit()', 'PUT', '1', 'admin', null, '/system/role', '127.0.0.1', '内网IP', '{\"flag\":false,\"roleId\":2,\"admin\":false,\"remark\":\"普通角色\",\"dataScope\":\"2\",\"delFlag\":\"0\",\"params\":{},\"roleSort\":\"2\",\"deptCheckStrictly\":true,\"createTime\":1645364064000,\"updateBy\":\"admin\",\"menuCheckStrictly\":true,\"roleKey\":\"common\",\"roleName\":\"普通角色\",\"menuIds\":[1062,1,100,1001,1002,1003,1004,1005,1006,1007,101,1008,1009,1010,1011,1012,102,1013,1014,1015,1016,103,1017,1018,1019,1020,104,1021,1022,1023,1024,1025,105,1026,1027,1028,1029,1030,106,1031,1032,1033,1034,1035,107,1036,1037,1038,1039,108,500,1040,1041,1042,501,1043,1044,1045,2,109,1046,1047,1048,110,1049,1050,1051,1052,1053,1054,111,112,113,3,114,115,1055,1056,1058,1057,1059,1060,116,4,1061,1068,1069,1070,1071,1072,1073,1074,1063,1076,1099],\"status\":\"0\"}', '{\"msg\":\"操作成功\",\"code\":200}', '0', null, '2022-05-20 23:25:52');
INSERT INTO `sys_oper_log` VALUES ('97', '员工请假', '1', 'com.ruoyi.business.controller.BizLeaveController.add()', 'POST', '1', 'admin', null, '/business/leave', '127.0.0.1', '内网IP', '{\"params\":{},\"title\":\"会签测试\",\"createTime\":1656673366772,\"id\":5}', '{\"msg\":\"操作成功\",\"code\":200}', '0', null, '2022-07-01 19:02:46');
INSERT INTO `sys_oper_log` VALUES ('98', '员工请假', '1', 'com.ruoyi.business.controller.BizLeaveController.add()', 'POST', '1', 'admin', null, '/business/leave', '127.0.0.1', '内网IP', '{\"reason\":\"啊啊啊\",\"params\":{},\"title\":\"测试\",\"createTime\":1657202293900,\"id\":6}', '{\"msg\":\"操作成功\",\"code\":200}', '0', null, '2022-07-07 21:58:13');
INSERT INTO `sys_oper_log` VALUES ('99', '员工请假', '1', 'com.ruoyi.business.controller.BizLeaveController.add()', 'POST', '1', 'admin', null, '/business/leave', '127.0.0.1', '内网IP', '{\"params\":{},\"title\":\"测试会签\",\"createTime\":1657360494642,\"id\":7}', '{\"msg\":\"操作成功\",\"code\":200}', '0', null, '2022-07-09 17:54:54');

-- ----------------------------
-- Table structure for sys_oss
-- ----------------------------
DROP TABLE IF EXISTS `sys_oss`;
CREATE TABLE `sys_oss` (
  `id` bigint(20) NOT NULL AUTO_INCREMENT,
  `file_name` varchar(64) NOT NULL DEFAULT '' COMMENT '文件名',
  `file_suffix` varchar(10) NOT NULL DEFAULT '' COMMENT '文件后缀名',
  `url` varchar(200) NOT NULL COMMENT 'URL地址',
  `create_time` datetime DEFAULT NULL COMMENT '创建时间',
  `create_by` varchar(64) NOT NULL DEFAULT '' COMMENT '上传人',
  `service` tinyint(2) NOT NULL DEFAULT '1' COMMENT '服务商',
  PRIMARY KEY (`id`)
) ENGINE=InnoDB AUTO_INCREMENT=4 DEFAULT CHARSET=utf8mb4 COMMENT='文件上传';

-- ----------------------------
-- Records of sys_oss
-- ----------------------------
INSERT INTO `sys_oss` VALUES ('1', '申请表.pdf', '.pdf', 'http://oss.xianlutech.com/oss/20220522/***.pdf', '2022-05-22 19:03:28', 'admin', '2');
INSERT INTO `sys_oss` VALUES ('2', 'logo.jpg', '.jpg', 'http://oss.xianlutech.com/oss/20220625/0bfad7085fea445da5f30f8b627c7fad.jpg', '2022-06-25 20:31:51', 'admin', '2');
INSERT INTO `sys_oss` VALUES ('3', 'logo.jpg', '.jpg', 'http://oss.xianlutech.com/oss/20220625/40835126b3f24f35afad0967b7f27891.jpg', '2022-06-25 20:32:14', 'admin', '2');

-- ----------------------------
-- Table structure for sys_post
-- ----------------------------
DROP TABLE IF EXISTS `sys_post`;
CREATE TABLE `sys_post` (
  `post_id` bigint(20) NOT NULL AUTO_INCREMENT COMMENT '岗位ID',
  `post_code` varchar(64) NOT NULL COMMENT '岗位编码',
  `post_name` varchar(50) NOT NULL COMMENT '岗位名称',
  `post_sort` int(4) NOT NULL COMMENT '显示顺序',
  `status` char(1) NOT NULL COMMENT '状态（0正常 1停用）',
  `create_by` varchar(64) DEFAULT '' COMMENT '创建者',
  `create_time` datetime DEFAULT NULL COMMENT '创建时间',
  `update_by` varchar(64) DEFAULT '' COMMENT '更新者',
  `update_time` datetime DEFAULT NULL COMMENT '更新时间',
  `remark` varchar(500) DEFAULT NULL COMMENT '备注',
  PRIMARY KEY (`post_id`)
) ENGINE=InnoDB AUTO_INCREMENT=5 DEFAULT CHARSET=utf8mb4 COMMENT='岗位信息表';

-- ----------------------------
-- Records of sys_post
-- ----------------------------
INSERT INTO `sys_post` VALUES ('1', 'ceo', '董事长', '1', '0', 'admin', '2022-02-20 21:34:24', '', null, '');
INSERT INTO `sys_post` VALUES ('2', 'se', '项目经理', '2', '0', 'admin', '2022-02-20 21:34:24', '', null, '');
INSERT INTO `sys_post` VALUES ('3', 'hr', '人力资源', '3', '0', 'admin', '2022-02-20 21:34:24', '', null, '');
INSERT INTO `sys_post` VALUES ('4', 'user', '普通员工', '4', '0', 'admin', '2022-02-20 21:34:24', '', null, '');

-- ----------------------------
-- Table structure for sys_role
-- ----------------------------
DROP TABLE IF EXISTS `sys_role`;
CREATE TABLE `sys_role` (
  `role_id` bigint(20) NOT NULL AUTO_INCREMENT COMMENT '角色ID',
  `role_name` varchar(30) NOT NULL COMMENT '角色名称',
  `role_key` varchar(100) NOT NULL COMMENT '角色权限字符串',
  `role_sort` int(4) NOT NULL COMMENT '显示顺序',
  `data_scope` char(1) DEFAULT '1' COMMENT '数据范围（1：全部数据权限 2：自定数据权限 3：本部门数据权限 4：本部门及以下数据权限）',
  `menu_check_strictly` tinyint(1) DEFAULT '1' COMMENT '菜单树选择项是否关联显示',
  `dept_check_strictly` tinyint(1) DEFAULT '1' COMMENT '部门树选择项是否关联显示',
  `status` char(1) NOT NULL COMMENT '角色状态（0正常 1停用）',
  `del_flag` char(1) DEFAULT '0' COMMENT '删除标志（0代表存在 2代表删除）',
  `create_by` varchar(64) DEFAULT '' COMMENT '创建者',
  `create_time` datetime DEFAULT NULL COMMENT '创建时间',
  `update_by` varchar(64) DEFAULT '' COMMENT '更新者',
  `update_time` datetime DEFAULT NULL COMMENT '更新时间',
  `remark` varchar(500) DEFAULT NULL COMMENT '备注',
  PRIMARY KEY (`role_id`)
) ENGINE=InnoDB AUTO_INCREMENT=3 DEFAULT CHARSET=utf8mb4 COMMENT='角色信息表';

-- ----------------------------
-- Records of sys_role
-- ----------------------------
INSERT INTO `sys_role` VALUES ('1', '超级管理员', 'admin', '1', '1', '1', '1', '0', '0', 'admin', '2022-02-20 21:34:24', '', null, '超级管理员');
INSERT INTO `sys_role` VALUES ('2', '普通角色', 'common', '2', '2', '1', '1', '0', '0', 'admin', '2022-02-20 21:34:24', 'admin', '2022-05-20 23:25:52', '普通角色');

-- ----------------------------
-- Table structure for sys_role_dept
-- ----------------------------
DROP TABLE IF EXISTS `sys_role_dept`;
CREATE TABLE `sys_role_dept` (
  `role_id` bigint(20) NOT NULL COMMENT '角色ID',
  `dept_id` bigint(20) NOT NULL COMMENT '部门ID',
  PRIMARY KEY (`role_id`,`dept_id`)
) ENGINE=InnoDB DEFAULT CHARSET=utf8mb4 COMMENT='角色和部门关联表';

-- ----------------------------
-- Records of sys_role_dept
-- ----------------------------
INSERT INTO `sys_role_dept` VALUES ('2', '100');
INSERT INTO `sys_role_dept` VALUES ('2', '101');
INSERT INTO `sys_role_dept` VALUES ('2', '105');

-- ----------------------------
-- Table structure for sys_role_menu
-- ----------------------------
DROP TABLE IF EXISTS `sys_role_menu`;
CREATE TABLE `sys_role_menu` (
  `role_id` bigint(20) NOT NULL COMMENT '角色ID',
  `menu_id` bigint(20) NOT NULL COMMENT '菜单ID',
  PRIMARY KEY (`role_id`,`menu_id`)
) ENGINE=InnoDB DEFAULT CHARSET=utf8mb4 COMMENT='角色和菜单关联表';

-- ----------------------------
-- Records of sys_role_menu
-- ----------------------------
INSERT INTO `sys_role_menu` VALUES ('2', '1');
INSERT INTO `sys_role_menu` VALUES ('2', '2');
INSERT INTO `sys_role_menu` VALUES ('2', '3');
INSERT INTO `sys_role_menu` VALUES ('2', '4');
INSERT INTO `sys_role_menu` VALUES ('2', '100');
INSERT INTO `sys_role_menu` VALUES ('2', '101');
INSERT INTO `sys_role_menu` VALUES ('2', '102');
INSERT INTO `sys_role_menu` VALUES ('2', '103');
INSERT INTO `sys_role_menu` VALUES ('2', '104');
INSERT INTO `sys_role_menu` VALUES ('2', '105');
INSERT INTO `sys_role_menu` VALUES ('2', '106');
INSERT INTO `sys_role_menu` VALUES ('2', '107');
INSERT INTO `sys_role_menu` VALUES ('2', '108');
INSERT INTO `sys_role_menu` VALUES ('2', '109');
INSERT INTO `sys_role_menu` VALUES ('2', '110');
INSERT INTO `sys_role_menu` VALUES ('2', '111');
INSERT INTO `sys_role_menu` VALUES ('2', '112');
INSERT INTO `sys_role_menu` VALUES ('2', '113');
INSERT INTO `sys_role_menu` VALUES ('2', '114');
INSERT INTO `sys_role_menu` VALUES ('2', '115');
INSERT INTO `sys_role_menu` VALUES ('2', '116');
INSERT INTO `sys_role_menu` VALUES ('2', '500');
INSERT INTO `sys_role_menu` VALUES ('2', '501');
INSERT INTO `sys_role_menu` VALUES ('2', '1001');
INSERT INTO `sys_role_menu` VALUES ('2', '1002');
INSERT INTO `sys_role_menu` VALUES ('2', '1003');
INSERT INTO `sys_role_menu` VALUES ('2', '1004');
INSERT INTO `sys_role_menu` VALUES ('2', '1005');
INSERT INTO `sys_role_menu` VALUES ('2', '1006');
INSERT INTO `sys_role_menu` VALUES ('2', '1007');
INSERT INTO `sys_role_menu` VALUES ('2', '1008');
INSERT INTO `sys_role_menu` VALUES ('2', '1009');
INSERT INTO `sys_role_menu` VALUES ('2', '1010');
INSERT INTO `sys_role_menu` VALUES ('2', '1011');
INSERT INTO `sys_role_menu` VALUES ('2', '1012');
INSERT INTO `sys_role_menu` VALUES ('2', '1013');
INSERT INTO `sys_role_menu` VALUES ('2', '1014');
INSERT INTO `sys_role_menu` VALUES ('2', '1015');
INSERT INTO `sys_role_menu` VALUES ('2', '1016');
INSERT INTO `sys_role_menu` VALUES ('2', '1017');
INSERT INTO `sys_role_menu` VALUES ('2', '1018');
INSERT INTO `sys_role_menu` VALUES ('2', '1019');
INSERT INTO `sys_role_menu` VALUES ('2', '1020');
INSERT INTO `sys_role_menu` VALUES ('2', '1021');
INSERT INTO `sys_role_menu` VALUES ('2', '1022');
INSERT INTO `sys_role_menu` VALUES ('2', '1023');
INSERT INTO `sys_role_menu` VALUES ('2', '1024');
INSERT INTO `sys_role_menu` VALUES ('2', '1025');
INSERT INTO `sys_role_menu` VALUES ('2', '1026');
INSERT INTO `sys_role_menu` VALUES ('2', '1027');
INSERT INTO `sys_role_menu` VALUES ('2', '1028');
INSERT INTO `sys_role_menu` VALUES ('2', '1029');
INSERT INTO `sys_role_menu` VALUES ('2', '1030');
INSERT INTO `sys_role_menu` VALUES ('2', '1031');
INSERT INTO `sys_role_menu` VALUES ('2', '1032');
INSERT INTO `sys_role_menu` VALUES ('2', '1033');
INSERT INTO `sys_role_menu` VALUES ('2', '1034');
INSERT INTO `sys_role_menu` VALUES ('2', '1035');
INSERT INTO `sys_role_menu` VALUES ('2', '1036');
INSERT INTO `sys_role_menu` VALUES ('2', '1037');
INSERT INTO `sys_role_menu` VALUES ('2', '1038');
INSERT INTO `sys_role_menu` VALUES ('2', '1039');
INSERT INTO `sys_role_menu` VALUES ('2', '1040');
INSERT INTO `sys_role_menu` VALUES ('2', '1041');
INSERT INTO `sys_role_menu` VALUES ('2', '1042');
INSERT INTO `sys_role_menu` VALUES ('2', '1043');
INSERT INTO `sys_role_menu` VALUES ('2', '1044');
INSERT INTO `sys_role_menu` VALUES ('2', '1045');
INSERT INTO `sys_role_menu` VALUES ('2', '1046');
INSERT INTO `sys_role_menu` VALUES ('2', '1047');
INSERT INTO `sys_role_menu` VALUES ('2', '1048');
INSERT INTO `sys_role_menu` VALUES ('2', '1049');
INSERT INTO `sys_role_menu` VALUES ('2', '1050');
INSERT INTO `sys_role_menu` VALUES ('2', '1051');
INSERT INTO `sys_role_menu` VALUES ('2', '1052');
INSERT INTO `sys_role_menu` VALUES ('2', '1053');
INSERT INTO `sys_role_menu` VALUES ('2', '1054');
INSERT INTO `sys_role_menu` VALUES ('2', '1055');
INSERT INTO `sys_role_menu` VALUES ('2', '1056');
INSERT INTO `sys_role_menu` VALUES ('2', '1057');
INSERT INTO `sys_role_menu` VALUES ('2', '1058');
INSERT INTO `sys_role_menu` VALUES ('2', '1059');
INSERT INTO `sys_role_menu` VALUES ('2', '1060');
INSERT INTO `sys_role_menu` VALUES ('2', '1061');
INSERT INTO `sys_role_menu` VALUES ('2', '1062');
INSERT INTO `sys_role_menu` VALUES ('2', '1063');
INSERT INTO `sys_role_menu` VALUES ('2', '1068');
INSERT INTO `sys_role_menu` VALUES ('2', '1069');
INSERT INTO `sys_role_menu` VALUES ('2', '1070');
INSERT INTO `sys_role_menu` VALUES ('2', '1071');
INSERT INTO `sys_role_menu` VALUES ('2', '1072');
INSERT INTO `sys_role_menu` VALUES ('2', '1073');
INSERT INTO `sys_role_menu` VALUES ('2', '1074');
INSERT INTO `sys_role_menu` VALUES ('2', '1076');
INSERT INTO `sys_role_menu` VALUES ('2', '1099');

-- ----------------------------
-- Table structure for sys_user
-- ----------------------------
DROP TABLE IF EXISTS `sys_user`;
CREATE TABLE `sys_user` (
  `user_id` bigint(20) NOT NULL AUTO_INCREMENT COMMENT '用户ID',
  `dept_id` bigint(20) DEFAULT NULL COMMENT '部门ID',
  `user_name` varchar(30) NOT NULL COMMENT '用户账号',
  `nick_name` varchar(30) NOT NULL COMMENT '用户昵称',
  `user_type` varchar(2) DEFAULT '00' COMMENT '用户类型（00系统用户）',
  `email` varchar(50) DEFAULT '' COMMENT '用户邮箱',
  `phonenumber` varchar(11) DEFAULT '' COMMENT '手机号码',
  `sex` char(1) DEFAULT '0' COMMENT '用户性别（0男 1女 2未知）',
  `avatar` varchar(100) DEFAULT '' COMMENT '头像地址',
  `password` varchar(100) DEFAULT '' COMMENT '密码',
  `status` char(1) DEFAULT '0' COMMENT '帐号状态（0正常 1停用）',
  `del_flag` char(1) DEFAULT '0' COMMENT '删除标志（0代表存在 2代表删除）',
  `login_ip` varchar(128) DEFAULT '' COMMENT '最后登录IP',
  `login_date` datetime DEFAULT NULL COMMENT '最后登录时间',
  `create_by` varchar(64) DEFAULT '' COMMENT '创建者',
  `create_time` datetime DEFAULT NULL COMMENT '创建时间',
  `update_by` varchar(64) DEFAULT '' COMMENT '更新者',
  `update_time` datetime DEFAULT NULL COMMENT '更新时间',
  `remark` varchar(500) DEFAULT NULL COMMENT '备注',
  PRIMARY KEY (`user_id`)
) ENGINE=InnoDB AUTO_INCREMENT=5 DEFAULT CHARSET=utf8mb4 COMMENT='用户信息表';

-- ----------------------------
-- Records of sys_user
-- ----------------------------
INSERT INTO `sys_user` VALUES ('1', '103', 'admin', '管理员', '00', 'ry@163.com', '15888888888', '1', '', '$2a$10$7JB720yubVSZvUI0rEqK/.VqGOZTH.ulu33dHOiBE8ByOhJIrdAu2', '0', '0', '127.0.0.1', '2022-09-11 21:43:26', 'admin', '2022-02-20 21:34:24', '', '2022-09-11 21:43:26', '管理员');
INSERT INTO `sys_user` VALUES ('2', '105', 'ry', '若依', '00', 'ry@qq.com', '15666666666', '1', '', '$2a$10$7JB720yubVSZvUI0rEqK/.VqGOZTH.ulu33dHOiBE8ByOhJIrdAu2', '0', '0', '127.0.0.1', '2022-07-16 22:08:28', 'admin', '2022-02-20 21:34:24', '', '2022-07-16 22:08:27', '测试员');
INSERT INTO `sys_user` VALUES ('3', null, 'dlxh', '代理小黄', '00', '', '', '0', '', '$2a$10$.BHSiTiS6MYD6yPFi5ABxe/lDsywDb3WYo960wAq0nxqJGgb3h1qi', '0', '0', '127.0.0.1', '2022-07-02 09:50:55', 'admin', '2022-05-20 23:07:15', '', '2022-07-02 09:50:55', null);
INSERT INTO `sys_user` VALUES ('4', null, 'dlxw', '代理小王', '00', '', '', '0', '', '$2a$10$hBiHnIndSfey7eOvgyhu0eg/wWxETuoYjNlXQb4jj9juXk4WFwo4a', '0', '0', '', null, 'admin', '2022-05-20 23:07:32', '', null, null);

-- ----------------------------
-- Table structure for sys_user_post
-- ----------------------------
DROP TABLE IF EXISTS `sys_user_post`;
CREATE TABLE `sys_user_post` (
  `user_id` bigint(20) NOT NULL COMMENT '用户ID',
  `post_id` bigint(20) NOT NULL COMMENT '岗位ID',
  PRIMARY KEY (`user_id`,`post_id`)
) ENGINE=InnoDB DEFAULT CHARSET=utf8mb4 COMMENT='用户与岗位关联表';

-- ----------------------------
-- Records of sys_user_post
-- ----------------------------
INSERT INTO `sys_user_post` VALUES ('1', '1');
INSERT INTO `sys_user_post` VALUES ('2', '2');

-- ----------------------------
-- Table structure for sys_user_role
-- ----------------------------
DROP TABLE IF EXISTS `sys_user_role`;
CREATE TABLE `sys_user_role` (
  `user_id` bigint(20) NOT NULL COMMENT '用户ID',
  `role_id` bigint(20) NOT NULL COMMENT '角色ID',
  PRIMARY KEY (`user_id`,`role_id`)
) ENGINE=InnoDB DEFAULT CHARSET=utf8mb4 COMMENT='用户和角色关联表';

-- ----------------------------
-- Records of sys_user_role
-- ----------------------------
INSERT INTO `sys_user_role` VALUES ('1', '1');
INSERT INTO `sys_user_role` VALUES ('2', '2');
INSERT INTO `sys_user_role` VALUES ('3', '2');
INSERT INTO `sys_user_role` VALUES ('4', '2');

-- ----------------------------
-- Table structure for test
-- ----------------------------
DROP TABLE IF EXISTS `test`;
CREATE TABLE `test` (
  `id` varchar(36) NOT NULL COMMENT '主键id',
  `username` varchar(255) DEFAULT '' COMMENT '用户名',
  PRIMARY KEY (`id`)
) ENGINE=InnoDB DEFAULT CHARSET=utf8mb4 COMMENT='测试';

-- ----------------------------
-- Records of test
-- ----------------------------
INSERT INTO `test` VALUES ('47b5913d-385a-4303-9d41-c4b2df0c7f57', '张三啊');
INSERT INTO `test` VALUES ('84bbe9aa-7994-4a26-92bd-818b767cec35', '我');
INSERT INTO `test` VALUES ('ae8db70d-b671-4274-9078-828784390c10', '法外狂徒张三');

-- ----------------------------
-- Table structure for test_zbd
-- ----------------------------
DROP TABLE IF EXISTS `test_zbd`;
CREATE TABLE `test_zbd` (
  `id` varchar(36) NOT NULL COMMENT '主键id',
  `engine` varchar(255) DEFAULT '' COMMENT '渲染引擎',
  `version` varchar(255) DEFAULT '' COMMENT '版本',
  `record_id` varchar(36) NOT NULL COMMENT '主表id',
  PRIMARY KEY (`id`)
) ENGINE=InnoDB DEFAULT CHARSET=utf8mb4 COMMENT='子表单';

-- ----------------------------
-- Records of test_zbd
-- ----------------------------
INSERT INTO `test_zbd` VALUES ('64f4c347-1e6c-4f24-89ca-2084e63f787c', 'en', 'ver', '133b77be-d721-4476-a349-4e21e810e933');
INSERT INTO `test_zbd` VALUES ('dea218af-3bfd-494c-96fc-e1fc0dcd58ef', '1', '2', 'ae8db70d-b671-4274-9078-828784390c10');
INSERT INTO `test_zbd` VALUES ('f6aa51e6-34ea-4e4d-8b51-8dbb35ce4b57', 'engine', 'version', 'ee4320c1-43e0-4adb-b894-8b7c24354859');

-- ----------------------------
-- Table structure for wf_apply_auth
-- ----------------------------
DROP TABLE IF EXISTS `wf_apply_auth`;
CREATE TABLE `wf_apply_auth` (
  `id` bigint(20) NOT NULL AUTO_INCREMENT COMMENT '主键ID',
  `key` varchar(100) DEFAULT NULL COMMENT '流程KEY',
  `type` varchar(100) DEFAULT NULL COMMENT '类型(user, role, dept)',
  `user_id` varchar(64) DEFAULT NULL COMMENT '用户ID',
  `role_id` varchar(64) DEFAULT NULL COMMENT '角色ID',
  `dept_id` varchar(64) DEFAULT NULL COMMENT '部门ID',
  PRIMARY KEY (`id`)
) ENGINE=InnoDB AUTO_INCREMENT=2 DEFAULT CHARSET=utf8mb4 COMMENT=' 流程发起权限表';

-- ----------------------------
-- Records of wf_apply_auth
-- ----------------------------
INSERT INTO `wf_apply_auth` VALUES ('1', 'YGQJLC', 'user', 'ry', null, null);

-- ----------------------------
-- Table structure for wf_base_data
-- ----------------------------
DROP TABLE IF EXISTS `wf_base_data`;
CREATE TABLE `wf_base_data` (
  `id` bigint(20) NOT NULL AUTO_INCREMENT,
  `key_` varchar(255) DEFAULT NULL COMMENT 'key',
  `value_` longtext COMMENT 'value',
  `remark` varchar(1024) DEFAULT NULL COMMENT '备注',
  PRIMARY KEY (`id`)
) ENGINE=InnoDB AUTO_INCREMENT=10 DEFAULT CHARSET=utf8 COMMENT='流程基础信息表';

-- ----------------------------
-- Records of wf_base_data
-- ----------------------------
INSERT INTO `wf_base_data` VALUES ('2', 'biz_leave', 'YGQJLC', '业务表流程定义关系');
INSERT INTO `wf_base_data` VALUES ('7', 'biz_leave', '{\"js\":\"new Vue({\n    el: dom.current,\n    data: function () {\n      return {\n        form: {},\n          rules: {},\n          dynamicShow: false\n      };\n    },\n    methods: {\n        getLeave(id) {\n            $.ajax({\n                url: &quot;../business/leave/&quot; + id,\n                headers: headers,\n                contentType: &quot;application/json&quot;,\n                type: &quot;get&quot;,\n                cache: false,\n                async: true,\n                success: (data => {\n                    console.log(&quot;data&quot;, data);\n                    data = data.data;\n                    this.form = data;\n                })\n            }).done(function (data, textStatus) {\n            }).fail(function (jqXHR, textStatus, error) {\n            });\n        }\n    },\n    created() {\n        console.log(&quot;created&quot;);\n        console.log(&quot;businessKey&quot;, args.BUSINESS_KEY_);\n        if (args.NAME_ === &quot;ry审批&quot;) {\n            this.dynamicShow = true;\n        }\n        this.getLeave(args.BUSINESS_KEY_);\n    },\n    watch: {\n        form: {\n            handler(newVal, oldVal) {\n                activitiFormData.totalTime = newVal.totalTime;\n            },\n            deep: true\n        }\n    }\n  });\",\"html\":\"<el-form ref=&quot;form&quot; :model=&quot;form&quot; :rules=&quot;rules&quot; label-width=&quot;80px&quot;>\n    <el-form-item label=&quot;标题&quot; prop=&quot;title&quot;>\n        <el-input v-model=&quot;form.title&quot; placeholder=&quot;请输入标题&quot; readonly />\n    </el-form-item>\n    <el-form-item label=&quot;原因&quot; prop=&quot;reason&quot;>\n        <el-input v-model=&quot;form.reason&quot; type=&quot;textarea&quot; placeholder=&quot;请输入内容&quot; />\n    </el-form-item>\n    <el-form-item label=&quot;开始时间&quot; prop=&quot;startTime&quot;>\n        <el-date-picker clearable size=&quot;small&quot; v-model=&quot;form.startTime&quot; type=&quot;date&quot; value-format=&quot;yyyy-MM-dd&quot;\n            placeholder=&quot;选择开始时间&quot;>\n        </el-date-picker>\n    </el-form-item>\n    <el-form-item label=&quot;结束时间&quot; prop=&quot;endTime&quot;>\n        <el-date-picker clearable size=&quot;small&quot; v-model=&quot;form.endTime&quot; type=&quot;date&quot; value-format=&quot;yyyy-MM-dd&quot;\n            placeholder=&quot;选择结束时间&quot;>\n        </el-date-picker>\n    </el-form-item>\n    <el-form-item label=&quot;请假时长，单位秒&quot; prop=&quot;totalTime&quot;>\n        <el-input v-model=&quot;form.totalTime&quot; placeholder=&quot;请输入请假时长，单位秒&quot; />\n    </el-form-item>\n    <el-form-item label=&quot;实际开始时间&quot; prop=&quot;realityStartTime&quot;>\n        <el-date-picker clearable size=&quot;small&quot; v-model=&quot;form.realityStartTime&quot; type=&quot;date&quot; value-format=&quot;yyyy-MM-dd&quot;\n            placeholder=&quot;选择实际开始时间&quot;>\n        </el-date-picker>\n    </el-form-item>\n    <el-form-item label=&quot;实际结束时间&quot; prop=&quot;realityEndTime&quot; v-if=&quot;dynamicShow&quot;>\n        <el-date-picker clearable size=&quot;small&quot; v-model=&quot;form.realityEndTime&quot; type=&quot;date&quot; value-format=&quot;yyyy-MM-dd&quot;\n            placeholder=&quot;选择实际结束时间&quot;>\n        </el-date-picker>\n    </el-form-item>\n</el-form>\"}', '业务表页面映射关系');
INSERT INTO `wf_base_data` VALUES ('8', 'test', 'YGQJLC', '业务表流程定义关系(在线表单)');
INSERT INTO `wf_base_data` VALUES ('9', 'AttachmentUploadConfig', '{\"type\":2,\"aliyun_domain\":\"http://oss.xianlutech.com\",\"aliyun_prefix\":\"oss\",\"aliyun_end_point\":\"oss-cn-shenzhen.aliyuncs.com\",\"aliyun_access_key_id\":\"***\",\"aliyun_access_key_secret\":\"***\",\"aliyun_bucket_name\":\"xianlu-mall\"}', '附件上传配置');

-- ----------------------------
-- Table structure for wf_business_instance
-- ----------------------------
DROP TABLE IF EXISTS `wf_business_instance`;
CREATE TABLE `wf_business_instance` (
  `id` bigint(20) NOT NULL AUTO_INCREMENT,
  `business_key` varchar(36) DEFAULT NULL COMMENT '业务表id',
  `instance_id` varchar(255) DEFAULT NULL COMMENT '流程实例id',
  `table_code` varchar(255) DEFAULT NULL COMMENT '物理表名',
  `apply_user_id` varchar(255) DEFAULT NULL COMMENT '申请人',
  `apply_user_name` varchar(255) DEFAULT NULL COMMENT '申请人姓名',
  `create_time` datetime DEFAULT NULL COMMENT '创建时间',
  `apply_time` datetime DEFAULT NULL COMMENT '申请时间',
  `type` varchar(255) DEFAULT 'normal' COMMENT '类型（normal业务表单，online在线表单）',
  PRIMARY KEY (`id`)
) ENGINE=InnoDB AUTO_INCREMENT=14 DEFAULT CHARSET=utf8 COMMENT='业务记录流程实例关系表';

-- ----------------------------
-- Records of wf_business_instance
-- ----------------------------
INSERT INTO `wf_business_instance` VALUES ('5', '1', '32505', 'biz_leave', 'admin', '管理员', '2022-05-09 21:03:14', '2022-05-09 21:03:14', 'normal');
INSERT INTO `wf_business_instance` VALUES ('7', '2', '37511', 'biz_leave', 'admin', '管理员', '2022-05-20 23:21:58', '2022-05-20 23:21:58', 'normal');
INSERT INTO `wf_business_instance` VALUES ('8', 'ae8db70d-b671-4274-9078-828784390c10', null, 'test', 'admin', '管理员', '2022-05-22 19:00:30', null, 'online');
INSERT INTO `wf_business_instance` VALUES ('9', '3', '42526', 'biz_leave', 'admin', '管理员', '2022-07-01 18:42:06', '2022-07-01 18:42:06', 'normal');
INSERT INTO `wf_business_instance` VALUES ('11', '5', '45024', 'biz_leave', 'admin', '管理员', '2022-07-01 19:02:55', '2022-07-01 19:02:55', 'normal');
INSERT INTO `wf_business_instance` VALUES ('12', '4', '47503', 'biz_leave', 'admin', '管理员', '2022-07-02 09:55:39', '2022-07-02 09:55:39', 'normal');
INSERT INTO `wf_business_instance` VALUES ('13', '6', '50001', 'biz_leave', 'admin', '管理员', '2022-07-08 09:20:12', '2022-07-08 09:20:12', 'normal');

-- ----------------------------
-- Table structure for wf_category
-- ----------------------------
DROP TABLE IF EXISTS `wf_category`;
CREATE TABLE `wf_category` (
  `id` bigint(20) NOT NULL AUTO_INCREMENT COMMENT 'ID',
  `name` varchar(50) NOT NULL COMMENT '名称',
  `parent_id` bigint(20) DEFAULT '0' COMMENT '上级ID',
  `remark` varchar(500) DEFAULT '' COMMENT '备注',
  `order_num` int(4) DEFAULT '0' COMMENT '显示顺序',
  `ancestors` varchar(100) DEFAULT '' COMMENT '祖级列表',
  PRIMARY KEY (`id`)
) ENGINE=InnoDB AUTO_INCREMENT=2 DEFAULT CHARSET=utf8mb4 COMMENT='流程分类表';

-- ----------------------------
-- Records of wf_category
-- ----------------------------
INSERT INTO `wf_category` VALUES ('1', 'HR人事行政', '0', '人事通常不干人事', '0', '');

-- ----------------------------
-- Table structure for wf_delegate_history
-- ----------------------------
DROP TABLE IF EXISTS `wf_delegate_history`;
CREATE TABLE `wf_delegate_history` (
  `id` bigint(20) NOT NULL AUTO_INCREMENT,
  `assignee` varchar(200) DEFAULT NULL,
  `attorney` varchar(200) DEFAULT NULL,
  `delegate_time` datetime DEFAULT NULL,
  `task_id` varchar(100) DEFAULT NULL,
  `status` int(11) DEFAULT '1',
  PRIMARY KEY (`id`)
) ENGINE=InnoDB AUTO_INCREMENT=25 DEFAULT CHARSET=utf8mb4 COMMENT='委托办理流水记录表';

-- ----------------------------
-- Records of wf_delegate_history
-- ----------------------------
INSERT INTO `wf_delegate_history` VALUES ('18', 'ry', 'dlxh', '2022-05-20 23:21:58', '37518', '1');
INSERT INTO `wf_delegate_history` VALUES ('19', 'ry', 'dlxh', '2022-07-01 18:42:06', '42546', '1');
INSERT INTO `wf_delegate_history` VALUES ('20', 'ry', 'dlxh', '2022-07-01 18:46:05', '42583', '1');
INSERT INTO `wf_delegate_history` VALUES ('21', 'ry', 'dlxh', '2022-07-01 19:00:30', '45015', '1');
INSERT INTO `wf_delegate_history` VALUES ('22', 'ry', 'dlxh', '2022-07-01 19:02:55', '45045', '1');
INSERT INTO `wf_delegate_history` VALUES ('23', 'ry', 'dlxh', '2022-07-02 09:55:39', '47524', '1');
INSERT INTO `wf_delegate_history` VALUES ('24', 'ry', 'dlxh', '2022-07-08 09:20:12', '50022', '1');

-- ----------------------------
-- Table structure for wf_delegate_info
-- ----------------------------
DROP TABLE IF EXISTS `wf_delegate_info`;
CREATE TABLE `wf_delegate_info` (
  `id` bigint(20) NOT NULL AUTO_INCREMENT,
  `assignee` varchar(200) DEFAULT NULL,
  `attorney` varchar(200) DEFAULT NULL,
  `start_time` datetime DEFAULT NULL,
  `end_time` datetime DEFAULT NULL,
  `process_definition_id` varchar(100) DEFAULT NULL,
  `status` int(11) DEFAULT '1',
  `time_range` varchar(100) DEFAULT NULL COMMENT '时间范围',
  PRIMARY KEY (`id`)
) ENGINE=InnoDB AUTO_INCREMENT=4 DEFAULT CHARSET=utf8mb4 COMMENT='委托数据表';

-- ----------------------------
-- Records of wf_delegate_info
-- ----------------------------
INSERT INTO `wf_delegate_info` VALUES ('3', 'ry', 'dlxh', '2022-05-01 00:00:00', '2022-05-31 23:59:59', null, '1', '1651334400,1654012799');

-- ----------------------------
-- Table structure for wf_form
-- ----------------------------
DROP TABLE IF EXISTS `wf_form`;
CREATE TABLE `wf_form` (
  `id` bigint(20) NOT NULL AUTO_INCREMENT COMMENT '主键ID',
  `label` varchar(50) DEFAULT '' COMMENT '名称',
  `path` varchar(500) DEFAULT '' COMMENT '路径',
  `icon` varchar(50) DEFAULT '' COMMENT '图标',
  `schema` longtext COMMENT '表单JSON',
  PRIMARY KEY (`id`)
) ENGINE=InnoDB AUTO_INCREMENT=2 DEFAULT CHARSET=utf8 COMMENT='表单管理';

-- ----------------------------
-- Records of wf_form
-- ----------------------------
INSERT INTO `wf_form` VALUES ('1', '测试', 'test', 'fa fa-slideshare', '{\"type\":\"page\",\"title\":\"你好世界\",\"body\":[{\"type\":\"input-text\",\"label\":\"姓名\",\"name\":\"username\",\"required\":true},{\"type\":\"input-file\",\"label\":\"附件上传\",\"name\":\"attach\",\"btnLabel\":\"请选择文件\",\"receiver\":{\"method\":\"post\",\"headers\":\"${headers}\",\"url\":\"http://localhost:7070/wfForm/upload/attach\"},\"useChunk\":\"auto\",\"chunkSize\":5242880,\"startChunkApi\":\"/api/upload/startChunk\",\"chunkApi\":\"/api/upload/chunk\",\"finishChunkApi\":\"/api/upload/finishChunk\",\"accept\":\"\",\"fileField\":\"file\",\"autoUpload\":true,\"hideUploadButton\":false},{\"type\":\"crud\",\"columns\":[{\"label\":\"渲染引擎\",\"name\":\"engine\",\"type\":\"text\"},{\"type\":\"text\",\"label\":\"版本\",\"name\":\"version\"},{\"type\":\"operation\",\"label\":\"操作\",\"buttons\":[{\"label\":\"编辑\",\"type\":\"button\",\"actionType\":\"dialog\",\"level\":\"link\",\"dialog\":{\"type\":\"dialog\",\"title\":\"编辑\",\"body\":[{\"type\":\"form\",\"api\":\"xxx/update\",\"body\":[{\"name\":\"id\",\"label\":\"ID\",\"type\":\"static\"},{\"name\":\"engine\",\"label\":\"渲染引擎\",\"type\":\"input-text\"},{\"label\":\"版本\",\"name\":\"version\",\"type\":\"input-text\"}]}],\"actions\":[{\"type\":\"submit\",\"label\":\"提交\",\"level\":\"primary\",\"actionType\":\"ajax\",\"api\":{\"method\":\"put\",\"headers\":\"${headers}\",\"url\":\"http://localhost:7070/wfForm/apply/updateDetail/${id}?tableName=${tableName}&title=子表单\",\"dataType\":\"json\"},\"reload\":\"zbd\"}]}},{\"label\":\"查看\",\"type\":\"button\",\"actionType\":\"dialog\",\"level\":\"link\",\"dialog\":{\"title\":\"查看详情\",\"body\":{\"type\":\"form\",\"api\":\"xxx/update\",\"body\":[{\"name\":\"id\",\"label\":\"ID\",\"type\":\"static\"},{\"name\":\"engine\",\"label\":\"渲染引擎\",\"type\":\"static\"},{\"label\":\"版本\",\"name\":\"version\",\"type\":\"static\"}]}}},{\"type\":\"button\",\"label\":\"删除\",\"actionType\":\"ajax\",\"level\":\"link\",\"className\":\"text-danger\",\"confirmText\":\"确定要删除？\",\"api\":\"POST:\"}]}],\"title\":\"子表单\",\"api\":{\"method\":\"get\",\"headers\":\"${headers}\",\"url\":\"http://localhost:7070/wfForm/apply/loadDetailList?tableName=${tableName}&recordId=${recordId}&title=子表单\"},\"bulkActions\":[{\"type\":\"button\",\"level\":\"danger\",\"label\":\"批量删除\",\"actionType\":\"ajax\",\"confirmText\":\"确定要删除？\",\"api\":\"/xxx/batch-delete\"},{\"type\":\"button\",\"label\":\"批量编辑\",\"actionType\":\"dialog\",\"dialog\":{\"title\":\"批量编辑\",\"size\":\"md\",\"body\":[{\"type\":\"form\",\"api\":\"/xxx/bacth-edit\",\"body\":[{\"label\":\"版本\",\"text\":\"字段1\",\"type\":\"input-text\",\"name\":\"version\"}]}],\"type\":\"dialog\",\"actions\":[{\"type\":\"submit\",\"label\":\"提交\",\"level\":\"primary\",\"actionType\":\"ajax\",\"api\":{\"method\":\"put\",\"headers\":\"${headers}\",\"url\":\"http://localhost:7070/wfForm/apply/batchUpdateDetail/${ids|raw}?tableName=${tableName}&title=子表单\",\"dataType\":\"json\"},\"reload\":\"zbd\"}]}}],\"itemActions\":[],\"features\":[\"create\",\"filter\",\"bulkDelete\",\"bulkUpdate\",\"update\",\"view\",\"delete\"],\"headerToolbar\":[{\"label\":\"新增\",\"type\":\"button\",\"actionType\":\"dialog\",\"level\":\"primary\",\"dialog\":{\"title\":\"新增\",\"body\":[{\"type\":\"form\",\"api\":\"POST:\",\"body\":[{\"type\":\"input-text\",\"name\":\"engine\",\"label\":\"渲染引擎\"},{\"type\":\"input-text\",\"name\":\"version\",\"label\":\"版本\"}]}],\"type\":\"dialog\",\"actions\":[{\"type\":\"submit\",\"label\":\"提交\",\"level\":\"primary\",\"actionType\":\"ajax\",\"api\":{\"method\":\"post\",\"headers\":\"${headers}\",\"url\":\"http://localhost:7070/wfForm/apply/saveDetail/${tableName}?recordId=${recordId}&title=子表单\",\"dataType\":\"json\"},\"reload\":\"zbd\"}]}},\"bulkActions\",\"pagination\"],\"perPageAvailable\":[10],\"messages\":{},\"quickSaveItemApi\":\"\",\"name\":\"zbd\",\"initFetch\":\"\"}],\"messages\":{},\"style\":{},\"regions\":[\"body\",\"header\"]}');

-- ----------------------------
-- Table structure for wf_function_button
-- ----------------------------
DROP TABLE IF EXISTS `wf_function_button`;
CREATE TABLE `wf_function_button` (
  `id` bigint(20) NOT NULL AUTO_INCREMENT COMMENT 'ID',
  `name` varchar(50) NOT NULL COMMENT '名称',
  `parent_id` bigint(20) DEFAULT '0' COMMENT '上级ID',
  `remark` varchar(500) DEFAULT '' COMMENT '备注',
  `order_num` int(4) DEFAULT '0' COMMENT '显示顺序',
  `ancestors` varchar(100) DEFAULT '' COMMENT '祖级列表',
  `url` varchar(500) DEFAULT NULL COMMENT '请求url',
  PRIMARY KEY (`id`)
) ENGINE=InnoDB AUTO_INCREMENT=99 DEFAULT CHARSET=utf8mb4 COMMENT='功能按钮表';

-- ----------------------------
-- Records of wf_function_button
-- ----------------------------
INSERT INTO `wf_function_button` VALUES ('1', '基础信息', '0', '', '1', '0', null);
INSERT INTO `wf_function_button` VALUES ('2', '列表', '1', '', '1', '0,1', '/wfBaseData/list,/wfBaseData/getBusinessInstanceMapping,/wfBaseData/getTableCodeByURI,/wfBaseData/getInstanceIdListByTableCode');
INSERT INTO `wf_function_button` VALUES ('3', '新增', '1', '', '2', '0,1', '/wfBaseData/add');
INSERT INTO `wf_function_button` VALUES ('4', '编辑', '1', '', '3', '0,1', '/wfBaseData/update');
INSERT INTO `wf_function_button` VALUES ('5', '删除', '1', '', '4', '0,1', '/wfBaseData/delete');
INSERT INTO `wf_function_button` VALUES ('6', '流程分类', '0', '', '2', '0', null);
INSERT INTO `wf_function_button` VALUES ('7', '列表', '6', '', '1', '0,6', '/wfCategory/list,/wfCategory/treeSelect');
INSERT INTO `wf_function_button` VALUES ('8', '新增', '6', '', '2', '0,6', '/wfCategory/add');
INSERT INTO `wf_function_button` VALUES ('9', '编辑', '6', '', '3', '0,6', '/wfCategory/update');
INSERT INTO `wf_function_button` VALUES ('10', '删除', '6', '', '4', '0,6', '/wfCategory/delete');
INSERT INTO `wf_function_button` VALUES ('11', '流程模型', '0', '', '3', '0', null);
INSERT INTO `wf_function_button` VALUES ('12', '列表', '11', '', '1', '0,11', '/modeler/list,/modeler/getUserList,/modeler/getRoleList');
INSERT INTO `wf_function_button` VALUES ('13', '新增', '11', '', '2', '0,11', '/modeler/create');
INSERT INTO `wf_function_button` VALUES ('14', '编辑', '11', '', '3', '0,11', '/modeler/update,/modeler/batchUpdate,/modeler/editor/stencilset,/modeler/model,/modeler/deploy');
INSERT INTO `wf_function_button` VALUES ('15', '删除', '11', '', '4', '0,11', '/modeler/delete');
INSERT INTO `wf_function_button` VALUES ('16', '流程定义', '0', '', '4', '0', null);
INSERT INTO `wf_function_button` VALUES ('17', '列表', '16', '', '1', '0,16', '/definition/list,/definition/readResource');
INSERT INTO `wf_function_button` VALUES ('18', '新增', '16', '', '2', '0,16', '/definition/upload');
INSERT INTO `wf_function_button` VALUES ('19', '编辑', '16', '', '3', '0,16', '/definition/suspendOrActiveApply,/definition/convert2Model');
INSERT INTO `wf_function_button` VALUES ('20', '删除', '16', '', '4', '0,16', '/definition/delete');
INSERT INTO `wf_function_button` VALUES ('21', '流程中心', '0', '', '5', '0', null);
INSERT INTO `wf_function_button` VALUES ('22', '提交申请', '21', '', '1', '0,21', '/api/process/submitApply');
INSERT INTO `wf_function_button` VALUES ('23', '我的待办', '21', '', '2', '0,21', '/api/process/todoTaskList2');
INSERT INTO `wf_function_button` VALUES ('24', '我参与的', '21', '', '3', '0,21', '/api/process/doneTaskList2');
INSERT INTO `wf_function_button` VALUES ('25', '我发起的', '21', '', '4', '0,21', '/api/process/applyInstanceList2');
INSERT INTO `wf_function_button` VALUES ('26', '我的草稿', '21', '', '5', '0,21', '/api/process/draftApplyList');
INSERT INTO `wf_function_button` VALUES ('27', '审批历史', '21', '', '6', '0,21', '/api/process/historyList');
INSERT INTO `wf_function_button` VALUES ('28', '进度查看', '21', '', '7', '0,21', '/api/process/readResource');
INSERT INTO `wf_function_button` VALUES ('29', '上传附件', '21', '', '8', '0,21', '/api/process/addAttachmentFile');
INSERT INTO `wf_function_button` VALUES ('30', '下载附件', '21', '', '9', '0,21', '/api/process/downloadAttachment');
INSERT INTO `wf_function_button` VALUES ('31', '同意', '21', '', '10', '0,21', '/api/process/complete');
INSERT INTO `wf_function_button` VALUES ('32', '退回', '21', '', '11', '0,21', '/api/process/backNodes,/api/process/doBackNode');
INSERT INTO `wf_function_button` VALUES ('33', '多实例加签', '21', '', '12', '0,21', '/api/process/doAddExecution');
INSERT INTO `wf_function_button` VALUES ('34', '多实例减签', '21', '', '13', '0,21', '/api/process/doDeleteExecution');
INSERT INTO `wf_function_button` VALUES ('35', '流程实例', '0', '', '6', '0', null);
INSERT INTO `wf_function_button` VALUES ('36', '列表', '35', '', '1', '0,35', '/api/instance/list');
INSERT INTO `wf_function_button` VALUES ('37', '撤销', '35', '', '2', '0,35', '/api/instance/cancelApply');
INSERT INTO `wf_function_button` VALUES ('38', '挂起/激活', '35', '', '3', '0,35', '/api/instance/suspendeOrActiveApply');
INSERT INTO `wf_function_button` VALUES ('39', '门户管理', '0', '', '7', '0', null);
INSERT INTO `wf_function_button` VALUES ('40', '获取用户信息', '39', '', '1', '0,39', '/api/portlet/getUserProfile,/api/portlet/getWebsocketOrigin');
INSERT INTO `wf_function_button` VALUES ('41', '待办数量', '39', '', '2', '0,39', '/api/portlet/getTodoDoneApplyCount');
INSERT INTO `wf_function_button` VALUES ('42', '消息列表', '39', '', '3', '0,39', '/api/portlet/getMessageLog,/api/portlet/getMessageLog2,/api/portlet/getMessageLogList');
INSERT INTO `wf_function_button` VALUES ('43', '设为已读', '39', '', '4', '0,39', '/api/portlet/updateIsRead');
INSERT INTO `wf_function_button` VALUES ('44', '催办', '39', '', '5', '0,39', '/api/portlet/doUrgeTask');
INSERT INTO `wf_function_button` VALUES ('45', '消息中心', '0', '', '8', '0', null);
INSERT INTO `wf_function_button` VALUES ('46', '列表', '45', '', '1', '0,45', '/api/portlet/getMessageLogList');
INSERT INTO `wf_function_button` VALUES ('47', '设为已读', '45', '', '2', '0,45', '/api/portlet/updateIsRead,/api/portlet/batchUpdateIsRead');
INSERT INTO `wf_function_button` VALUES ('48', '部门管理', '0', '', '9', '0', null);
INSERT INTO `wf_function_button` VALUES ('49', '列表', '48', '', '1', '0,48', '/wfDept/list,/wfDept/treeSelect');
INSERT INTO `wf_function_button` VALUES ('50', '同步视图', '48', '', '2', '0,48', '/wfDept/syncView');
INSERT INTO `wf_function_button` VALUES ('51', '删除视图', '48', '', '3', '0,48', '/wfDept/delView');
INSERT INTO `wf_function_button` VALUES ('52', '新增', '48', '', '4', '0,48', '/wfDept/add');
INSERT INTO `wf_function_button` VALUES ('53', '删除', '48', '', '5', '0,48', '/wfDept/delete');
INSERT INTO `wf_function_button` VALUES ('54', '岗位管理', '0', '', '10', '0', null);
INSERT INTO `wf_function_button` VALUES ('55', '列表', '54', '', '1', '0,54', '/wfPost/list');
INSERT INTO `wf_function_button` VALUES ('56', '同步视图', '54', '', '2', '0,54', '/wfPost/syncView');
INSERT INTO `wf_function_button` VALUES ('57', '删除视图', '54', '', '3', '0,54', '/wfPost/delView');
INSERT INTO `wf_function_button` VALUES ('58', '新增', '54', '', '4', '0,54', '/wfPost/add');
INSERT INTO `wf_function_button` VALUES ('59', '删除', '54', '', '5', '0,54', '/wfPost/delete');
INSERT INTO `wf_function_button` VALUES ('60', '岗位汇报关系', '0', '', '11', '0', null);
INSERT INTO `wf_function_button` VALUES ('61', '列表', '60', '', '1', '0,60', '/wfPost/postRelationList');
INSERT INTO `wf_function_button` VALUES ('62', '新增', '60', '', '2', '0,60', '/wfPost/addPostRelation');
INSERT INTO `wf_function_button` VALUES ('63', '编辑', '60', '', '3', '0,60', '/wfPost/updatePostRelation,/wfPost/batchUpdatePostRelation');
INSERT INTO `wf_function_button` VALUES ('64', '删除', '60', '', '4', '0,60', '/wfPost/deletePostRelation');
INSERT INTO `wf_function_button` VALUES ('65', '岗位成员', '0', '', '12', '0', null);
INSERT INTO `wf_function_button` VALUES ('66', '列表', '65', '', '1', '0,65', '/wfUserPost/userPostList');
INSERT INTO `wf_function_button` VALUES ('67', '新增', '65', '', '2', '0,65', '/wfUserPost/addUserPost');
INSERT INTO `wf_function_button` VALUES ('68', '编辑', '65', '', '3', '0,65', '/wfUserPost/updateUserPost,/wfUserPost/batchUpdateUserPost');
INSERT INTO `wf_function_button` VALUES ('69', '删除', '65', '', '4', '0,65', '/wfUserPost/deleteUserPost');
INSERT INTO `wf_function_button` VALUES ('70', '部门成员', '0', '', '13', '0', null);
INSERT INTO `wf_function_button` VALUES ('71', '列表', '70', '', '1', '0,70', '/wfUserDept/userDeptList');
INSERT INTO `wf_function_button` VALUES ('72', '新增', '70', '', '2', '0,70', '/wfUserDept/addUserDept');
INSERT INTO `wf_function_button` VALUES ('73', '编辑', '70', '', '3', '0,70', '/wfUserDept/updateUserDept');
INSERT INTO `wf_function_button` VALUES ('74', '删除', '70', '', '4', '0,70', '/wfUserDept/deleteUserDept');
INSERT INTO `wf_function_button` VALUES ('75', '用户组', '0', '', '14', '0', null);
INSERT INTO `wf_function_button` VALUES ('76', '列表', '75', '', '1', '0,70', '/wfUserGroup/list');
INSERT INTO `wf_function_button` VALUES ('77', '新增', '75', '', '2', '0,70', '/wfUserGroup/add');
INSERT INTO `wf_function_button` VALUES ('78', '编辑', '75', '', '3', '0,70', '/wfUserGroup/update');
INSERT INTO `wf_function_button` VALUES ('79', '删除', '75', '', '4', '0,70', '/wfUserGroup/delete');
INSERT INTO `wf_function_button` VALUES ('80', '功能按钮', '0', '', '15', '0', null);
INSERT INTO `wf_function_button` VALUES ('81', '列表', '80', '', '1', '0,80', '/wfAuth/roleList,/wfAuth/treeSelect');
INSERT INTO `wf_function_button` VALUES ('82', '配置', '80', '', '2', '0,80', '/wfAuth/updateFunBtn');
INSERT INTO `wf_function_button` VALUES ('83', '流程代理', '0', '', '15', '0', null);
INSERT INTO `wf_function_button` VALUES ('84', '列表', '83', '', '1', '0,83', '/wfDelegate/list,/wfDelegate/getDelegateHistoryList');
INSERT INTO `wf_function_button` VALUES ('85', '新增', '83', '', '2', '0,83', '/wfDelegate/add');
INSERT INTO `wf_function_button` VALUES ('86', '编辑', '83', '', '3', '0,83', '/wfDelegate/update');
INSERT INTO `wf_function_button` VALUES ('87', '删除', '83', '', '4', '0,83', '/wfDelegate/delete');
INSERT INTO `wf_function_button` VALUES ('88', '流程标题配置', '0', '', '16', '0', null);
INSERT INTO `wf_function_button` VALUES ('89', '列表', '88', '', '1', '0,88', '/wfTitle/list');
INSERT INTO `wf_function_button` VALUES ('90', '新增', '88', '', '2', '0,88', '/wfTitle/add');
INSERT INTO `wf_function_button` VALUES ('91', '编辑', '88', '', '3', '0,88', '/wfTitle/update');
INSERT INTO `wf_function_button` VALUES ('92', '删除', '88', '', '4', '0,88', '/wfTitle/delete');
INSERT INTO `wf_function_button` VALUES ('93', '附件上传配置', '0', '', '17', '0', null);
INSERT INTO `wf_function_button` VALUES ('94', '列表', '93', '', '1', '0,93', '/wfOss/list');
INSERT INTO `wf_function_button` VALUES ('95', '新增', '93', '', '2', '0,93', '/wfOss/add');
INSERT INTO `wf_function_button` VALUES ('96', '编辑', '93', '', '3', '0,93', '/wfOss/update');
INSERT INTO `wf_function_button` VALUES ('97', '删除', '93', '', '4', '0,93', '/wfOss/delete');
INSERT INTO `wf_function_button` VALUES ('98', '上传', '93', '', '5', '0,93', '/wfOss/upload');

-- ----------------------------
-- Table structure for wf_msg_log
-- ----------------------------
DROP TABLE IF EXISTS `wf_msg_log`;
CREATE TABLE `wf_msg_log` (
  `id` bigint(20) NOT NULL AUTO_INCREMENT COMMENT '主键ID',
  `to_user` varchar(255) DEFAULT NULL COMMENT '接收用户',
  `content` text COMMENT '内容',
  `type` tinyint(2) DEFAULT NULL COMMENT '类型（1待办提醒、2催办提醒、3知会提醒、4已审批提醒、5、完成审批提醒、6超时审批提醒）',
  `task_id` varchar(64) DEFAULT NULL COMMENT '任务ID',
  `task_name` varchar(255) DEFAULT NULL COMMENT '任务名称',
  `instance_id` varchar(64) DEFAULT NULL COMMENT '实例ID',
  `instance_name` varchar(255) DEFAULT NULL COMMENT '流程名称',
  `business_key` varchar(36) DEFAULT NULL COMMENT '业务表ID',
  `create_time` datetime DEFAULT NULL COMMENT '创建时间',
  `is_read` bit(1) DEFAULT b'0' COMMENT '0未读，1已读',
  PRIMARY KEY (`id`)
) ENGINE=InnoDB AUTO_INCREMENT=37 DEFAULT CHARSET=utf8 COMMENT='消息提醒表';

-- ----------------------------
-- Records of wf_msg_log
-- ----------------------------
INSERT INTO `wf_msg_log` VALUES ('1', 'ry', '【待办提醒】ry审批', '1', '30024', 'ry审批', '30014', '员工请假流程', '47b5913d-385a-4303-9d41-c4b2df0c7f57', '2022-05-09 20:07:14', '\0');
INSERT INTO `wf_msg_log` VALUES ('2', 'ry', '【待办提醒】ry审批', '1', '32512', 'ry审批', '32505', '员工请假流程', '1', '2022-05-09 21:03:14', '\0');
INSERT INTO `wf_msg_log` VALUES ('3', 'admin', '【已审批提醒】ry审批', '4', '32512', 'ry审批', '32505', '员工请假流程', '1', '2022-05-10 20:06:45', '\0');
INSERT INTO `wf_msg_log` VALUES ('4', 'admin', '【已结束提醒】员工请假流程', '5', '', '已结束', '32505', '员工请假流程', '1', '2022-05-10 20:06:45', '\0');
INSERT INTO `wf_msg_log` VALUES ('5', 'ry', '【待办提醒】ry审批', '1', '35017', 'ry审批', '35007', '员工请假流程', '84bbe9aa-7994-4a26-92bd-818b767cec35', '2022-05-10 20:24:57', '\0');
INSERT INTO `wf_msg_log` VALUES ('6', 'ry', '【催办提醒】ry审批', '2', '35017', 'ry审批', '35007', '员工请假流程', '84bbe9aa-7994-4a26-92bd-818b767cec35', '2022-05-18 21:32:13', '\0');
INSERT INTO `wf_msg_log` VALUES ('7', 'ry', '【待办提醒】ry审批', '1', '37508', 'ry审批', '37501', '员工请假流程', '1', '2022-05-20 23:09:08', '\0');
INSERT INTO `wf_msg_log` VALUES ('8', 'dlxh', '【待办提醒】ry审批', '1', '37518', 'ry审批', '37511', '员工请假流程', '2', '2022-05-20 23:21:58', '\0');
INSERT INTO `wf_msg_log` VALUES ('9', 'admin', '【已审批提醒】ry审批', '4', '37518', 'ry审批', '37511', '员工请假流程', '2', '2022-05-20 23:22:56', '\0');
INSERT INTO `wf_msg_log` VALUES ('10', 'admin', '【已结束提醒】员工请假流程', '5', '', '已结束', '37511', '员工请假流程', '2', '2022-05-20 23:22:56', '\0');
INSERT INTO `wf_msg_log` VALUES ('11', 'admin', '【待办提醒】会签任务', '1', '42544', '会签任务', '42526', '员工请假流程', '3', '2022-07-01 18:42:06', '\0');
INSERT INTO `wf_msg_log` VALUES ('12', 'dlxh', '【待办提醒】会签任务会签任务', '1', '42546', '会签任务', '42526', '员工请假流程', '3', '2022-07-01 18:42:06', '\0');
INSERT INTO `wf_msg_log` VALUES ('13', 'admin', '【待办提醒】会签任务', '1', '42581', '会签任务', '42562', '员工请假流程', '4', '2022-07-01 18:46:05', '\0');
INSERT INTO `wf_msg_log` VALUES ('14', 'dlxh', '【待办提醒】会签任务会签任务', '1', '42583', '会签任务', '42562', '员工请假流程', '4', '2022-07-01 18:46:05', '\0');
INSERT INTO `wf_msg_log` VALUES ('15', 'admin', '【已审批提醒】会签任务', '4', '42581', '会签任务', '42562', '员工请假流程', '4', '2022-07-01 18:46:25', '\0');
INSERT INTO `wf_msg_log` VALUES ('16', 'dlxh', '【待办提醒】会签任务', '1', '42583', '会签任务', '42562', '员工请假流程', '4', '2022-07-01 18:46:25', '\0');
INSERT INTO `wf_msg_log` VALUES ('17', 'dlxh', '【抄送提醒】会签任务', '3', '42581', '会签任务', '42562', '员工请假流程', '4', '2022-07-01 18:46:25', '\0');
INSERT INTO `wf_msg_log` VALUES ('18', 'admin', '【已审批提醒】会签任务', '4', '42583', '会签任务', '42562', '员工请假流程', '4', '2022-07-01 18:59:34', '\0');
INSERT INTO `wf_msg_log` VALUES ('19', 'admin', '【待办提醒】调整申请', '1', '45004', '调整申请', '42562', '员工请假流程', '4', '2022-07-01 18:59:34', '\0');
INSERT INTO `wf_msg_log` VALUES ('20', 'admin', '【已审批提醒】调整申请', '4', '45004', '调整申请', '42562', '员工请假流程', '4', '2022-07-01 19:00:30', '\0');
INSERT INTO `wf_msg_log` VALUES ('21', 'admin', '【待办提醒】会签任务', '1', '45013', '会签任务', '42562', '员工请假流程', '4', '2022-07-01 19:00:30', '\0');
INSERT INTO `wf_msg_log` VALUES ('22', 'dlxh', '【待办提醒】会签任务会签任务', '1', '45015', '会签任务', '42562', '员工请假流程', '4', '2022-07-01 19:00:30', '\0');
INSERT INTO `wf_msg_log` VALUES ('23', 'admin', '【已审批提醒】会签任务', '4', '45013', '会签任务', '42562', '员工请假流程', '4', '2022-07-01 19:00:48', '\0');
INSERT INTO `wf_msg_log` VALUES ('24', 'dlxh', '【待办提醒】会签任务', '1', '45015', '会签任务', '42562', '员工请假流程', '4', '2022-07-01 19:00:48', '\0');
INSERT INTO `wf_msg_log` VALUES ('25', 'admin', '【待办提醒】会签任务', '1', '45043', '会签任务', '45024', '员工请假流程', '5', '2022-07-01 19:02:55', '\0');
INSERT INTO `wf_msg_log` VALUES ('26', 'dlxh', '【待办提醒】会签任务会签任务', '1', '45045', '会签任务', '45024', '员工请假流程', '5', '2022-07-01 19:02:55', '\0');
INSERT INTO `wf_msg_log` VALUES ('27', 'admin', '【已审批提醒】会签任务', '4', '45043', '会签任务', '45024', '员工请假流程', '5', '2022-07-01 19:03:38', '\0');
INSERT INTO `wf_msg_log` VALUES ('28', 'dlxh', '【待办提醒】会签任务', '1', '45045', '会签任务', '45024', '员工请假流程', '5', '2022-07-01 19:03:38', '\0');
INSERT INTO `wf_msg_log` VALUES ('29', 'admin', '【已审批提醒】会签任务', '4', '45045', '会签任务', '45024', '员工请假流程', '5', '2022-07-01 19:03:54', '\0');
INSERT INTO `wf_msg_log` VALUES ('30', 'dlxh', '【待办提醒】dlxh审批', '1', '45059', 'dlxh审批', '45024', '员工请假流程', '5', '2022-07-01 19:03:54', '\0');
INSERT INTO `wf_msg_log` VALUES ('31', 'admin', '【已审批提醒】dlxh审批', '4', '45059', 'dlxh审批', '45024', '员工请假流程', '5', '2022-07-01 19:04:19', '\0');
INSERT INTO `wf_msg_log` VALUES ('32', 'admin', '【已结束提醒】员工请假流程', '5', '', '已结束', '45024', '员工请假流程', '5', '2022-07-01 19:04:19', '\0');
INSERT INTO `wf_msg_log` VALUES ('33', 'admin', '【待办提醒】会签任务', '1', '47522', '会签任务', '47503', '员工请假流程', '4', '2022-07-02 09:55:39', '\0');
INSERT INTO `wf_msg_log` VALUES ('34', 'dlxh', '【待办提醒】会签任务会签任务', '1', '47524', '会签任务', '47503', '员工请假流程', '4', '2022-07-02 09:55:39', '\0');
INSERT INTO `wf_msg_log` VALUES ('35', 'admin', '【待办提醒】会签任务', '1', '50020', '会签任务', '50001', '员工请假流程', '6', '2022-07-08 09:20:12', '\0');
INSERT INTO `wf_msg_log` VALUES ('36', 'dlxh', '【待办提醒】会签任务会签任务', '1', '50022', '会签任务', '50001', '员工请假流程', '6', '2022-07-08 09:20:12', '\0');

-- ----------------------------
-- Table structure for wf_oss_task
-- ----------------------------
DROP TABLE IF EXISTS `wf_oss_task`;
CREATE TABLE `wf_oss_task` (
  `id` bigint(20) NOT NULL AUTO_INCREMENT,
  `oss_id` bigint(20) NOT NULL COMMENT '文件id',
  `task_id` varchar(64) DEFAULT NULL COMMENT '任务ID',
  `instance_id` varchar(64) DEFAULT NULL COMMENT '实例ID',
  PRIMARY KEY (`id`)
) ENGINE=InnoDB DEFAULT CHARSET=utf8mb4 COMMENT='附件任务关系表';

-- ----------------------------
-- Records of wf_oss_task
-- ----------------------------

-- ----------------------------
-- Table structure for wf_post_relation
-- ----------------------------
DROP TABLE IF EXISTS `wf_post_relation`;
CREATE TABLE `wf_post_relation` (
  `id` bigint(20) NOT NULL AUTO_INCREMENT COMMENT 'ID',
  `post_id` bigint(20) DEFAULT NULL COMMENT '岗位ID',
  `super_post_id` bigint(20) DEFAULT NULL COMMENT '上级岗位ID',
  PRIMARY KEY (`id`)
) ENGINE=InnoDB DEFAULT CHARSET=utf8mb4 COMMENT='岗位汇报关系表';

-- ----------------------------
-- Records of wf_post_relation
-- ----------------------------

-- ----------------------------
-- Table structure for wf_role_function
-- ----------------------------
DROP TABLE IF EXISTS `wf_role_function`;
CREATE TABLE `wf_role_function` (
  `id` bigint(20) NOT NULL AUTO_INCREMENT,
  `role_id` varchar(64) NOT NULL COMMENT '角色id',
  `function_id` bigint(20) DEFAULT NULL COMMENT '功能按钮ID',
  PRIMARY KEY (`id`)
) ENGINE=InnoDB AUTO_INCREMENT=87 DEFAULT CHARSET=utf8mb4 COMMENT='角色功能按钮表';

-- ----------------------------
-- Records of wf_role_function
-- ----------------------------
INSERT INTO `wf_role_function` VALUES ('64', 'common', '2');
INSERT INTO `wf_role_function` VALUES ('65', 'common', '7');
INSERT INTO `wf_role_function` VALUES ('66', 'common', '22');
INSERT INTO `wf_role_function` VALUES ('67', 'common', '23');
INSERT INTO `wf_role_function` VALUES ('68', 'common', '24');
INSERT INTO `wf_role_function` VALUES ('69', 'common', '25');
INSERT INTO `wf_role_function` VALUES ('70', 'common', '26');
INSERT INTO `wf_role_function` VALUES ('71', 'common', '27');
INSERT INTO `wf_role_function` VALUES ('72', 'common', '28');
INSERT INTO `wf_role_function` VALUES ('73', 'common', '29');
INSERT INTO `wf_role_function` VALUES ('74', 'common', '30');
INSERT INTO `wf_role_function` VALUES ('75', 'common', '31');
INSERT INTO `wf_role_function` VALUES ('76', 'common', '32');
INSERT INTO `wf_role_function` VALUES ('77', 'common', '33');
INSERT INTO `wf_role_function` VALUES ('78', 'common', '34');
INSERT INTO `wf_role_function` VALUES ('79', 'common', '40');
INSERT INTO `wf_role_function` VALUES ('80', 'common', '41');
INSERT INTO `wf_role_function` VALUES ('81', 'common', '42');
INSERT INTO `wf_role_function` VALUES ('82', 'common', '43');
INSERT INTO `wf_role_function` VALUES ('83', 'common', '44');
INSERT INTO `wf_role_function` VALUES ('84', 'common', '46');
INSERT INTO `wf_role_function` VALUES ('85', 'common', '47');
INSERT INTO `wf_role_function` VALUES ('86', 'common', '84');

-- ----------------------------
-- Table structure for wf_table_attachment
-- ----------------------------
DROP TABLE IF EXISTS `wf_table_attachment`;
CREATE TABLE `wf_table_attachment` (
  `id` bigint(20) NOT NULL AUTO_INCREMENT,
  `table_code` varchar(255) DEFAULT NULL COMMENT '物理表名',
  `field_name` varchar(255) DEFAULT NULL COMMENT '字段名',
  `type` varchar(255) DEFAULT NULL COMMENT '类型（input-file 或者 input-image）',
  PRIMARY KEY (`id`)
) ENGINE=InnoDB AUTO_INCREMENT=2 DEFAULT CHARSET=utf8mb4 COMMENT='业务字段附件表';

-- ----------------------------
-- Records of wf_table_attachment
-- ----------------------------
INSERT INTO `wf_table_attachment` VALUES ('1', 'test', 'attach', 'input-file');

-- ----------------------------
-- Table structure for wf_table_attachment_record
-- ----------------------------
DROP TABLE IF EXISTS `wf_table_attachment_record`;
CREATE TABLE `wf_table_attachment_record` (
  `id` bigint(20) NOT NULL AUTO_INCREMENT,
  `table_attachment_id` bigint(20) DEFAULT NULL COMMENT '业务字段附件id',
  `business_key` varchar(36) DEFAULT NULL COMMENT '业务表id',
  `oss_id` bigint(20) NOT NULL COMMENT '文件id',
  PRIMARY KEY (`id`)
) ENGINE=InnoDB AUTO_INCREMENT=4 DEFAULT CHARSET=utf8mb4 COMMENT='业务字段附件记录表';

-- ----------------------------
-- Records of wf_table_attachment_record
-- ----------------------------
INSERT INTO `wf_table_attachment_record` VALUES ('1', '1', 'ae8db70d-b671-4274-9078-828784390c10', '1');
INSERT INTO `wf_table_attachment_record` VALUES ('2', null, null, '2');
INSERT INTO `wf_table_attachment_record` VALUES ('3', '1', 'ae8db70d-b671-4274-9078-828784390c10', '3');

-- ----------------------------
-- Table structure for wf_task_auto_complete
-- ----------------------------
DROP TABLE IF EXISTS `wf_task_auto_complete`;
CREATE TABLE `wf_task_auto_complete` (
  `id` bigint(20) NOT NULL AUTO_INCREMENT COMMENT 'ID',
  `task_definition_key` varchar(255) DEFAULT NULL COMMENT '任务定义key',
  `instance_id` varchar(255) DEFAULT NULL COMMENT '流程实例ID',
  `status` varchar(255) DEFAULT '未完成' COMMENT '完成状态',
  PRIMARY KEY (`id`)
) ENGINE=InnoDB DEFAULT CHARSET=utf8mb4 COMMENT='任务自动完成表';

-- ----------------------------
-- Records of wf_task_auto_complete
-- ----------------------------

-- ----------------------------
-- Table structure for wf_user_dept
-- ----------------------------
DROP TABLE IF EXISTS `wf_user_dept`;
CREATE TABLE `wf_user_dept` (
  `id` bigint(20) NOT NULL AUTO_INCREMENT COMMENT '主键ID',
  `user_id` varchar(100) DEFAULT NULL COMMENT '用户ID',
  `dept_id` varchar(100) DEFAULT NULL COMMENT '部门ID',
  PRIMARY KEY (`id`)
) ENGINE=InnoDB DEFAULT CHARSET=utf8mb4 COMMENT=' 部门成员表';

-- ----------------------------
-- Records of wf_user_dept
-- ----------------------------

-- ----------------------------
-- Table structure for wf_user_group
-- ----------------------------
DROP TABLE IF EXISTS `wf_user_group`;
CREATE TABLE `wf_user_group` (
  `id` bigint(20) NOT NULL AUTO_INCREMENT COMMENT 'ID',
  `code` varchar(50) NOT NULL COMMENT '编码',
  `name` varchar(50) NOT NULL COMMENT '名称',
  `users` text COMMENT '组成员',
  PRIMARY KEY (`id`)
) ENGINE=InnoDB AUTO_INCREMENT=2 DEFAULT CHARSET=utf8mb4 COMMENT='流程用户组表';

-- ----------------------------
-- Records of wf_user_group
-- ----------------------------
INSERT INTO `wf_user_group` VALUES ('1', 'approve', '审批组', 'admin,ry');

-- ----------------------------
-- Table structure for wf_user_post
-- ----------------------------
DROP TABLE IF EXISTS `wf_user_post`;
CREATE TABLE `wf_user_post` (
  `id` bigint(20) NOT NULL AUTO_INCREMENT COMMENT '主键ID',
  `user_id` varchar(100) DEFAULT NULL COMMENT '用户ID',
  `post_id` varchar(100) DEFAULT NULL COMMENT '岗位ID',
  PRIMARY KEY (`id`)
) ENGINE=InnoDB DEFAULT CHARSET=utf8mb4 COMMENT='岗位成员表';

-- ----------------------------
-- Records of wf_user_post
-- ----------------------------

-- ----------------------------
-- View structure for act_id_group
-- ----------------------------
DROP VIEW IF EXISTS `act_id_group`;
CREATE ALGORITHM=UNDEFINED DEFINER=`root`@`localhost` SQL SECURITY DEFINER VIEW `act_id_group` AS select `r`.`role_key` AS `ID_`,NULL AS `REV_`,`r`.`role_name` AS `NAME_`,'assignment' AS `TYPE_` from `sys_role` `r` ;

-- ----------------------------
-- View structure for act_id_membership
-- ----------------------------
DROP VIEW IF EXISTS `act_id_membership`;
CREATE ALGORITHM=UNDEFINED DEFINER=`root`@`localhost` SQL SECURITY DEFINER VIEW `act_id_membership` AS select (select `u`.`user_name` from `sys_user` `u` where (`u`.`user_id` = `ur`.`user_id`)) AS `USER_ID_`,(select `r`.`role_key` from `sys_role` `r` where (`r`.`role_id` = `ur`.`role_id`)) AS `GROUP_ID_` from `sys_user_role` `ur` ;

-- ----------------------------
-- View structure for act_id_user
-- ----------------------------
DROP VIEW IF EXISTS `act_id_user`;
CREATE ALGORITHM=UNDEFINED DEFINER=`root`@`localhost` SQL SECURITY DEFINER VIEW `act_id_user` AS select `u`.`user_name` AS `ID_`,0 AS `REV_`,`u`.`nick_name` AS `FIRST_`,'' AS `LAST_`,`u`.`email` AS `EMAIL_`,`u`.`password` AS `PWD_`,'' AS `PICTURE_ID_` from `sys_user` `u` ;

-- ----------------------------
-- View structure for wf_dept
-- ----------------------------
DROP VIEW IF EXISTS `wf_dept`;
CREATE ALGORITHM=UNDEFINED DEFINER=`root`@`localhost` SQL SECURITY DEFINER VIEW `wf_dept` AS select `sys_dept`.`dept_id` AS `id`,`sys_dept`.`dept_name` AS `name`,`sys_dept`.`parent_id` AS `parent_id`,`sys_dept`.`order_num` AS `order_num`,'视图' AS `source` from `sys_dept` ;

-- ----------------------------
-- View structure for wf_post
-- ----------------------------
DROP VIEW IF EXISTS `wf_post`;
CREATE ALGORITHM=UNDEFINED DEFINER=`root`@`localhost` SQL SECURITY DEFINER VIEW `wf_post` AS select `sys_post`.`post_id` AS `id`,`sys_post`.`post_code` AS `code`,`sys_post`.`post_name` AS `name`,'视图' AS `source` from `sys_post` ;
